timestamp,alert_level,latitude,longitude,elevation,tinggi_letusan_m,kec_angin_km_jam,arah_angin_deg,amplitudo,duration,volcano_filter_Bromo,volcano_filter_Merapi,volcano_filter_Raung,volcano_filter_Semeru,volcano_filter_Slamet
9,1,-8.10805,112.92,3676,700,10.1,225.0,21,119,0,0,0,1,0
12,1,-8.10805,112.92,3676,800,14.0,67.5,22,131,0,0,0,1,0
11,1,-8.10805,112.92,3676,600,0.7,135.0,22,150,0,0,0,1,0
11,1,-8.10805,112.92,3676,400,5.8,45.0,22,112,0,0,0,1,0
5,1,-8.10805,112.92,3676,1000,12.7,225.0,22,120,0,0,0,1,0
10,1,-8.10805,112.92,3676,700,2.7,270.0,22,193,0,0,0,1,0
10,1,-8.10805,112.92,3676,200,9.4,180.0,20,88,0,0,0,1,0
3,1,-8.10805,112.92,3676,400,0.8,45.0,22,119,0,0,0,1,0
1,1,-8.10805,112.92,3676,500,9.8,135.0,22,145,0,0,0,1,0
1,1,-8.10805,112.92,3676,700,4.4,0.0,22,118,0,0,0,1,0
4,1,-8.10805,112.92,3676,500,1.1,225.0,22,177,0,0,0,1,0
3,1,-8.10805,112.92,3676,600,1.6,225.0,22,120,0,0,0,1,0
5,1,-8.10805,112.92,3676,900,2.4,225.0,22,101,0,0,0,1,0
9,1,-8.10805,112.92,3676,300,7.6,225.0,22,110,0,0,0,1,0
5,1,-8.10805,112.92,3676,1000,1.6,225.0,22,116,0,0,0,1,0
3,1,-7.941944444,112.95,2329,9925,2.6,112.5,9,124,1,0,0,0,0
5,1,-8.10805,112.92,3676,800,2.2,225.0,22,97,0,0,0,1,0
12,1,-8.10805,112.92,3676,500,0.6,225.0,20,84,0,0,0,1,0
6,1,-8.10805,112.92,3676,600,1.9,157.5,22,223,0,0,0,1,0
12,1,-8.10805,112.92,3676,900,11.5,45.0,22,135,0,0,0,1,0
12,1,-8.10805,112.92,3676,600,4.9,0.0,22,105,0,0,0,1,0
12,1,-8.10805,112.92,3676,700,7.0,22.5,20,116,0,0,0,1,0
7,1,-8.125,114.0419444,3332,9941,3.7,0.0,10,56,0,0,1,0,0
1,1,-8.10805,112.92,3676,800,2.1,45.0,22,125,0,0,0,1,0
10,1,-8.10805,112.92,3676,500,8.6,225.0,22,110,0,0,0,1,0
1,1,-8.10805,112.92,3676,700,7.2,0.0,22,118,0,0,0,1,0
3,1,-7.941944444,112.95,2329,8965,9.6,0.0,9,124,1,0,0,0,0
12,1,-8.10805,112.92,3676,800,9.2,90.0,21,125,0,0,0,1,0
12,1,-8.10805,112.92,3676,1000,6.4,180.0,22,123,0,0,0,1,0
1,1,-8.10805,112.92,3676,900,8.4,0.0,22,124,0,0,0,1,0
9,1,-8.10805,112.92,3676,700,3.1,270.0,22,115,0,0,0,1,0
5,1,-8.10805,112.92,3676,400,4.0,270.0,22,145,0,0,0,1,0
2,1,-8.10805,112.92,3676,700,0.6,157.5,22,173,0,0,0,1,0
9,1,-8.10805,112.92,3676,400,8.2,270.0,21,88,0,0,0,1,0
1,1,-8.10805,112.92,3676,1000,6.4,112.5,21,181,0,0,0,1,0
12,1,-8.10805,112.92,3676,1000,6.0,225.0,22,182,0,0,0,1,0
1,1,-8.10805,112.92,3676,900,2.7,0.0,22,110,0,0,0,1,0
9,1,-8.10805,112.92,3676,400,4.6,270.0,22,83,0,0,0,1,0
12,1,-8.10805,112.92,3676,500,3.5,225.0,22,126,0,0,0,1,0
12,1,-8.10805,112.92,3676,700,5.6,0.0,21,125,0,0,0,1,0
2,1,-8.10805,112.92,3676,400,4.2,225.0,22,110,0,0,0,1,0
3,1,-8.10805,112.92,3676,300,2.6,45.0,22,124,0,0,0,1,0
2,1,-8.125,114.0419444,3332,11221,10.5,90.0,9,124,0,0,1,0,0
3,1,-8.10805,112.92,3676,600,5.0,22.5,22,125,0,0,0,1,0
4,1,-8.10805,112.92,3676,700,0.4,225.0,22,125,0,0,0,1,0
9,1,-8.10805,112.92,3676,600,5.8,225.0,20,117,0,0,0,1,0
12,1,-8.10805,112.92,3676,600,5.6,270.0,22,125,0,0,0,1,0
3,1,-8.10805,112.92,3676,1000,1.2,180.0,22,125,0,0,0,1,0
10,1,-8.10805,112.92,3676,300,4.7,225.0,22,146,0,0,0,1,0
7,1,-8.10805,112.92,3676,500,1.5,0.0,22,146,0,0,0,1,0
12,1,-8.10805,112.92,3676,500,6.3,0.0,22,88,0,0,0,1,0
9,1,-8.10805,112.92,3676,800,3.3,0.0,22,99,0,0,0,1,0
12,1,-8.10805,112.92,3676,600,7.7,180.0,22,129,0,0,0,1,0
10,1,-8.10805,112.92,3676,700,0.3,180.0,22,110,0,0,0,1,0
1,1,-8.10805,112.92,3676,700,3.4,22.5,22,190,0,0,0,1,0
5,1,-8.10805,112.92,3676,1000,3.0,225.0,22,179,0,0,0,1,0
12,1,-8.10805,112.92,3676,400,1.8,225.0,22,78,0,0,0,1,0
4,1,-8.10805,112.92,3676,700,1.1,180.0,22,170,0,0,0,1,0
9,1,-8.10805,112.92,3676,700,6.9,225.0,22,167,0,0,0,1,0
3,1,-8.10805,112.92,3676,600,1.0,225.0,22,119,0,0,0,1,0
9,1,-8.10805,112.92,3676,400,1.9,247.5,21,106,0,0,0,1,0
12,1,-8.10805,112.92,3676,400,3.6,225.0,20,78,0,0,0,1,0
10,1,-8.10805,112.92,3676,900,4.2,270.0,22,138,0,0,0,1,0
1,1,-8.10805,112.92,3676,500,4.2,225.0,22,116,0,0,0,1,0
12,1,-8.10805,112.92,3676,1000,3.2,45.0,22,217,0,0,0,1,0
4,1,-8.10805,112.92,3676,500,2.9,0.0,22,107,0,0,0,1,0
5,1,-8.10805,112.92,3676,1000,1.7,270.0,22,167,0,0,0,1,0
4,1,-8.10805,112.92,3676,900,7.5,67.5,21,115,0,0,0,1,0
2,1,-8.10805,112.92,3676,1300,5.4,0.0,22,137,0,0,0,1,0
4,1,-8.10805,112.92,3676,900,5.5,0.0,22,152,0,0,0,1,0
1,1,-8.10805,112.92,3676,500,10.1,45.0,21,131,0,0,0,1,0
12,1,-8.10805,112.92,3676,900,5.8,270.0,22,154,0,0,0,1,0
1,1,-8.10805,112.92,3676,600,4.4,225.0,21,101,0,0,0,1,0
3,1,-8.10805,112.92,3676,500,3.7,45.0,22,135,0,0,0,1,0
11,1,-8.10805,112.92,3676,1000,4.3,22.5,22,157,0,0,0,1,0
4,1,-8.10805,112.92,3676,600,7.3,225.0,22,91,0,0,0,1,0
3,1,-8.10805,112.92,3676,700,8.3,270.0,22,126,0,0,0,1,0
9,1,-8.10805,112.92,3676,900,2.5,315.0,22,126,0,0,0,1,0
4,1,-8.10805,112.92,3676,700,1.4,225.0,22,116,0,0,0,1,0
3,1,-8.10805,112.92,3676,700,1.1,0.0,22,119,0,0,0,1,0
2,1,-8.10805,112.92,3676,900,2.7,45.0,22,106,0,0,0,1,0
12,1,-8.10805,112.92,3676,500,10.6,22.5,23,132,0,0,0,1,0
1,1,-8.10805,112.92,3676,500,6.2,45.0,22,111,0,0,0,1,0
12,1,-8.10805,112.92,3676,800,1.9,0.0,22,92,0,0,0,1,0
12,1,-8.10805,112.92,3676,400,1.1,225.0,21,79,0,0,0,1,0
5,1,-8.10805,112.92,3676,400,1.0,0.0,22,99,0,0,0,1,0
12,1,-8.10805,112.92,3676,900,2.5,45.0,22,126,0,0,0,1,0
6,1,-8.10805,112.92,3676,500,3.0,247.5,22,101,0,0,0,1,0
1,1,-8.10805,112.92,3676,700,6.0,225.0,22,110,0,0,0,1,0
7,1,-8.125,114.0419444,3332,500,0.6,202.5,3,124,0,0,1,0,0
8,1,-8.10805,112.92,3676,500,2.3,202.5,22,128,0,0,0,1,0
3,1,-8.10805,112.92,3676,700,4.9,202.5,22,176,0,0,0,1,0
6,1,-8.125,114.0419444,3332,1500,2.2,90.0,6,124,0,0,1,0,0
12,1,-8.10805,112.92,3676,900,7.0,315.0,22,90,0,0,0,1,0
4,1,-8.10805,112.92,3676,500,0.5,180.0,22,145,0,0,0,1,0
1,1,-8.10805,112.92,3676,800,2.8,135.0,22,102,0,0,0,1,0
8,1,-8.10805,112.92,3676,700,7.2,22.5,22,167,0,0,0,1,0
2,1,-8.10805,112.92,3676,500,4.5,45.0,15,92,0,0,0,1,0
10,1,-8.10805,112.92,3676,600,4.9,225.0,22,137,0,0,0,1,0
1,1,-8.10805,112.92,3676,400,2.5,0.0,20,110,0,0,0,1,0
6,1,-8.10805,112.92,3676,700,8.1,225.0,22,107,0,0,0,1,0
3,1,-8.10805,112.92,3676,1200,5.6,22.5,22,125,0,0,0,1,0
1,1,-8.10805,112.92,3676,500,2.4,22.5,22,141,0,0,0,1,0
12,1,-8.10805,112.92,3676,500,1.8,180.0,22,99,0,0,0,1,0
10,1,-8.10805,112.92,3676,400,2.3,180.0,22,85,0,0,0,1,0
12,1,-8.10805,112.92,3676,500,1.0,225.0,22,89,0,0,0,1,0
11,1,-8.10805,112.92,3676,700,4.5,45.0,22,119,0,0,0,1,0
2,1,-8.10805,112.92,3676,400,2.2,0.0,23,133,0,0,0,1,0
12,1,-8.10805,112.92,3676,800,0.8,22.5,22,108,0,0,0,1,0
12,1,-8.10805,112.92,3676,700,12.0,45.0,21,131,0,0,0,1,0
10,1,-8.10805,112.92,3676,200,3.7,225.0,22,110,0,0,0,1,0
1,1,-8.10805,112.92,3676,700,2.6,270.0,22,154,0,0,0,1,0
3,1,-8.10805,112.92,3676,300,1.3,0.0,20,63,0,0,0,1,0
12,1,-8.10805,112.92,3676,500,5.2,225.0,22,135,0,0,0,1,0
9,1,-8.10805,112.92,3676,700,11.1,225.0,22,125,0,0,0,1,0
2,1,-8.10805,112.92,3676,300,6.0,0.0,22,123,0,0,0,1,0
1,1,-8.10805,112.92,3676,600,8.4,45.0,22,115,0,0,0,1,0
1,1,-8.10805,112.92,3676,500,9.7,135.0,22,126,0,0,0,1,0
1,1,-8.125,114.0419444,3332,11861,11.3,292.0,9,124,0,0,1,0,0
8,1,-8.10805,112.92,3676,1000,5.1,157.5,22,138,0,0,0,1,0
12,1,-8.10805,112.92,3676,500,3.5,0.0,22,98,0,0,0,1,0
12,1,-8.10805,112.92,3676,500,5.8,202.5,22,115,0,0,0,1,0
1,1,-8.10805,112.92,3676,900,6.2,0.0,22,131,0,0,0,1,0
1,1,-8.10805,112.92,3676,900,6.8,45.0,22,138,0,0,0,1,0
3,1,-8.10805,112.92,3676,400,1.7,225.0,22,103,0,0,0,1,0
3,1,-7.941944444,112.95,2329,8645,2.1,121.0,9,124,1,0,0,0,0
1,1,-8.10805,112.92,3676,700,7.0,0.0,22,127,0,0,0,1,0
2,1,-8.10805,112.92,3676,1000,0.6,0.0,22,118,0,0,0,1,0
12,1,-8.10805,112.92,3676,500,5.1,270.0,22,113,0,0,0,1,0
2,1,-8.10805,112.92,3676,700,1.0,315.0,22,152,0,0,0,1,0
1,1,-8.10805,112.92,3676,500,6.1,90.0,22,126,0,0,0,1,0
4,1,-8.10805,112.92,3676,700,2.7,0.0,22,115,0,0,0,1,0
12,1,-8.10805,112.92,3676,600,7.1,180.0,22,115,0,0,0,1,0
1,1,-8.10805,112.92,3676,700,1.3,0.0,22,115,0,0,0,1,0
1,1,-8.10805,112.92,3676,500,1.9,0.0,21,99,0,0,0,1,0
4,1,-8.10805,112.92,3676,500,1.0,22.5,22,128,0,0,0,1,0
12,1,-8.10805,112.92,3676,400,6.4,0.0,19,66,0,0,0,1,0
2,1,-8.10805,112.92,3676,800,1.2,112.5,22,160,0,0,0,1,0
1,1,-8.10805,112.92,3676,500,6.2,45.0,20,123,0,0,0,1,0
6,1,-8.125,114.0419444,3332,1000,3.4,180.0,4,124,0,0,1,0,0
1,1,-8.10805,112.92,3676,600,4.1,247.5,16,99,0,0,0,1,0
5,1,-8.10805,112.92,3676,600,2.3,270.0,22,150,0,0,0,1,0
2,1,-8.10805,112.92,3676,500,0.5,247.5,22,124,0,0,0,1,0
12,1,-8.10805,112.92,3676,1000,4.2,180.0,22,110,0,0,0,1,0
7,1,-8.10805,112.92,3676,700,2.2,0.0,22,172,0,0,0,1,0
1,1,-8.125,114.0419444,3332,11221,6.5,264.0,9,124,0,0,1,0,0
10,1,-8.10805,112.92,3676,100,1.9,270.0,22,152,0,0,0,1,0
1,1,-8.10805,112.92,3676,700,11.6,90.0,21,103,0,0,0,1,0
12,1,-8.10805,112.92,3676,600,7.5,225.0,17,125,0,0,0,1,0
11,1,-8.10805,112.92,3676,700,2.0,0.0,22,158,0,0,0,1,0
1,1,-8.10805,112.92,3676,900,4.0,247.5,22,156,0,0,0,1,0
10,1,-8.10805,112.92,3676,700,0.4,247.5,22,160,0,0,0,1,0
9,1,-8.10805,112.92,3676,500,11.1,0.0,22,118,0,0,0,1,0
2,1,-8.10805,112.92,3676,1000,2.0,22.5,22,154,0,0,0,1,0
12,1,-8.10805,112.92,3676,800,5.4,157.5,22,155,0,0,0,1,0
8,1,-8.10805,112.92,3676,900,3.4,225.0,22,86,0,0,0,1,0
2,1,-8.125,114.0419444,3332,12821,5.4,112.5,9,124,0,0,1,0,0
3,1,-8.10805,112.92,3676,1000,1.2,180.0,22,125,0,0,0,1,0
4,1,-8.10805,112.92,3676,500,1.2,22.5,21,171,0,0,0,1,0
10,1,-8.10805,112.92,3676,600,7.7,225.0,23,106,0,0,0,1,0
10,1,-8.10805,112.92,3676,200,2.5,225.0,20,93,0,0,0,1,0
10,1,-8.10805,112.92,3676,1000,6.3,0.0,22,140,0,0,0,1,0
3,1,-7.941944444,112.95,2329,8645,3.2,117.0,9,124,1,0,0,0,0
1,1,-8.10805,112.92,3676,800,4.0,0.0,22,129,0,0,0,1,0
2,1,-8.10805,112.92,3676,500,1.5,0.0,22,137,0,0,0,1,0
5,1,-8.10805,112.92,3676,700,2.3,247.5,20,140,0,0,0,1,0
6,1,-8.125,114.0419444,3332,1200,7.6,67.5,4,124,0,0,1,0,0
5,1,-8.10805,112.92,3676,700,0.8,270.0,20,128,0,0,0,1,0
4,1,-8.10805,112.92,3676,700,3.7,22.5,22,111,0,0,0,1,0
6,1,-8.125,114.0419444,3332,750,2.7,135.0,4,124,0,0,1,0,0
12,1,-8.10805,112.92,3676,600,1.7,0.0,22,116,0,0,0,1,0
6,1,-8.10805,112.92,3676,600,8.3,225.0,22,88,0,0,0,1,0
4,1,-8.10805,112.92,3676,900,1.8,112.5,22,144,0,0,0,1,0
2,1,-8.10805,112.92,3676,500,6.3,22.5,22,138,0,0,0,1,0
1,1,-8.10805,112.92,3676,800,1.3,225.0,21,142,0,0,0,1,0
8,1,-8.10805,112.92,3676,500,7.0,315.0,22,135,0,0,0,1,0
1,1,-8.10805,112.92,3676,700,6.2,0.0,22,121,0,0,0,1,0
10,1,-8.10805,112.92,3676,600,2.3,180.0,22,92,0,0,0,1,0
8,1,-8.10805,112.92,3676,800,7.2,247.5,21,110,0,0,0,1,0
2,1,-8.10805,112.92,3676,500,0.4,45.0,22,110,0,0,0,1,0
3,1,-8.10805,112.92,3676,1000,1.9,225.0,22,291,0,0,0,1,0
4,1,-7.941944444,112.95,2329,8645,6.1,45.0,9,124,1,0,0,0,0
4,1,-8.10805,112.92,3676,1000,3.9,22.5,22,123,0,0,0,1,0
2,1,-8.10805,112.92,3676,700,4.2,0.0,22,117,0,0,0,1,0
12,1,-8.10805,112.92,3676,800,16.4,90.0,21,131,0,0,0,1,0
12,1,-8.10805,112.92,3676,800,2.9,45.0,22,170,0,0,0,1,0
1,1,-8.10805,112.92,3676,700,3.1,0.0,22,117,0,0,0,1,0
3,1,-8.10805,112.92,3676,400,0.5,180.0,21,99,0,0,0,1,0
4,1,-8.10805,112.92,3676,500,4.9,0.0,22,128,0,0,0,1,0
7,1,-8.10805,112.92,3676,600,4.2,270.0,22,182,0,0,0,1,0
1,1,-8.10805,112.92,3676,800,4.5,0.0,22,128,0,0,0,1,0
9,1,-8.10805,112.92,3676,600,5.5,225.0,21,117,0,0,0,1,0
1,1,-8.10805,112.92,3676,400,2.8,135.0,20,101,0,0,0,1,0
3,1,-7.54194,110.44194,2968,13370,1.0,270.0,40,150,0,1,0,0,0
11,1,-8.10805,112.92,3676,500,2.2,0.0,22,122,0,0,0,1,0
1,1,-8.10805,112.92,3676,500,1.5,0.0,22,142,0,0,0,1,0
12,1,-8.10805,112.92,3676,500,6.1,0.0,22,72,0,0,0,1,0
12,1,-8.10805,112.92,3676,700,0.8,45.0,20,103,0,0,0,1,0
11,1,-8.10805,112.92,3676,500,7.3,45.0,21,96,0,0,0,1,0
2,1,-8.10805,112.92,3676,500,5.3,45.0,22,110,0,0,0,1,0
10,1,-8.10805,112.92,3676,200,5.6,225.0,22,118,0,0,0,1,0
5,2,-7.54194,110.44194,2968,16672,6.4,135.0,76,230,0,1,0,0,0
1,1,-8.10805,112.92,3676,800,6.5,67.5,22,110,0,0,0,1,0
1,1,-8.10805,112.92,3676,800,8.4,247.5,22,124,0,0,0,1,0
12,1,-8.10805,112.92,3676,800,4.5,45.0,15,103,0,0,0,1,0
6,1,-8.10805,112.92,3676,600,2.3,225.0,21,96,0,0,0,1,0
12,1,-8.10805,112.92,3676,600,1.7,0.0,22,115,0,0,0,1,0
5,1,-8.10805,112.92,3676,600,3.8,225.0,22,95,0,0,0,1,0
3,1,-7.941944444,112.95,2329,8965,6.8,90.0,9,124,1,0,0,0,0
3,1,-8.10805,112.92,3676,400,3.0,180.0,22,177,0,0,0,1,0
12,1,-8.10805,112.92,3676,700,1.4,0.0,22,89,0,0,0,1,0
1,1,-8.10805,112.92,3676,600,7.6,0.0,22,152,0,0,0,1,0
12,1,-8.10805,112.92,3676,500,1.1,225.0,22,84,0,0,0,1,0
2,1,-8.10805,112.92,3676,800,8.0,45.0,22,134,0,0,0,1,0
2,1,-8.10805,112.92,3676,900,5.5,22.5,22,118,0,0,0,1,0
10,1,-8.10805,112.92,3676,700,3.3,225.0,22,97,0,0,0,1,0
1,1,-8.10805,112.92,3676,700,6.1,315.0,13,129,0,0,0,1,0
12,1,-8.10805,112.92,3676,600,1.6,225.0,22,115,0,0,0,1,0
1,1,-8.10805,112.92,3676,400,4.2,0.0,19,84,0,0,0,1,0
4,1,-8.10805,112.92,3676,500,1.4,225.0,22,102,0,0,0,1,0
1,1,-8.10805,112.92,3676,800,8.9,112.5,22,120,0,0,0,1,0
10,1,-8.10805,112.92,3676,500,0.8,247.5,22,118,0,0,0,1,0
1,1,-8.10805,112.92,3676,800,11.7,45.0,13,121,0,0,0,1,0
6,1,-8.10805,112.92,3676,500,4.7,0.0,22,127,0,0,0,1,0
9,1,-8.10805,112.92,3676,500,3.2,270.0,22,110,0,0,0,1,0
7,1,-8.10805,112.92,3676,800,4.0,270.0,22,98,0,0,0,1,0
10,1,-8.10805,112.92,3676,500,4.5,270.0,22,174,0,0,0,1,0
12,1,-8.10805,112.92,3676,400,3.1,225.0,22,77,0,0,0,1,0
3,1,-8.10805,112.92,3676,600,4.9,225.0,22,178,0,0,0,1,0
6,1,-8.125,114.0419444,3332,900,3.4,180.0,4,124,0,0,1,0,0
4,3,-7.941944444,112.95,2329,9285,4.6,51.0,8,124,1,0,0,0,0
5,1,-8.10805,112.92,3676,600,1.5,0.0,22,87,0,0,0,1,0
5,1,-8.10805,112.92,3676,400,3.3,0.0,22,96,0,0,0,1,0
6,1,-8.10805,112.92,3676,700,5.1,0.0,22,123,0,0,0,1,0
12,1,-8.10805,112.92,3676,1000,1.5,0.0,22,115,0,0,0,1,0
5,1,-8.10805,112.92,3676,700,2.6,225.0,22,124,0,0,0,1,0
2,1,-8.10805,112.92,3676,700,6.5,90.0,22,132,0,0,0,1,0
12,1,-8.10805,112.92,3676,600,6.9,225.0,22,97,0,0,0,1,0
11,1,-8.10805,112.92,3676,500,0.9,225.0,22,122,0,0,0,1,0
5,3,-7.941944444,112.95,2329,9605,3.7,101.0,9,124,1,0,0,0,0
8,1,-8.10805,112.92,3676,300,2.5,225.0,20,68,0,0,0,1,0
12,1,-8.10805,112.92,3676,900,7.5,225.0,22,121,0,0,0,1,0
11,1,-8.10805,112.92,3676,500,8.7,0.0,22,119,0,0,0,1,0
12,1,-8.10805,112.92,3676,400,2.4,0.0,21,99,0,0,0,1,0
10,1,-8.10805,112.92,3676,300,6.2,225.0,22,100,0,0,0,1,0
3,1,-8.10805,112.92,3676,500,1.4,225.0,22,139,0,0,0,1,0
1,1,-8.10805,112.92,3676,400,8.0,45.0,22,101,0,0,0,1,0
7,1,-8.10805,112.92,3676,800,12.5,270.0,22,170,0,0,0,1,0
9,1,-8.10805,112.92,3676,700,10.0,0.0,22,147,0,0,0,1,0
1,1,-8.10805,112.92,3676,600,7.9,0.0,22,124,0,0,0,1,0
12,1,-8.10805,112.92,3676,700,6.2,45.0,20,122,0,0,0,1,0
12,1,-8.10805,112.92,3676,800,5.4,225.0,22,116,0,0,0,1,0
5,1,-8.10805,112.92,3676,400,2.4,225.0,22,89,0,0,0,1,0
11,1,-8.10805,112.92,3676,700,4.3,225.0,22,145,0,0,0,1,0
3,1,-8.10805,112.92,3676,900,4.9,45.0,21,142,0,0,0,1,0
12,1,-8.10805,112.92,3676,500,5.3,45.0,22,110,0,0,0,1,0
12,1,-8.10805,112.92,3676,500,5.8,270.0,22,120,0,0,0,1,0
5,1,-8.10805,112.92,3676,500,3.7,225.0,22,147,0,0,0,1,0
1,1,-8.10805,112.92,3676,700,4.3,0.0,22,100,0,0,0,1,0
3,1,-8.10805,112.92,3676,600,3.7,0.0,22,122,0,0,0,1,0
1,1,-8.10805,112.92,3676,1000,3.7,67.5,22,167,0,0,0,1,0
12,1,-8.10805,112.92,3676,400,1.0,225.0,22,92,0,0,0,1,0
12,1,-8.10805,112.92,3676,800,8.8,45.0,21,135,0,0,0,1,0
12,1,-8.10805,112.92,3676,800,7.0,315.0,22,128,0,0,0,1,0
1,1,-8.10805,112.92,3676,2000,6.9,112.5,27,696,0,0,0,1,0
2,1,-8.10805,112.92,3676,700,0.0,270.0,21,110,0,0,0,1,0
1,1,-8.10805,112.92,3676,500,0.9,225.0,22,115,0,0,0,1,0
5,1,-8.10805,112.92,3676,400,0.6,225.0,22,87,0,0,0,1,0
1,1,-8.10805,112.92,3676,800,4.2,270.0,22,189,0,0,0,1,0
3,1,-8.10805,112.92,3676,500,1.9,0.0,22,126,0,0,0,1,0
2,1,-8.10805,112.92,3676,900,1.9,225.0,22,114,0,0,0,1,0
6,1,-8.125,114.0419444,3332,400,3.8,180.0,3,124,0,0,1,0,0
12,1,-8.10805,112.92,3676,900,0.8,45.0,22,133,0,0,0,1,0
9,1,-8.10805,112.92,3676,200,5.7,247.5,22,113,0,0,0,1,0
8,1,-7.54194,110.44194,2968,600,10.2,270.0,66,289,0,1,0,0,0
5,1,-8.10805,112.92,3676,600,4.9,270.0,22,121,0,0,0,1,0
12,1,-8.10805,112.92,3676,400,6.1,0.0,22,75,0,0,0,1,0
12,1,-8.10805,112.92,3676,700,1.7,225.0,22,152,0,0,0,1,0
8,1,-8.10805,112.92,3676,700,3.2,180.0,22,98,0,0,0,1,0
1,1,-8.10805,112.92,3676,600,3.8,67.5,21,118,0,0,0,1,0
1,1,-8.10805,112.92,3676,600,5.3,0.0,22,88,0,0,0,1,0
12,1,-8.10805,112.92,3676,500,0.4,180.0,22,125,0,0,0,1,0
5,1,-8.10805,112.92,3676,1000,1.4,337.5,22,120,0,0,0,1,0
12,1,-8.10805,112.92,3676,900,4.3,225.0,2,126,0,0,0,1,0
7,1,-8.10805,112.92,3676,700,2.9,225.0,22,101,0,0,0,1,0
9,1,-8.10805,112.92,3676,500,5.5,247.5,22,124,0,0,0,1,0
12,1,-8.10805,112.92,3676,500,1.0,315.0,21,118,0,0,0,1,0
6,1,-8.125,114.0419444,3332,600,4.0,247.5,3,124,0,0,1,0,0
6,1,-8.10805,112.92,3676,300,9.0,0.0,21,57,0,0,0,1,0
1,1,-8.10805,112.92,3676,700,8.3,0.0,22,115,0,0,0,1,0
12,1,-8.10805,112.92,3676,1000,5.0,45.0,22,128,0,0,0,1,0
10,1,-8.10805,112.92,3676,800,4.3,225.0,22,121,0,0,0,1,0
1,1,-8.10805,112.92,3676,800,4.4,45.0,22,128,0,0,0,1,0
9,1,-8.10805,112.92,3676,400,3.6,247.5,22,112,0,0,0,1,0
1,1,-8.10805,112.92,3676,800,2.7,0.0,22,97,0,0,0,1,0
1,1,-8.10805,112.92,3676,500,10.3,45.0,22,117,0,0,0,1,0
12,1,-8.10805,112.92,3676,500,2.8,225.0,21,109,0,0,0,1,0
11,1,-8.10805,112.92,3676,400,5.2,0.0,21,97,0,0,0,1,0
2,1,-8.10805,112.92,3676,1000,3.1,0.0,22,126,0,0,0,1,0
7,1,-8.10805,112.92,3676,800,3.8,202.5,22,112,0,0,0,1,0
8,1,-8.10805,112.92,3676,400,3.9,225.0,21,66,0,0,0,1,0
1,1,-8.10805,112.92,3676,300,6.4,22.5,20,88,0,0,0,1,0
11,1,-8.10805,112.92,3676,600,0.7,157.5,22,143,0,0,0,1,0
2,1,-8.10805,112.92,3676,700,0.7,337.5,23,133,0,0,0,1,0
10,1,-8.10805,112.92,3676,400,3.4,225.0,22,99,0,0,0,1,0
6,1,-8.10805,112.92,3676,800,3.0,157.5,22,124,0,0,0,1,0
4,1,-8.10805,112.92,3676,500,5.0,225.0,22,118,0,0,0,1,0
4,1,-8.10805,112.92,3676,1300,3.8,247.5,22,142,0,0,0,1,0
3,1,-8.10805,112.92,3676,1000,8.5,22.5,22,179,0,0,0,1,0
11,1,-8.10805,112.92,3676,800,3.0,22.5,22,170,0,0,0,1,0
2,1,-8.10805,112.92,3676,800,1.2,225.0,22,126,0,0,0,1,0
1,1,-8.10805,112.92,3676,600,6.2,0.0,22,116,0,0,0,1,0
11,1,-8.10805,112.92,3676,900,2.2,180.0,22,110,0,0,0,1,0
9,1,-8.10805,112.92,3676,400,2.0,225.0,15,122,0,0,0,1,0
12,1,-8.10805,112.92,3676,400,1.3,45.0,20,127,0,0,0,1,0
1,1,-8.10805,112.92,3676,400,0.9,225.0,18,62,0,0,0,1,0
6,1,-8.10805,112.92,3676,500,2.3,0.0,22,110,0,0,0,1,0
1,1,-8.10805,112.92,3676,1000,10.6,90.0,22,140,0,0,0,1,0
8,1,-8.10805,112.92,3676,700,5.5,202.5,20,143,0,0,0,1,0
2,1,-8.10805,112.92,3676,1200,0.8,225.0,22,139,0,0,0,1,0
7,1,-8.10805,112.92,3676,400,4.0,225.0,22,123,0,0,0,1,0
6,1,-8.10805,112.92,3676,600,4.5,0.0,22,124,0,0,0,1,0
1,1,-8.10805,112.92,3676,400,6.0,45.0,22,155,0,0,0,1,0
2,1,-8.10805,112.92,3676,300,5.3,0.0,22,202,0,0,0,1,0
2,1,-8.10805,112.92,3676,800,4.0,67.5,22,134,0,0,0,1,0
2,1,-8.10805,112.92,3676,700,5.7,0.0,22,200,0,0,0,1,0
9,1,-8.10805,112.92,3676,500,9.0,225.0,22,145,0,0,0,1,0
5,1,-8.10805,112.92,3676,300,2.6,90.0,20,106,0,0,0,1,0
9,1,-8.10805,112.92,3676,300,3.1,225.0,21,88,0,0,0,1,0
12,1,-8.10805,112.92,3676,1100,5.4,225.0,22,129,0,0,0,1,0
3,1,-8.10805,112.92,3676,500,1.3,225.0,21,101,0,0,0,1,0
4,3,-7.941944444,112.95,2329,9605,4.6,51.0,9,124,1,0,0,0,0
2,1,-8.10805,112.92,3676,400,6.1,180.0,22,103,0,0,0,1,0
1,1,-7.54194,110.44194,2968,9210,6.3,225.0,28,154,0,1,0,0,0
6,1,-8.125,114.0419444,3332,400,2.9,270.0,2,124,0,0,1,0,0
1,1,-8.10805,112.92,3676,500,10.8,0.0,22,125,0,0,0,1,0
7,1,-8.10805,112.92,3676,700,5.8,135.0,22,126,0,0,0,1,0
3,1,-8.10805,112.92,3676,1000,1.0,67.5,22,126,0,0,0,1,0
5,1,-8.10805,112.92,3676,600,7.3,157.5,23,123,0,0,0,1,0
12,1,-8.10805,112.92,3676,500,2.3,45.0,20,90,0,0,0,1,0
5,1,-8.10805,112.92,3676,800,0.6,202.5,22,140,0,0,0,1,0
1,1,-8.10805,112.92,3676,1000,6.9,0.0,22,124,0,0,0,1,0
12,1,-8.10805,112.92,3676,600,4.2,225.0,22,118,0,0,0,1,0
10,3,-7.941944444,112.95,2329,9285,4.3,114.0,8,124,1,0,0,0,0
4,1,-8.10805,112.92,3676,800,7.7,45.0,21,126,0,0,0,1,0
12,1,-8.10805,112.92,3676,600,3.1,225.0,22,89,0,0,0,1,0
10,1,-8.10805,112.92,3676,400,5.0,225.0,21,98,0,0,0,1,0
3,1,-8.10805,112.92,3676,500,3.3,225.0,22,129,0,0,0,1,0
12,1,-8.10805,112.92,3676,500,5.4,270.0,22,118,0,0,0,1,0
4,1,-8.10805,112.92,3676,800,6.7,270.0,22,123,0,0,0,1,0
1,1,-8.10805,112.92,3676,700,5.7,270.0,21,124,0,0,0,1,0
3,1,-8.10805,112.92,3676,1000,3.1,225.0,22,111,0,0,0,1,0
1,1,-8.10805,112.92,3676,600,4.3,202.5,22,122,0,0,0,1,0
11,1,-8.10805,112.92,3676,600,3.6,180.0,22,105,0,0,0,1,0
12,1,-8.10805,112.92,3676,900,4.3,225.0,22,128,0,0,0,1,0
12,1,-8.10805,112.92,3676,1000,2.6,315.0,22,160,0,0,0,1,0
4,1,-8.10805,112.92,3676,700,4.4,315.0,23,125,0,0,0,1,0
4,1,-7.941944444,112.95,2329,9605,3.2,135.0,9,124,1,0,0,0,0
1,1,-8.10805,112.92,3676,1000,2.5,0.0,22,123,0,0,0,1,0
5,1,-8.10805,112.92,3676,700,2.8,225.0,22,99,0,0,0,1,0
3,1,-8.10805,112.92,3676,500,2.3,315.0,22,120,0,0,0,1,0
4,1,-7.941944444,112.95,2329,8645,6.1,45.0,9,124,1,0,0,0,0
7,1,-8.10805,112.92,3676,800,3.7,180.0,22,113,0,0,0,1,0
12,1,-8.10805,112.92,3676,1000,0.9,45.0,22,138,0,0,0,1,0
6,1,-8.10805,112.92,3676,500,2.8,202.5,21,96,0,0,0,1,0
12,1,-8.10805,112.92,3676,900,1.8,202.5,22,124,0,0,0,1,0
2,1,-8.10805,112.92,3676,700,10.5,0.0,22,135,0,0,0,1,0
3,1,-8.10805,112.92,3676,200,1.9,135.0,22,121,0,0,0,1,0
1,1,-8.10805,112.92,3676,500,2.0,22.5,22,160,0,0,0,1,0
1,1,-8.10805,112.92,3676,600,9.7,0.0,22,116,0,0,0,1,0
6,1,-7.54194,110.44194,2968,500,4.9,270.0,60,152,0,1,0,0,0
1,1,-8.10805,112.92,3676,800,5.8,0.0,22,107,0,0,0,1,0
8,1,-8.10805,112.92,3676,700,13.3,225.0,22,202,0,0,0,1,0
12,1,-8.10805,112.92,3676,800,2.1,225.0,22,88,0,0,0,1,0
1,1,-8.10805,112.92,3676,700,8.5,0.0,2,122,0,0,0,1,0
3,1,-8.10805,112.92,3676,200,2.1,225.0,20,61,0,0,0,1,0
8,1,-8.10805,112.92,3676,800,12.8,90.0,21,106,0,0,0,1,0
12,1,-8.10805,112.92,3676,700,3.9,225.0,22,86,0,0,0,1,0
4,1,-8.10805,112.92,3676,500,3.3,225.0,22,136,0,0,0,1,0
1,1,-8.10805,112.92,3676,600,3.8,0.0,22,110,0,0,0,1,0
10,1,-8.10805,112.92,3676,500,3.1,225.0,22,124,0,0,0,1,0
2,1,-8.10805,112.92,3676,700,1.9,225.0,20,159,0,0,0,1,0
2,1,-8.10805,112.92,3676,900,10.4,0.0,22,133,0,0,0,1,0
3,1,-8.10805,112.92,3676,500,3.5,0.0,22,140,0,0,0,1,0
4,1,-8.10805,112.92,3676,500,2.1,45.0,22,78,0,0,0,1,0
10,1,-8.10805,112.92,3676,500,7.0,225.0,22,118,0,0,0,1,0
1,1,-8.10805,112.92,3676,400,9.4,45.0,22,110,0,0,0,1,0
1,1,-8.10805,112.92,3676,400,7.1,0.0,19,67,0,0,0,1,0
10,1,-8.10805,112.92,3676,300,5.4,225.0,22,133,0,0,0,1,0
12,1,-8.10805,112.92,3676,800,7.1,337.5,22,96,0,0,0,1,0
7,1,-8.10805,112.92,3676,500,3.0,225.0,21,69,0,0,0,1,0
12,1,-8.10805,112.92,3676,500,2.3,292.5,21,124,0,0,0,1,0
11,1,-8.10805,112.92,3676,800,5.2,0.0,22,115,0,0,0,1,0
12,1,-8.10805,112.92,3676,700,1.7,0.0,22,118,0,0,0,1,0
5,1,-8.10805,112.92,3676,500,0.9,180.0,22,75,0,0,0,1,0
12,1,-8.10805,112.92,3676,500,0.5,225.0,22,128,0,0,0,1,0
6,1,-8.125,114.0419444,3332,750,4.1,247.5,4,124,0,0,1,0,0
3,1,-8.10805,112.92,3676,800,5.9,225.0,22,128,0,0,0,1,0
6,1,-8.125,114.0419444,3332,1000,2.7,180.0,4,124,0,0,1,0,0
12,1,-8.10805,112.92,3676,600,1.8,45.0,22,116,0,0,0,1,0
7,1,-8.10805,112.92,3676,900,2.9,225.0,22,103,0,0,0,1,0
1,1,-8.10805,112.92,3676,600,2.7,0.0,22,87,0,0,0,1,0
11,1,-8.10805,112.92,3676,500,4.7,0.0,22,150,0,0,0,1,0
10,1,-8.10805,112.92,3676,600,4.0,225.0,22,129,0,0,0,1,0
10,1,-8.10805,112.92,3676,600,0.6,225.0,22,134,0,0,0,1,0
9,1,-8.10805,112.92,3676,500,6.1,315.0,22,127,0,0,0,1,0
1,1,-8.125,114.0419444,3332,11221,7.2,90.0,9,124,0,0,1,0,0
12,1,-8.10805,112.92,3676,800,1.0,45.0,22,118,0,0,0,1,0
3,1,-7.54194,110.44194,2968,1500,3.2,135.0,70,160,0,1,0,0,0
1,1,-8.10805,112.92,3676,700,1.7,225.0,21,110,0,0,0,1,0
12,1,-8.10805,112.92,3676,1000,1.8,135.0,22,265,0,0,0,1,0
10,1,-8.10805,112.92,3676,400,2.6,225.0,22,113,0,0,0,1,0
12,1,-8.10805,112.92,3676,700,0.5,180.0,22,110,0,0,0,1,0
3,1,-7.54194,110.44194,2968,2000,4.9,315.0,70,169,0,1,0,0,0
12,1,-8.10805,112.92,3676,600,3.1,0.0,22,136,0,0,0,1,0
10,1,-8.10805,112.92,3676,400,4.7,225.0,20,65,0,0,0,1,0
4,1,-8.10805,112.92,3676,300,8.0,0.0,22,135,0,0,0,1,0
5,0,-7.54194,110.44194,2968,8650,5.1,135.0,29,96,0,1,0,0,0
10,1,-8.10805,112.92,3676,500,4.7,225.0,22,115,0,0,0,1,0
12,1,-8.10805,112.92,3676,1200,1.5,45.0,22,132,0,0,0,1,0
5,1,-8.10805,112.92,3676,700,4.0,157.5,22,150,0,0,0,1,0
1,1,-8.10805,112.92,3676,800,4.5,0.0,22,115,0,0,0,1,0
12,1,-8.10805,112.92,3676,1500,3.6,45.0,22,120,0,0,0,1,0
1,1,-8.10805,112.92,3676,800,6.2,45.0,21,124,0,0,0,1,0
2,1,-8.10805,112.92,3676,600,1.2,0.0,22,123,0,0,0,1,0
7,3,-7.941944444,112.95,2329,9285,5.9,11.0,9,124,1,0,0,0,0
12,1,-8.10805,112.92,3676,800,5.9,112.5,20,107,0,0,0,1,0
3,1,-8.10805,112.92,3676,700,1.9,225.0,22,139,0,0,0,1,0
4,1,-8.10805,112.92,3676,800,8.4,315.0,22,163,0,0,0,1,0
12,1,-8.10805,112.92,3676,700,2.2,45.0,21,122,0,0,0,1,0
9,1,-8.10805,112.92,3676,800,7.5,202.5,21,100,0,0,0,1,0
12,1,-8.10805,112.92,3676,500,9.6,45.0,22,150,0,0,0,1,0
6,1,-8.125,114.0419444,3332,400,6.2,315.0,2,124,0,0,1,0,0
8,1,-8.10805,112.92,3676,800,2.1,225.0,21,150,0,0,0,1,0
4,1,-8.10805,112.92,3676,1000,1.6,112.5,22,117,0,0,0,1,0
12,1,-8.10805,112.92,3676,600,1.1,22.5,22,165,0,0,0,1,0
12,1,-8.10805,112.92,3676,800,5.8,225.0,21,114,0,0,0,1,0
2,1,-8.10805,112.92,3676,1000,6.0,112.5,23,126,0,0,0,1,0
12,1,-8.10805,112.92,3676,600,5.5,225.0,22,117,0,0,0,1,0
11,1,-8.10805,112.92,3676,500,3.2,0.0,22,160,0,0,0,1,0
3,1,-8.10805,112.92,3676,700,0.6,157.5,22,160,0,0,0,1,0
12,1,-8.10805,112.92,3676,700,2.4,225.0,22,155,0,0,0,1,0
12,1,-8.10805,112.92,3676,500,12.0,0.0,22,118,0,0,0,1,0
3,1,-8.10805,112.92,3676,900,1.7,225.0,22,155,0,0,0,1,0
1,1,-8.10805,112.92,3676,500,5.4,202.5,21,136,0,0,0,1,0
2,1,-8.10805,112.92,3676,700,2.7,135.0,22,117,0,0,0,1,0
11,1,-8.10805,112.92,3676,500,1.8,45.0,22,148,0,0,0,1,0
10,1,-8.10805,112.92,3676,300,2.3,225.0,22,89,0,0,0,1,0
9,1,-8.10805,112.92,3676,500,3.1,247.5,20,115,0,0,0,1,0
6,1,-8.125,114.0419444,3332,1000,3.8,135.0,4,124,0,0,1,0,0
12,1,-8.10805,112.92,3676,400,2.4,0.0,22,110,0,0,0,1,0
1,1,-8.10805,112.92,3676,500,0.8,45.0,22,118,0,0,0,1,0
6,1,-8.125,114.0419444,3332,2000,2.4,157.5,4,124,0,0,1,0,0
4,1,-8.10805,112.92,3676,700,2.6,225.0,22,108,0,0,0,1,0
1,1,-8.10805,112.92,3676,600,3.6,225.0,22,148,0,0,0,1,0
2,1,-8.10805,112.92,3676,700,2.8,157.5,22,164,0,0,0,1,0
12,1,-8.10805,112.92,3676,700,5.0,0.0,22,105,0,0,0,1,0
1,1,-8.10805,112.92,3676,400,10.8,135.0,20,117,0,0,0,1,0
1,1,-8.10805,112.92,3676,400,4.2,0.0,22,108,0,0,0,1,0
3,1,-8.10805,112.92,3676,700,4.8,247.5,22,134,0,0,0,1,0
12,1,-8.10805,112.92,3676,400,0.6,225.0,19,75,0,0,0,1,0
2,1,-8.10805,112.92,3676,800,5.1,112.5,21,107,0,0,0,1,0
11,1,-8.10805,112.92,3676,400,1.3,180.0,21,72,0,0,0,1,0
9,1,-8.10805,112.92,3676,400,1.8,225.0,22,118,0,0,0,1,0
2,1,-7.54194,110.44194,2968,14970,3.6,315.0,75,105,0,1,0,0,0
12,1,-8.10805,112.92,3676,900,9.7,45.0,22,108,0,0,0,1,0
2,1,-8.10805,112.92,3676,700,9.3,0.0,22,128,0,0,0,1,0
4,1,-8.10805,112.92,3676,800,2.7,22.5,22,135,0,0,0,1,0
10,1,-8.10805,112.92,3676,500,10.1,225.0,22,122,0,0,0,1,0
5,1,-8.10805,112.92,3676,700,2.3,270.0,22,103,0,0,0,1,0
5,1,-8.10805,112.92,3676,500,3.9,180.0,21,57,0,0,0,1,0
2,1,-8.10805,112.92,3676,700,0.4,45.0,22,125,0,0,0,1,0
12,1,-8.10805,112.92,3676,500,1.3,337.5,22,124,0,0,0,1,0
12,1,-8.10805,112.92,3676,600,4.6,180.0,22,97,0,0,0,1,0
3,1,-8.10805,112.92,3676,400,2.2,0.0,21,115,0,0,0,1,0
2,1,-8.10805,112.92,3676,200,6.8,45.0,22,124,0,0,0,1,0
5,1,-8.10805,112.92,3676,500,5.2,180.0,22,100,0,0,0,1,0
12,1,-8.10805,112.92,3676,800,2.7,292.5,22,129,0,0,0,1,0
9,1,-8.10805,112.92,3676,700,13.3,225.0,22,155,0,0,0,1,0
3,1,-8.10805,112.92,3676,400,5.7,225.0,22,106,0,0,0,1,0
12,1,-8.10805,112.92,3676,500,0.6,180.0,22,150,0,0,0,1,0
3,1,-8.10805,112.92,3676,600,0.9,180.0,21,115,0,0,0,1,0
4,1,-8.10805,112.92,3676,700,7.3,225.0,22,94,0,0,0,1,0
10,1,-8.10805,112.92,3676,500,1.9,0.0,21,88,0,0,0,1,0
12,1,-8.10805,112.92,3676,300,4.6,180.0,20,78,0,0,0,1,0
5,1,-8.10805,112.92,3676,800,2.1,225.0,22,101,0,0,0,1,0
3,1,-8.10805,112.92,3676,700,3.1,225.0,21,132,0,0,0,1,0
12,1,-8.10805,112.92,3676,400,1.8,225.0,22,75,0,0,0,1,0
1,1,-8.10805,112.92,3676,800,1.7,247.5,22,126,0,0,0,1,0
9,1,-8.10805,112.92,3676,600,10.6,225.0,21,177,0,0,0,1,0
3,1,-7.54194,110.44194,2968,1200,7.1,90.0,65,133,0,1,0,0,0
3,1,-7.54194,110.44194,2968,3000,9.6,315.0,70,202,0,1,0,0,0
12,1,-8.10805,112.92,3676,400,6.9,180.0,22,95,0,0,0,1,0
3,1,-7.941944444,112.95,2329,10565,2.2,171.0,9,124,1,0,0,0,0
5,1,-8.10805,112.92,3676,1200,0.9,157.5,22,137,0,0,0,1,0
8,1,-8.10805,112.92,3676,700,1.7,225.0,22,98,0,0,0,1,0
12,1,-8.10805,112.92,3676,700,2.8,225.0,21,125,0,0,0,1,0
5,3,-8.125,114.0419444,3332,1250,2.9,202.5,5,124,0,0,1,0,0
12,1,-8.10805,112.92,3676,300,3.1,45.0,22,176,0,0,0,1,0
5,1,-8.10805,112.92,3676,900,2.8,180.0,22,95,0,0,0,1,0
5,2,-7.54194,110.44194,2968,27770,1.8,270.0,75,433,0,1,0,0,0
1,1,-8.10805,112.92,3676,500,5.9,22.5,22,115,0,0,0,1,0
10,1,-8.10805,112.92,3676,100,5.0,270.0,22,123,0,0,0,1,0
12,1,-8.10805,112.92,3676,300,1.8,45.0,22,148,0,0,0,1,0
5,1,-8.10805,112.92,3676,700,3.9,0.0,22,110,0,0,0,1,0
9,1,-8.10805,112.92,3676,600,5.6,270.0,22,128,0,0,0,1,0
4,1,-8.10805,112.92,3676,700,10.3,0.0,22,158,0,0,0,1,0
7,1,-8.10805,112.92,3676,1000,1.8,135.0,22,110,0,0,0,1,0
8,1,-8.10805,112.92,3676,500,1.0,0.0,22,109,0,0,0,1,0
1,1,-8.10805,112.92,3676,700,2.9,45.0,22,149,0,0,0,1,0
9,1,-8.10805,112.92,3676,700,10.7,180.0,22,129,0,0,0,1,0
3,1,-7.54194,110.44194,2968,3000,8.6,315.0,75,202,0,1,0,0,0
12,1,-8.10805,112.92,3676,700,6.3,0.0,22,99,0,0,0,1,0
6,1,-8.10805,112.92,3676,700,6.2,292.5,22,130,0,0,0,1,0
11,1,-7.54194,110.44194,2968,11770,9.1,270.0,70,155,0,1,0,0,0
12,1,-8.10805,112.92,3676,700,1.1,45.0,22,87,0,0,0,1,0
10,1,-8.10805,112.92,3676,700,3.2,225.0,22,120,0,0,0,1,0
2,1,-8.10805,112.92,3676,900,5.5,22.5,21,84,0,0,0,1,0
2,1,-8.10805,112.92,3676,800,2.8,135.0,22,118,0,0,0,1,0
2,1,-8.10805,112.92,3676,800,2.3,0.0,22,119,0,0,0,1,0
12,1,-8.10805,112.92,3676,700,3.1,225.0,22,102,0,0,0,1,0
2,1,-8.10805,112.92,3676,800,2.7,0.0,22,115,0,0,0,1,0
12,1,-8.10805,112.92,3676,700,2.8,0.0,22,132,0,0,0,1,0
12,1,-8.10805,112.92,3676,800,6.9,112.5,22,140,0,0,0,1,0
1,1,-8.10805,112.92,3676,800,9.8,45.0,22,156,0,0,0,1,0
2,1,-8.10805,112.92,3676,500,3.3,45.0,22,122,0,0,0,1,0
5,1,-8.10805,112.92,3676,500,0.2,225.0,22,153,0,0,0,1,0
6,1,-8.10805,112.92,3676,600,2.9,0.0,22,72,0,0,0,1,0
2,1,-8.10805,112.92,3676,2000,5.5,22.5,25,2388,0,0,0,1,0
6,1,-8.10805,112.92,3676,700,10.0,270.0,22,191,0,0,0,1,0
1,1,-8.10805,112.92,3676,500,9.0,22.5,22,120,0,0,0,1,0
2,1,-8.10805,112.92,3676,600,1.6,225.0,22,125,0,0,0,1,0
5,1,-8.10805,112.92,3676,600,5.3,315.0,22,97,0,0,0,1,0
2,1,-8.10805,112.92,3676,600,15.4,45.0,21,96,0,0,0,1,0
12,1,-8.10805,112.92,3676,1000,1.5,22.5,22,115,0,0,0,1,0
10,1,-8.10805,112.92,3676,200,5.9,270.0,21,110,0,0,0,1,0
12,1,-8.10805,112.92,3676,700,2.7,22.5,21,117,0,0,0,1,0
1,1,-8.10805,112.92,3676,500,8.8,22.5,22,144,0,0,0,1,0
2,1,-8.10805,112.92,3676,500,6.5,90.0,18,78,0,0,0,1,0
2,1,-8.10805,112.92,3676,500,1.4,180.0,22,134,0,0,0,1,0
3,1,-8.10805,112.92,3676,500,8.8,45.0,23,148,0,0,0,1,0
10,1,-8.10805,112.92,3676,400,13.3,225.0,22,111,0,0,0,1,0
3,1,-8.10805,112.92,3676,800,6.2,180.0,22,138,0,0,0,1,0
2,1,-8.10805,112.92,3676,800,3.6,157.5,20,113,0,0,0,1,0
9,1,-8.10805,112.92,3676,500,10.3,247.5,21,124,0,0,0,1,0
10,1,-8.10805,112.92,3676,600,1.8,270.0,19,103,0,0,0,1,0
1,1,-8.10805,112.92,3676,700,3.6,22.5,22,119,0,0,0,1,0
6,1,-8.10805,112.92,3676,600,4.5,225.0,22,90,0,0,0,1,0
1,1,-8.10805,112.92,3676,500,1.0,45.0,22,125,0,0,0,1,0
4,1,-8.10805,112.92,3676,700,8.0,22.5,22,151,0,0,0,1,0
2,1,-8.10805,112.92,3676,1000,8.5,0.0,22,137,0,0,0,1,0
2,1,-8.10805,112.92,3676,600,2.7,45.0,22,101,0,0,0,1,0
3,1,-8.10805,112.92,3676,400,4.0,67.5,22,141,0,0,0,1,0
2,1,-8.10805,112.92,3676,600,7.1,45.0,22,121,0,0,0,1,0
8,1,-8.10805,112.92,3676,500,2.2,180.0,22,133,0,0,0,1,0
2,1,-8.10805,112.92,3676,500,9.3,0.0,22,122,0,0,0,1,0
1,1,-8.10805,112.92,3676,500,3.5,0.0,21,101,0,0,0,1,0
1,1,-8.10805,112.92,3676,700,2.7,0.0,22,89,0,0,0,1,0
12,1,-8.10805,112.92,3676,700,12.0,0.0,22,122,0,0,0,1,0
8,1,-8.10805,112.92,3676,800,2.5,180.0,22,89,0,0,0,1,0
5,1,-8.10805,112.92,3676,700,1.4,225.0,22,97,0,0,0,1,0
12,1,-8.10805,112.92,3676,600,1.1,225.0,22,102,0,0,0,1,0
5,1,-8.10805,112.92,3676,500,3.7,225.0,22,147,0,0,0,1,0
10,1,-8.10805,112.92,3676,700,5.1,225.0,22,158,0,0,0,1,0
4,1,-8.10805,112.92,3676,600,0.4,225.0,22,125,0,0,0,1,0
4,1,-8.10805,112.92,3676,600,4.3,247.5,22,121,0,0,0,1,0
5,1,-8.10805,112.92,3676,600,1.3,180.0,22,126,0,0,0,1,0
1,1,-8.10805,112.92,3676,800,1.0,202.5,23,125,0,0,0,1,0
3,1,-8.10805,112.92,3676,1100,0.9,180.0,22,127,0,0,0,1,0
3,1,-8.10805,112.92,3676,900,1.1,180.0,22,121,0,0,0,1,0
1,1,-8.10805,112.92,3676,500,1.1,45.0,22,134,0,0,0,1,0
4,1,-8.10805,112.92,3676,500,2.4,225.0,22,119,0,0,0,1,0
4,1,-8.10805,112.92,3676,400,9.2,225.0,21,115,0,0,0,1,0
3,1,-8.10805,112.92,3676,400,1.0,45.0,22,110,0,0,0,1,0
7,1,-8.10805,112.92,3676,1000,16.4,247.5,22,214,0,0,0,1,0
1,1,-8.10805,112.92,3676,300,4.3,0.0,22,88,0,0,0,1,0
12,1,-8.10805,112.92,3676,700,3.3,45.0,21,97,0,0,0,1,0
4,1,-8.10805,112.92,3676,400,0.9,225.0,21,102,0,0,0,1,0
2,1,-8.10805,112.92,3676,1000,1.7,90.0,22,118,0,0,0,1,0
2,1,-8.10805,112.92,3676,1000,4.7,112.5,22,112,0,0,0,1,0
10,1,-8.10805,112.92,3676,400,7.6,180.0,21,72,0,0,0,1,0
2,1,-8.10805,112.92,3676,400,4.2,45.0,20,89,0,0,0,1,0
3,1,-8.10805,112.92,3676,1100,2.2,225.0,22,122,0,0,0,1,0
10,1,-8.10805,112.92,3676,300,0.6,180.0,20,65,0,0,0,1,0
2,1,-8.10805,112.92,3676,600,7.6,225.0,22,136,0,0,0,1,0
12,1,-8.10805,112.92,3676,1000,0.9,67.5,22,148,0,0,0,1,0
1,1,-8.10805,112.92,3676,800,3.1,67.5,16,108,0,0,0,1,0
1,1,-8.10805,112.92,3676,700,2.3,180.0,22,109,0,0,0,1,0
1,1,-8.10805,112.92,3676,700,4.5,0.0,22,110,0,0,0,1,0
5,1,-8.10805,112.92,3676,500,1.0,0.0,22,101,0,0,0,1,0
6,1,-8.10805,112.92,3676,1000,1.3,225.0,22,191,0,0,0,1,0
1,1,-8.10805,112.92,3676,500,2.5,45.0,22,118,0,0,0,1,0
2,1,-8.10805,112.92,3676,600,8.1,0.0,22,84,0,0,0,1,0
1,1,-8.10805,112.92,3676,500,4.4,225.0,22,102,0,0,0,1,0
2,1,-8.10805,112.92,3676,500,2.3,0.0,22,115,0,0,0,1,0
2,1,-8.10805,112.92,3676,700,5.8,0.0,22,184,0,0,0,1,0
10,1,-8.10805,112.92,3676,300,4.7,225.0,20,58,0,0,0,1,0
3,1,-8.10805,112.92,3676,700,2.5,0.0,22,130,0,0,0,1,0
10,1,-8.10805,112.92,3676,500,4.8,225.0,22,110,0,0,0,1,0
1,1,-8.10805,112.92,3676,900,6.9,0.0,22,120,0,0,0,1,0
12,1,-8.10805,112.92,3676,500,3.1,180.0,22,75,0,0,0,1,0
12,1,-8.10805,112.92,3676,1000,9.6,0.0,22,108,0,0,0,1,0
11,1,-8.10805,112.92,3676,500,8.8,0.0,22,150,0,0,0,1,0
4,1,-8.10805,112.92,3676,800,7.9,0.0,22,170,0,0,0,1,0
5,1,-8.10805,112.92,3676,1000,13.6,225.0,22,117,0,0,0,1,0
12,1,-8.10805,112.92,3676,900,1.1,45.0,22,107,0,0,0,1,0
4,1,-8.10805,112.92,3676,500,0.4,225.0,22,119,0,0,0,1,0
5,1,-8.10805,112.92,3676,800,1.4,45.0,22,98,0,0,0,1,0
2,1,-8.10805,112.92,3676,400,6.7,0.0,21,99,0,0,0,1,0
4,1,-8.10805,112.92,3676,500,5.2,0.0,22,102,0,0,0,1,0
5,3,-8.125,114.0419444,3332,1000,1.4,337.5,9,124,0,0,1,0,0
7,1,-8.10805,112.92,3676,800,11.2,270.0,22,140,0,0,0,1,0
2,1,-8.10805,112.92,3676,700,1.4,180.0,22,165,0,0,0,1,0
2,1,-8.10805,112.92,3676,900,0.4,0.0,22,133,0,0,0,1,0
11,1,-8.10805,112.92,3676,500,0.0,225.0,22,142,0,0,0,1,0
2,1,-8.10805,112.92,3676,500,7.6,45.0,22,138,0,0,0,1,0
11,1,-8.10805,112.92,3676,500,0.9,225.0,22,155,0,0,0,1,0
2,1,-8.10805,112.92,3676,1000,13.7,22.5,23,133,0,0,0,1,0
12,1,-8.10805,112.92,3676,700,3.5,247.5,21,127,0,0,0,1,0
5,1,-8.10805,112.92,3676,1000,4.4,270.0,22,100,0,0,0,1,0
2,1,-8.10805,112.92,3676,1000,2.9,225.0,22,123,0,0,0,1,0
12,1,-8.10805,112.92,3676,600,5.0,0.0,22,103,0,0,0,1,0
12,1,-8.10805,112.92,3676,800,12.0,22.5,22,146,0,0,0,1,0
5,1,-8.10805,112.92,3676,500,4.7,225.0,22,101,0,0,0,1,0
12,1,-8.10805,112.92,3676,500,7.0,225.0,22,112,0,0,0,1,0
1,1,-8.10805,112.92,3676,600,4.4,225.0,22,130,0,0,0,1,0
1,1,-8.10805,112.92,3676,700,5.1,67.5,22,126,0,0,0,1,0
1,1,-8.10805,112.92,3676,700,4.4,45.0,22,140,0,0,0,1,0
6,1,-8.10805,112.92,3676,700,3.1,225.0,22,96,0,0,0,1,0
6,1,-8.10805,112.92,3676,1200,1.5,0.0,22,110,0,0,0,1,0
7,1,-8.10805,112.92,3676,700,6.5,0.0,22,130,0,0,0,1,0
11,1,-8.10805,112.92,3676,400,2.0,180.0,22,99,0,0,0,1,0
12,1,-8.10805,112.92,3676,700,2.5,0.0,22,124,0,0,0,1,0
1,1,-8.10805,112.92,3676,600,1.5,0.0,21,123,0,0,0,1,0
12,1,-8.10805,112.92,3676,500,1.8,45.0,22,154,0,0,0,1,0
12,1,-8.10805,112.92,3676,800,8.5,180.0,22,119,0,0,0,1,0
12,1,-8.10805,112.92,3676,1000,3.6,270.0,22,143,0,0,0,1,0
1,1,-8.10805,112.92,3676,600,1.5,0.0,21,117,0,0,0,1,0
1,1,-8.10805,112.92,3676,500,4.3,202.5,20,98,0,0,0,1,0
1,1,-8.10805,112.92,3676,500,11.1,112.5,22,94,0,0,0,1,0
1,1,-8.10805,112.92,3676,700,3.6,225.0,22,140,0,0,0,1,0
8,1,-8.10805,112.92,3676,900,12.8,45.0,20,99,0,0,0,1,0
12,1,-8.10805,112.92,3676,900,3.1,225.0,22,124,0,0,0,1,0
2,1,-8.125,114.0419444,3332,12821,7.3,90.0,9,124,0,0,1,0,0
2,1,-8.10805,112.92,3676,900,0.6,225.0,23,147,0,0,0,1,0
2,1,-8.10805,112.92,3676,1500,10.0,22.5,20,275,0,0,0,1,0
2,1,-8.10805,112.92,3676,800,5.3,90.0,22,120,0,0,0,1,0
2,1,-8.10805,112.92,3676,500,0.6,225.0,21,110,0,0,0,1,0
10,1,-7.54194,110.44194,2968,18170,13.3,225.0,75,270,0,1,0,0,0
6,1,-8.10805,112.92,3676,700,9.0,0.0,22,92,0,0,0,1,0
2,1,-8.10805,112.92,3676,700,1.3,225.0,22,124,0,0,0,1,0
1,1,-8.10805,112.92,3676,800,13.5,67.5,21,140,0,0,0,1,0
11,1,-8.10805,112.92,3676,700,4.0,0.0,22,160,0,0,0,1,0
11,1,-8.10805,112.92,3676,800,4.2,0.0,22,120,0,0,0,1,0
6,1,-8.10805,112.92,3676,800,2.5,0.0,22,106,0,0,0,1,0
7,1,-8.10805,112.92,3676,700,1.9,225.0,22,155,0,0,0,1,0
3,1,-8.10805,112.92,3676,800,4.2,45.0,22,156,0,0,0,1,0
6,1,-8.125,114.0419444,3332,600,6.7,315.0,4,124,0,0,1,0,0
6,3,-7.54194,110.44194,2968,1000,4.7,270.0,50,30,0,1,0,0,0
1,1,-8.10805,112.92,3676,400,7.6,45.0,22,137,0,0,0,1,0
3,1,-8.10805,112.92,3676,500,4.3,180.0,21,116,0,0,0,1,0
2,1,-8.10805,112.92,3676,900,4.1,0.0,22,101,0,0,0,1,0
2,1,-8.10805,112.92,3676,500,2.3,45.0,22,113,0,0,0,1,0
1,1,-8.10805,112.92,3676,800,8.5,67.5,23,126,0,0,0,1,0
2,1,-8.10805,112.92,3676,900,2.3,0.0,22,110,0,0,0,1,0
11,1,-8.10805,112.92,3676,700,3.6,180.0,22,108,0,0,0,1,0
12,1,-8.10805,112.92,3676,400,0.8,45.0,15,89,0,0,0,1,0
8,1,-8.10805,112.92,3676,1000,3.0,225.0,22,93,0,0,0,1,0
7,3,-8.125,114.0419444,3332,800,3.0,202.5,3,124,0,0,1,0,0
2,1,-8.10805,112.92,3676,1100,5.5,0.0,22,136,0,0,0,1,0
2,1,-8.10805,112.92,3676,800,1.7,45.0,21,119,0,0,0,1,0
11,1,-8.10805,112.92,3676,500,1.3,0.0,22,115,0,0,0,1,0
6,1,-8.10805,112.92,3676,700,2.7,225.0,22,116,0,0,0,1,0
5,1,-8.10805,112.92,3676,300,2.4,0.0,21,74,0,0,0,1,0
8,1,-8.10805,112.92,3676,500,4.0,225.0,21,145,0,0,0,1,0
5,1,-8.10805,112.92,3676,500,0.6,270.0,20,154,0,0,0,1,0
7,1,-8.125,114.0419444,3332,10261,2.6,0.0,9,124,0,0,1,0,0
4,1,-8.10805,112.92,3676,600,6.7,292.5,23,135,0,0,0,1,0
3,1,-8.10805,112.92,3676,500,2.6,225.0,22,135,0,0,0,1,0
1,1,-8.10805,112.92,3676,500,5.4,0.0,13,80,0,0,0,1,0
2,1,-8.10805,112.92,3676,1000,0.6,157.5,22,160,0,0,0,1,0
4,1,-8.10805,112.92,3676,700,1.3,45.0,23,123,0,0,0,1,0
11,1,-8.10805,112.92,3676,600,9.4,225.0,22,125,0,0,0,1,0
1,1,-8.10805,112.92,3676,700,1.7,0.0,22,128,0,0,0,1,0
3,1,-8.10805,112.92,3676,900,2.2,0.0,22,163,0,0,0,1,0
2,1,-8.10805,112.92,3676,700,4.8,45.0,22,155,0,0,0,1,0
8,1,-8.10805,112.92,3676,500,3.9,0.0,22,129,0,0,0,1,0
3,1,-8.10805,112.92,3676,800,1.5,45.0,21,143,0,0,0,1,0
5,1,-8.10805,112.92,3676,100,1.6,270.0,22,179,0,0,0,1,0
2,1,-8.10805,112.92,3676,500,4.2,202.5,22,98,0,0,0,1,0
5,1,-8.10805,112.92,3676,600,1.3,202.5,22,110,0,0,0,1,0
12,1,-8.10805,112.92,3676,600,0.6,225.0,21,102,0,0,0,1,0
12,1,-8.10805,112.92,3676,700,6.4,22.5,15,85,0,0,0,1,0
1,1,-8.10805,112.92,3676,700,6.0,0.0,22,151,0,0,0,1,0
12,1,-8.10805,112.92,3676,700,4.0,225.0,22,160,0,0,0,1,0
3,1,-8.10805,112.92,3676,700,1.8,0.0,22,172,0,0,0,1,0
12,1,-8.10805,112.92,3676,1000,1.3,45.0,22,162,0,0,0,1,0
12,1,-8.10805,112.92,3676,700,5.4,270.0,22,132,0,0,0,1,0
1,1,-8.10805,112.92,3676,600,1.0,0.0,21,108,0,0,0,1,0
3,1,-8.10805,112.92,3676,400,3.4,0.0,21,103,0,0,0,1,0
12,1,-7.54194,110.44194,2968,1000,4.8,90.0,41,702,0,1,0,0,0
11,1,-8.10805,112.92,3676,500,4.3,0.0,22,123,0,0,0,1,0
7,1,-8.10805,112.92,3676,800,4.5,45.0,22,192,0,0,0,1,0
12,1,-8.10805,112.92,3676,1000,6.3,45.0,22,118,0,0,0,1,0
5,1,-8.10805,112.92,3676,500,1.8,225.0,21,83,0,0,0,1,0
11,1,-8.10805,112.92,3676,600,2.0,180.0,22,104,0,0,0,1,0
5,1,-8.10805,112.92,3676,800,2.6,0.0,22,91,0,0,0,1,0
5,1,-8.10805,112.92,3676,700,2.7,247.5,22,108,0,0,0,1,0
1,1,-8.10805,112.92,3676,1000,4.2,225.0,22,165,0,0,0,1,0
12,1,-8.10805,112.92,3676,1000,5.6,225.0,22,123,0,0,0,1,0
11,1,-8.10805,112.92,3676,700,3.6,180.0,22,99,0,0,0,1,0
3,1,-8.10805,112.92,3676,600,3.4,0.0,22,116,0,0,0,1,0
4,1,-8.10805,112.92,3676,700,12.7,270.0,22,85,0,0,0,1,0
10,1,-8.10805,112.92,3676,800,2.4,270.0,22,115,0,0,0,1,0
7,1,-8.10805,112.92,3676,600,7.2,0.0,22,82,0,0,0,1,0
12,1,-8.10805,112.92,3676,700,3.4,112.5,21,109,0,0,0,1,0
5,1,-8.10805,112.92,3676,300,1.8,0.0,21,87,0,0,0,1,0
7,1,-8.10805,112.92,3676,500,6.3,225.0,22,115,0,0,0,1,0
10,1,-8.10805,112.92,3676,500,7.2,180.0,22,89,0,0,0,1,0
8,1,-8.10805,112.92,3676,900,1.3,247.5,22,211,0,0,0,1,0
3,1,-8.10805,112.92,3676,400,1.5,225.0,22,102,0,0,0,1,0
3,1,-8.10805,112.92,3676,1300,2.5,180.0,22,126,0,0,0,1,0
4,1,-8.10805,112.92,3676,700,1.1,225.0,22,190,0,0,0,1,0
12,1,-8.10805,112.92,3676,1000,4.0,225.0,22,172,0,0,0,1,0
8,1,-8.10805,112.92,3676,500,3.8,225.0,22,69,0,0,0,1,0
2,1,-8.10805,112.92,3676,800,10.3,0.0,22,124,0,0,0,1,0
12,1,-8.10805,112.92,3676,700,1.1,225.0,22,106,0,0,0,1,0
4,1,-8.10805,112.92,3676,500,9.1,0.0,22,156,0,0,0,1,0
6,1,-8.10805,112.92,3676,500,4.1,270.0,22,97,0,0,0,1,0
7,1,-8.10805,112.92,3676,1000,13.3,225.0,22,158,0,0,0,1,0
4,1,-8.10805,112.92,3676,400,1.5,225.0,21,101,0,0,0,1,0
4,1,-8.10805,112.92,3676,800,6.5,315.0,23,120,0,0,0,1,0
2,1,-8.10805,112.92,3676,200,5.6,45.0,22,109,0,0,0,1,0
2,1,-8.10805,112.92,3676,1000,2.9,112.5,23,138,0,0,0,1,0
2,1,-8.10805,112.92,3676,500,2.3,157.5,22,125,0,0,0,1,0
1,1,-8.10805,112.92,3676,500,6.0,22.5,22,102,0,0,0,1,0
1,1,-8.10805,112.92,3676,1200,5.7,225.0,22,133,0,0,0,1,0
5,1,-8.10805,112.92,3676,600,3.8,225.0,22,94,0,0,0,1,0
2,1,-8.10805,112.92,3676,400,8.1,0.0,22,75,0,0,0,1,0
6,1,-8.10805,112.92,3676,800,3.8,337.5,22,148,0,0,0,1,0
3,1,-8.10805,112.92,3676,500,0.4,67.5,20,110,0,0,0,1,0
8,1,-8.10805,112.92,3676,1000,5.4,0.0,22,119,0,0,0,1,0
2,1,-8.10805,112.92,3676,500,6.1,0.0,22,125,0,0,0,1,0
2,1,-8.10805,112.92,3676,800,3.0,45.0,22,101,0,0,0,1,0
1,1,-8.10805,112.92,3676,800,1.9,45.0,22,99,0,0,0,1,0
5,1,-8.10805,112.92,3676,600,3.2,225.0,22,135,0,0,0,1,0
1,1,-8.10805,112.92,3676,700,4.2,0.0,21,110,0,0,0,1,0
6,1,-8.10805,112.92,3676,200,5.6,0.0,20,56,0,0,0,1,0
10,1,-8.10805,112.92,3676,400,1.2,225.0,21,112,0,0,0,1,0
12,1,-8.10805,112.92,3676,500,4.6,225.0,21,88,0,0,0,1,0
12,1,-8.10805,112.92,3676,500,3.1,225.0,22,75,0,0,0,1,0
11,1,-8.10805,112.92,3676,700,0.9,225.0,22,125,0,0,0,1,0
4,1,-8.10805,112.92,3676,700,2.9,225.0,22,165,0,0,0,1,0
5,1,-8.10805,112.92,3676,400,0.6,0.0,21,66,0,0,0,1,0
5,1,-8.10805,112.92,3676,500,1.8,225.0,22,115,0,0,0,1,0
12,1,-8.10805,112.92,3676,400,7.7,225.0,22,100,0,0,0,1,0
10,1,-8.10805,112.92,3676,700,3.3,180.0,22,121,0,0,0,1,0
12,1,-8.125,114.0419444,3332,2000,5.2,90.0,32,282,0,0,1,0,0
3,1,-8.10805,112.92,3676,300,1.3,0.0,20,62,0,0,0,1,0
8,1,-8.10805,112.92,3676,600,12.1,0.0,22,107,0,0,0,1,0
1,1,-8.10805,112.92,3676,800,4.8,0.0,22,115,0,0,0,1,0
6,2,-7.54194,110.44194,2968,27770,4.7,315.0,75,433,0,1,0,0,0
7,1,-8.10805,112.92,3676,300,2.4,225.0,21,68,0,0,0,1,0
2,1,-8.10805,112.92,3676,600,7.7,180.0,22,120,0,0,0,1,0
6,1,-8.125,114.0419444,3332,500,4.2,315.0,4,124,0,0,1,0,0
5,1,-8.10805,112.92,3676,400,1.4,225.0,21,88,0,0,0,1,0
1,1,-8.10805,112.92,3676,500,4.8,225.0,22,132,0,0,0,1,0
3,1,-8.10805,112.92,3676,700,5.6,45.0,22,167,0,0,0,1,0
3,1,-8.10805,112.92,3676,1000,3.6,180.0,22,126,0,0,0,1,0
6,1,-8.125,114.0419444,3332,1000,3.6,202.5,4,124,0,0,1,0,0
10,1,-8.10805,112.92,3676,700,0.8,270.0,22,123,0,0,0,1,0
12,1,-8.10805,112.92,3676,1000,2.0,0.0,22,113,0,0,0,1,0
5,1,-7.54194,110.44194,2968,14970,5.4,225.0,55,145,0,1,0,0,0
12,1,-8.10805,112.92,3676,700,1.7,315.0,21,127,0,0,0,1,0
12,1,-8.10805,112.92,3676,600,11.4,45.0,20,113,0,0,0,1,0
5,1,-8.10805,112.92,3676,700,1.0,225.0,22,700,0,0,0,1,0
1,1,-8.10805,112.92,3676,600,9.7,0.0,22,114,0,0,0,1,0
5,1,-8.10805,112.92,3676,500,3.3,0.0,22,89,0,0,0,1,0
10,1,-8.10805,112.92,3676,500,0.4,247.5,22,142,0,0,0,1,0
4,1,-8.10805,112.92,3676,1000,8.5,225.0,22,168,0,0,0,1,0
3,1,-8.10805,112.92,3676,800,6.2,180.0,22,174,0,0,0,1,0
4,1,-8.10805,112.92,3676,800,1.2,225.0,22,136,0,0,0,1,0
9,1,-8.10805,112.92,3676,700,3.5,225.0,22,118,0,0,0,1,0
7,1,-8.10805,112.92,3676,400,3.8,270.0,22,118,0,0,0,1,0
8,1,-8.10805,112.92,3676,400,2.8,247.5,21,160,0,0,0,1,0
12,1,-8.10805,112.92,3676,800,1.8,22.5,16,103,0,0,0,1,0
7,1,-8.10805,112.92,3676,600,9.0,270.0,22,88,0,0,0,1,0
2,1,-8.10805,112.92,3676,700,1.6,135.0,22,145,0,0,0,1,0
1,1,-8.10805,112.92,3676,700,9.3,45.0,22,142,0,0,0,1,0
5,1,-8.10805,112.92,3676,500,3.5,225.0,22,201,0,0,0,1,0
4,1,-8.10805,112.92,3676,600,4.7,0.0,22,107,0,0,0,1,0
2,1,-8.10805,112.92,3676,300,1.3,45.0,22,110,0,0,0,1,0
2,1,-8.10805,112.92,3676,500,5.7,0.0,22,110,0,0,0,1,0
10,1,-8.10805,112.92,3676,300,3.3,225.0,22,110,0,0,0,1,0
5,1,-8.10805,112.92,3676,700,1.5,0.0,22,98,0,0,0,1,0
5,1,-8.10805,112.92,3676,900,1.5,225.0,22,110,0,0,0,1,0
4,1,-8.10805,112.92,3676,700,8.7,225.0,22,132,0,0,0,1,0
3,1,-8.10805,112.92,3676,500,2.3,225.0,22,122,0,0,0,1,0
3,1,-8.10805,112.92,3676,400,0.6,180.0,20,99,0,0,0,1,0
2,1,-8.10805,112.92,3676,1000,2.1,247.5,22,161,0,0,0,1,0
5,1,-8.10805,112.92,3676,700,2.4,225.0,22,92,0,0,0,1,0
1,1,-8.10805,112.92,3676,900,5.1,67.5,22,162,0,0,0,1,0
5,1,-8.10805,112.92,3676,700,0.3,270.0,22,105,0,0,0,1,0
7,1,-8.10805,112.92,3676,700,6.1,0.0,22,128,0,0,0,1,0
7,1,-8.10805,112.92,3676,600,1.9,180.0,22,72,0,0,0,1,0
11,1,-8.10805,112.92,3676,1000,0.3,0.0,22,147,0,0,0,1,0
12,1,-8.10805,112.92,3676,700,3.2,67.5,20,96,0,0,0,1,0
2,1,-8.10805,112.92,3676,600,5.9,0.0,22,117,0,0,0,1,0
11,1,-8.10805,112.92,3676,500,5.4,22.5,22,140,0,0,0,1,0
11,1,-8.10805,112.92,3676,400,3.3,180.0,22,97,0,0,0,1,0
1,1,-8.10805,112.92,3676,800,6.2,0.0,22,122,0,0,0,1,0
4,1,-8.10805,112.92,3676,700,3.3,247.5,22,150,0,0,0,1,0
12,1,-8.10805,112.92,3676,700,0.4,45.0,21,105,0,0,0,1,0
12,1,-8.10805,112.92,3676,500,3.9,315.0,21,127,0,0,0,1,0
3,1,-8.10805,112.92,3676,300,1.9,180.0,22,166,0,0,0,1,0
9,1,-8.10805,112.92,3676,600,3.2,90.0,21,127,0,0,0,1,0
2,1,-8.10805,112.92,3676,700,2.7,0.0,22,119,0,0,0,1,0
5,1,-8.10805,112.92,3676,500,1.1,225.0,21,66,0,0,0,1,0
2,1,-8.10805,112.92,3676,500,2.7,157.5,22,135,0,0,0,1,0
12,1,-8.10805,112.92,3676,500,2.2,0.0,22,115,0,0,0,1,0
12,1,-8.10805,112.92,3676,500,8.2,45.0,22,115,0,0,0,1,0
6,1,-7.54194,110.44194,2968,11770,1.5,315.0,50,162,0,1,0,0,0
8,1,-8.10805,112.92,3676,1000,0.9,225.0,22,117,0,0,0,1,0
12,1,-8.10805,112.92,3676,700,1.4,292.5,22,134,0,0,0,1,0
2,1,-8.10805,112.92,3676,700,2.6,225.0,23,147,0,0,0,1,0
4,1,-8.10805,112.92,3676,400,8.1,0.0,20,68,0,0,0,1,0
1,1,-8.10805,112.92,3676,800,6.2,67.5,22,119,0,0,0,1,0
7,1,-8.10805,112.92,3676,1200,8.7,180.0,22,134,0,0,0,1,0
1,1,-8.10805,112.92,3676,800,1.8,0.0,22,101,0,0,0,1,0
5,1,-8.10805,112.92,3676,400,4.7,225.0,22,99,0,0,0,1,0
11,1,-8.10805,112.92,3676,600,3.6,180.0,22,101,0,0,0,1,0
8,1,-8.10805,112.92,3676,500,11.2,270.0,22,110,0,0,0,1,0
6,1,-8.10805,112.92,3676,1000,3.1,270.0,21,115,0,0,0,1,0
12,1,-8.10805,112.92,3676,600,1.0,270.0,22,129,0,0,0,1,0
7,1,-8.10805,112.92,3676,300,5.6,225.0,20,65,0,0,0,1,0
11,1,-8.10805,112.92,3676,600,5.4,0.0,22,99,0,0,0,1,0
3,1,-8.10805,112.92,3676,700,2.4,22.5,22,162,0,0,0,1,0
6,1,-8.10805,112.92,3676,400,4.7,225.0,22,133,0,0,0,1,0
9,1,-8.10805,112.92,3676,500,9.2,337.5,22,115,0,0,0,1,0
1,1,-8.10805,112.92,3676,900,3.1,90.0,23,122,0,0,0,1,0
11,1,-8.10805,112.92,3676,500,11.8,135.0,22,98,0,0,0,1,0
3,1,-7.941944444,112.95,2329,9285,8.7,45.0,9,124,1,0,0,0,0
4,1,-8.10805,112.92,3676,600,6.0,315.0,22,156,0,0,0,1,0
9,1,-8.10805,112.92,3676,500,6.1,270.0,22,128,0,0,0,1,0
3,1,-7.941944444,112.95,2329,9925,5.0,0.0,9,124,1,0,0,0,0
2,1,-8.10805,112.92,3676,800,6.1,180.0,22,115,0,0,0,1,0
5,1,-8.10805,112.92,3676,400,2.1,157.5,22,114,0,0,0,1,0
2,1,-8.10805,112.92,3676,500,6.7,0.0,22,108,0,0,0,1,0
3,1,-7.941944444,112.95,2329,10565,1.8,90.0,9,124,1,0,0,0,0
7,1,-8.10805,112.92,3676,1000,8.3,22.5,22,234,0,0,0,1,0
10,1,-8.10805,112.92,3676,200,2.4,225.0,22,122,0,0,0,1,0
8,1,-7.54194,110.44194,2968,1000,4.3,270.0,20,222,0,1,0,0,0
11,1,-8.10805,112.92,3676,600,3.3,180.0,22,102,0,0,0,1,0
12,1,-8.10805,112.92,3676,400,6.1,0.0,22,62,0,0,0,1,0
4,1,-8.10805,112.92,3676,600,5.6,22.5,22,109,0,0,0,1,0
3,1,-8.10805,112.92,3676,800,2.5,0.0,21,114,0,0,0,1,0
8,1,-8.10805,112.92,3676,400,1.4,0.0,22,105,0,0,0,1,0
1,1,-8.10805,112.92,3676,500,4.5,90.0,22,111,0,0,0,1,0
12,1,-8.10805,112.92,3676,400,2.8,225.0,21,98,0,0,0,1,0
8,1,-8.10805,112.92,3676,700,0.6,0.0,22,102,0,0,0,1,0
5,1,-8.10805,112.92,3676,600,1.1,180.0,22,110,0,0,0,1,0
1,1,-8.10805,112.92,3676,600,8.3,0.0,22,110,0,0,0,1,0
5,1,-8.10805,112.92,3676,600,0.5,22.5,22,86,0,0,0,1,0
1,1,-8.10805,112.92,3676,600,5.8,0.0,22,119,0,0,0,1,0
12,1,-8.10805,112.92,3676,400,3.9,225.0,21,67,0,0,0,1,0
12,1,-8.10805,112.92,3676,1000,1.1,0.0,22,125,0,0,0,1,0
12,1,-8.10805,112.92,3676,500,4.3,247.5,22,119,0,0,0,1,0
4,1,-8.10805,112.92,3676,500,0.6,225.0,22,122,0,0,0,1,0
10,1,-8.10805,112.92,3676,500,3.2,225.0,22,112,0,0,0,1,0
4,1,-8.10805,112.92,3676,800,2.4,0.0,22,150,0,0,0,1,0
6,1,-8.10805,112.92,3676,400,0.7,270.0,22,87,0,0,0,1,0
1,1,-8.10805,112.92,3676,500,1.9,225.0,22,120,0,0,0,1,0
6,1,-8.10805,112.92,3676,500,4.6,315.0,22,100,0,0,0,1,0
3,1,-8.10805,112.92,3676,500,3.1,225.0,22,122,0,0,0,1,0
2,1,-8.10805,112.92,3676,600,2.1,225.0,21,118,0,0,0,1,0
2,1,-8.125,114.0419444,3332,16021,5.8,112.5,9,124,0,0,1,0,0
10,1,-8.10805,112.92,3676,300,1.2,225.0,22,136,0,0,0,1,0
3,2,-7.54194,110.44194,2968,24570,4.7,225.0,75,420,0,1,0,0,0
12,1,-8.10805,112.92,3676,600,1.1,225.0,22,115,0,0,0,1,0
1,1,-8.10805,112.92,3676,800,7.4,0.0,22,145,0,0,0,1,0
12,1,-8.10805,112.92,3676,1000,1.4,0.0,22,115,0,0,0,1,0
11,1,-8.10805,112.92,3676,700,3.7,337.5,22,143,0,0,0,1,0
10,1,-8.10805,112.92,3676,700,5.5,225.0,22,101,0,0,0,1,0
12,1,-8.10805,112.92,3676,1000,8.5,0.0,22,103,0,0,0,1,0
5,1,-8.10805,112.92,3676,800,1.0,247.5,22,105,0,0,0,1,0
2,1,-8.10805,112.92,3676,900,1.8,315.0,22,172,0,0,0,1,0
1,1,-8.10805,112.92,3676,1000,5.3,225.0,23,133,0,0,0,1,0
4,1,-8.10805,112.92,3676,700,3.9,22.5,22,110,0,0,0,1,0
6,1,-8.125,114.0419444,3332,500,1.2,180.0,4,124,0,0,1,0,0
2,1,-8.10805,112.92,3676,500,5.3,90.0,21,97,0,0,0,1,0
4,1,-8.10805,112.92,3676,800,2.8,45.0,22,84,0,0,0,1,0
4,1,-8.10805,112.92,3676,800,3.6,45.0,24,160,0,0,0,1,0
3,1,-8.10805,112.92,3676,200,3.6,0.0,22,102,0,0,0,1,0
8,1,-8.10805,112.92,3676,500,3.8,225.0,22,110,0,0,0,1,0
12,1,-8.10805,112.92,3676,700,6.5,247.5,21,113,0,0,0,1,0
4,1,-8.10805,112.92,3676,600,0.9,22.5,22,170,0,0,0,1,0
1,1,-8.10805,112.92,3676,1000,8.9,0.0,22,122,0,0,0,1,0
3,1,-8.10805,112.92,3676,400,6.0,45.0,22,123,0,0,0,1,0
1,1,-8.10805,112.92,3676,500,9.9,0.0,22,141,0,0,0,1,0
1,1,-8.125,114.0419444,3332,11221,6.1,267.0,9,124,0,0,1,0,0
6,1,-8.10805,112.92,3676,700,6.2,225.0,22,115,0,0,0,1,0
9,1,-8.10805,112.92,3676,500,6.8,247.5,20,92,0,0,0,1,0
8,1,-8.10805,112.92,3676,400,3.9,225.0,21,74,0,0,0,1,0
3,1,-8.10805,112.92,3676,300,1.9,270.0,20,67,0,0,0,1,0
1,1,-8.10805,112.92,3676,700,8.8,157.5,22,127,0,0,0,1,0
10,1,-8.10805,112.92,3676,700,3.6,225.0,22,130,0,0,0,1,0
10,1,-8.10805,112.92,3676,300,6.4,225.0,22,115,0,0,0,1,0
3,1,-8.10805,112.92,3676,600,1.1,0.0,22,121,0,0,0,1,0
3,1,-8.10805,112.92,3676,900,1.4,135.0,22,125,0,0,0,1,0
6,1,-8.10805,112.92,3676,900,6.6,0.0,22,97,0,0,0,1,0
10,1,-8.10805,112.92,3676,600,0.3,180.0,22,115,0,0,0,1,0
9,1,-8.10805,112.92,3676,500,6.8,315.0,22,197,0,0,0,1,0
2,1,-8.10805,112.92,3676,900,2.8,112.5,22,135,0,0,0,1,0
12,1,-8.10805,112.92,3676,1000,2.0,0.0,23,119,0,0,0,1,0
3,1,-8.10805,112.92,3676,700,1.0,180.0,22,125,0,0,0,1,0
6,1,-8.10805,112.92,3676,700,5.2,225.0,22,132,0,0,0,1,0
1,1,-8.10805,112.92,3676,700,14.2,135.0,22,115,0,0,0,1,0
7,1,-8.10805,112.92,3676,800,10.3,202.5,22,152,0,0,0,1,0
3,1,-8.10805,112.92,3676,500,4.5,45.0,22,116,0,0,0,1,0
5,1,-8.10805,112.92,3676,600,9.1,0.0,22,147,0,0,0,1,0
1,1,-8.10805,112.92,3676,800,3.8,180.0,22,139,0,0,0,1,0
8,1,-8.10805,112.92,3676,500,1.5,247.5,22,135,0,0,0,1,0
3,1,-7.941944444,112.95,2329,11525,1.9,202.0,9,124,1,0,0,0,0
9,1,-8.10805,112.92,3676,500,3.4,247.5,22,141,0,0,0,1,0
12,1,-8.10805,112.92,3676,400,2.4,0.0,21,94,0,0,0,1,0
12,1,-8.10805,112.92,3676,1000,8.5,180.0,22,125,0,0,0,1,0
8,1,-8.10805,112.92,3676,700,6.0,270.0,22,116,0,0,0,1,0
5,1,-8.10805,112.92,3676,900,3.2,225.0,22,157,0,0,0,1,0
6,1,-8.10805,112.92,3676,1000,5.6,0.0,22,101,0,0,0,1,0
5,1,-8.10805,112.92,3676,700,1.1,225.0,22,93,0,0,0,1,0
2,1,-8.10805,112.92,3676,400,12.8,45.0,21,99,0,0,0,1,0
1,1,-8.10805,112.92,3676,500,3.6,225.0,20,76,0,0,0,1,0
4,1,-8.10805,112.92,3676,600,0.9,225.0,22,123,0,0,0,1,0
5,1,-8.10805,112.92,3676,300,1.8,225.0,20,66,0,0,0,1,0
6,1,-8.10805,112.92,3676,700,6.1,180.0,22,105,0,0,0,1,0
2,1,-8.10805,112.92,3676,600,2.2,225.0,21,135,0,0,0,1,0
1,1,-8.125,114.0419444,3332,11221,6.1,90.0,9,124,0,0,1,0,0
3,1,-7.54194,110.44194,2968,2500,8.3,315.0,70,145,0,1,0,0,0
4,1,-8.10805,112.92,3676,500,0.9,0.0,22,111,0,0,0,1,0
1,1,-8.10805,112.92,3676,500,8.0,0.0,21,99,0,0,0,1,0
12,1,-8.10805,112.92,3676,800,2.3,90.0,22,140,0,0,0,1,0
1,1,-8.10805,112.92,3676,500,0.9,0.0,22,118,0,0,0,1,0
12,1,-8.10805,112.92,3676,1000,1.8,90.0,22,130,0,0,0,1,0
11,1,-8.10805,112.92,3676,300,3.2,0.0,22,130,0,0,0,1,0
4,1,-8.10805,112.92,3676,800,1.7,0.0,22,115,0,0,0,1,0
4,1,-8.10805,112.92,3676,700,4.5,90.0,22,135,0,0,0,1,0
5,1,-8.10805,112.92,3676,1200,2.6,45.0,22,122,0,0,0,1,0
12,1,-8.10805,112.92,3676,800,3.5,225.0,21,101,0,0,0,1,0
12,1,-8.10805,112.92,3676,600,6.4,270.0,22,120,0,0,0,1,0
1,1,-8.10805,112.92,3676,700,9.7,225.0,22,125,0,0,0,1,0
12,1,-8.10805,112.92,3676,700,5.5,225.0,22,122,0,0,0,1,0
1,1,-8.10805,112.92,3676,500,8.4,0.0,22,119,0,0,0,1,0
3,1,-8.10805,112.92,3676,600,1.4,135.0,22,130,0,0,0,1,0
3,1,-8.10805,112.92,3676,500,2.3,315.0,22,120,0,0,0,1,0
10,1,-8.10805,112.92,3676,600,3.1,225.0,22,119,0,0,0,1,0
2,1,-8.10805,112.92,3676,900,10.9,22.5,22,125,0,0,0,1,0
1,1,-8.10805,112.92,3676,500,6.0,112.5,21,107,0,0,0,1,0
7,1,-8.10805,112.92,3676,600,3.3,180.0,22,78,0,0,0,1,0
5,1,-8.10805,112.92,3676,500,0.8,0.0,22,94,0,0,0,1,0
3,1,-8.10805,112.92,3676,1000,1.5,22.5,22,157,0,0,0,1,0
3,1,-8.10805,112.92,3676,700,1.2,180.0,22,122,0,0,0,1,0
10,1,-8.10805,112.92,3676,600,0.6,180.0,22,97,0,0,0,1,0
4,1,-8.10805,112.92,3676,800,8.7,337.5,22,127,0,0,0,1,0
8,1,-8.10805,112.92,3676,1000,7.7,315.0,22,166,0,0,0,1,0
11,1,-8.10805,112.92,3676,500,2.7,225.0,22,84,0,0,0,1,0
10,1,-8.10805,112.92,3676,300,0.3,225.0,21,75,0,0,0,1,0
12,1,-8.10805,112.92,3676,600,0.5,180.0,21,101,0,0,0,1,0
3,1,-7.54194,110.44194,2968,18170,3.5,270.0,75,243,0,1,0,0,0
8,1,-8.10805,112.92,3676,600,1.2,225.0,23,122,0,0,0,1,0
6,0,-7.54194,110.44194,2968,11130,2.6,45.0,52,152,0,1,0,0,0
5,1,-8.10805,112.92,3676,800,1.1,157.5,22,115,0,0,0,1,0
5,1,-8.10805,112.92,3676,100,2.5,270.0,22,188,0,0,0,1,0
12,1,-8.10805,112.92,3676,900,4.2,315.0,22,150,0,0,0,1,0
11,1,-8.10805,112.92,3676,800,5.2,0.0,22,119,0,0,0,1,0
5,1,-8.10805,112.92,3676,500,5.1,315.0,22,112,0,0,0,1,0
10,1,-8.10805,112.92,3676,600,7.2,180.0,22,94,0,0,0,1,0
6,1,-8.10805,112.92,3676,600,4.7,315.0,22,72,0,0,0,1,0
4,1,-8.10805,112.92,3676,800,6.7,67.5,22,132,0,0,0,1,0
3,1,-8.10805,112.92,3676,1100,0.2,225.0,22,127,0,0,0,1,0
12,1,-8.10805,112.92,3676,700,2.7,225.0,22,104,0,0,0,1,0
3,1,-8.10805,112.92,3676,500,6.1,225.0,22,120,0,0,0,1,0
6,1,-8.10805,112.92,3676,600,2.7,337.5,22,109,0,0,0,1,0
10,1,-8.10805,112.92,3676,700,0.6,225.0,22,146,0,0,0,1,0
1,1,-8.10805,112.92,3676,800,8.9,0.0,22,119,0,0,0,1,0
4,1,-8.10805,112.92,3676,300,8.2,315.0,20,152,0,0,0,1,0
5,1,-8.10805,112.92,3676,500,1.0,270.0,21,119,0,0,0,1,0
2,1,-8.10805,112.92,3676,600,3.5,0.0,22,125,0,0,0,1,0
9,1,-8.10805,112.92,3676,400,10.4,180.0,22,99,0,0,0,1,0
8,1,-8.10805,112.92,3676,500,5.2,225.0,22,98,0,0,0,1,0
10,1,-8.10805,112.92,3676,700,7.9,225.0,22,115,0,0,0,1,0
3,1,-7.941944444,112.95,2329,9925,2.3,270.0,9,124,1,0,0,0,0
4,1,-7.54194,110.44194,2968,18170,0.7,90.0,78,345,0,1,0,0,0
1,1,-8.10805,112.92,3676,400,4.3,0.0,22,92,0,0,0,1,0
2,1,-8.10805,112.92,3676,500,1.6,225.0,21,116,0,0,0,1,0
6,1,-8.125,114.0419444,3332,750,7.7,67.5,3,124,0,0,1,0,0
5,1,-8.10805,112.92,3676,800,4.0,270.0,22,147,0,0,0,1,0
4,1,-8.10805,112.92,3676,500,2.5,0.0,21,98,0,0,0,1,0
6,1,-8.125,114.0419444,3332,1000,4.3,135.0,4,124,0,0,1,0,0
1,1,-8.10805,112.92,3676,1000,2.2,0.0,22,119,0,0,0,1,0
3,1,-8.10805,112.92,3676,700,3.3,180.0,22,110,0,0,0,1,0
4,1,-8.10805,112.92,3676,700,7.6,225.0,22,148,0,0,0,1,0
6,1,-8.125,114.0419444,3332,1200,1.6,270.0,4,124,0,0,1,0,0
1,1,-8.10805,112.92,3676,700,4.1,202.5,22,165,0,0,0,1,0
9,1,-8.10805,112.92,3676,700,7.3,247.5,22,129,0,0,0,1,0
1,1,-8.10805,112.92,3676,600,8.0,45.0,22,110,0,0,0,1,0
12,1,-8.10805,112.92,3676,1000,6.6,225.0,22,129,0,0,0,1,0
10,1,-8.10805,112.92,3676,700,3.2,225.0,22,164,0,0,0,1,0
1,1,-8.10805,112.92,3676,500,2.0,0.0,22,156,0,0,0,1,0
1,1,-8.10805,112.92,3676,400,4.5,180.0,22,132,0,0,0,1,0
1,1,-8.10805,112.92,3676,500,9.0,45.0,21,99,0,0,0,1,0
10,1,-8.10805,112.92,3676,400,4.3,225.0,22,99,0,0,0,1,0
4,1,-8.10805,112.92,3676,700,3.9,45.0,21,138,0,0,0,1,0
10,1,-8.10805,112.92,3676,600,3.4,225.0,22,118,0,0,0,1,0
1,1,-8.10805,112.92,3676,700,12.0,315.0,14,120,0,0,0,1,0
2,1,-8.10805,112.92,3676,500,1.3,225.0,22,128,0,0,0,1,0
3,1,-8.10805,112.92,3676,500,1.1,0.0,21,105,0,0,0,1,0
4,1,-7.54194,110.44194,2968,18170,9.8,315.0,75,103,0,1,0,0,0
4,1,-8.10805,112.92,3676,700,4.0,67.5,22,142,0,0,0,1,0
6,1,-8.125,114.0419444,3332,600,10.4,45.0,2,124,0,0,1,0,0
10,1,-8.10805,112.92,3676,400,6.7,180.0,20,65,0,0,0,1,0
8,1,-8.10805,112.92,3676,200,1.6,270.0,22,189,0,0,0,1,0
1,1,-8.10805,112.92,3676,600,10.2,90.0,23,138,0,0,0,1,0
4,1,-8.10805,112.92,3676,500,1.6,180.0,21,100,0,0,0,1,0
1,1,-8.10805,112.92,3676,600,4.5,180.0,22,103,0,0,0,1,0
4,1,-8.10805,112.92,3676,700,11.5,315.0,22,134,0,0,0,1,0
12,1,-8.10805,112.92,3676,900,4.9,270.0,22,118,0,0,0,1,0
12,1,-8.10805,112.92,3676,400,6.1,0.0,21,67,0,0,0,1,0
6,1,-8.10805,112.92,3676,700,9.0,0.0,22,91,0,0,0,1,0
3,1,-7.941944444,112.95,2329,8645,1.6,180.0,9,124,1,0,0,0,0
12,1,-8.10805,112.92,3676,600,4.9,0.0,22,103,0,0,0,1,0
11,1,-7.54194,110.44194,2968,13370,2.1,270.0,65,160,0,1,0,0,0
12,1,-8.10805,112.92,3676,800,3.6,225.0,21,99,0,0,0,1,0
11,1,-8.10805,112.92,3676,700,3.0,22.5,22,123,0,0,0,1,0
6,1,-8.125,114.0419444,3332,1000,1.5,67.5,4,124,0,0,1,0,0
12,1,-8.10805,112.92,3676,600,5.0,0.0,22,110,0,0,0,1,0
6,1,-7.54194,110.44194,2968,16570,0.4,270.0,76,230,0,1,0,0,0
7,1,-8.10805,112.92,3676,600,8.8,225.0,21,96,0,0,0,1,0
4,1,-8.10805,112.92,3676,800,2.4,225.0,22,125,0,0,0,1,0
10,1,-8.10805,112.92,3676,500,0.6,180.0,21,79,0,0,0,1,0
1,1,-8.10805,112.92,3676,500,8.9,22.5,22,136,0,0,0,1,0
6,1,-8.125,114.0419444,3332,600,8.4,22.5,3,124,0,0,1,0,0
8,1,-8.10805,112.92,3676,800,2.7,315.0,22,145,0,0,0,1,0
12,1,-8.10805,112.92,3676,700,2.9,67.5,22,140,0,0,0,1,0
9,1,-8.10805,112.92,3676,600,6.0,270.0,22,96,0,0,0,1,0
1,1,-8.10805,112.92,3676,600,1.8,225.0,22,189,0,0,0,1,0
2,1,-8.10805,112.92,3676,800,2.5,247.5,22,121,0,0,0,1,0
3,1,-8.10805,112.92,3676,400,1.9,135.0,20,90,0,0,0,1,0
1,1,-8.10805,112.92,3676,700,4.2,180.0,20,99,0,0,0,1,0
2,1,-8.10805,112.92,3676,300,8.8,45.0,22,163,0,0,0,1,0
12,1,-8.10805,112.92,3676,400,6.6,45.0,20,149,0,0,0,1,0
6,1,-8.10805,112.92,3676,700,8.9,0.0,22,94,0,0,0,1,0
1,1,-8.10805,112.92,3676,700,6.2,0.0,22,121,0,0,0,1,0
4,1,-8.10805,112.92,3676,700,9.5,225.0,22,168,0,0,0,1,0
3,1,-8.10805,112.92,3676,500,1.5,225.0,22,119,0,0,0,1,0
6,1,-8.10805,112.92,3676,500,6.5,225.0,22,115,0,0,0,1,0
1,1,-8.10805,112.92,3676,900,2.3,0.0,22,128,0,0,0,1,0
5,1,-8.10805,112.92,3676,300,1.8,225.0,20,64,0,0,0,1,0
5,1,-8.10805,112.92,3676,500,1.8,0.0,22,92,0,0,0,1,0
1,1,-8.10805,112.92,3676,1000,8.9,0.0,22,121,0,0,0,1,0
12,1,-8.10805,112.92,3676,500,5.7,45.0,20,131,0,0,0,1,0
10,1,-8.10805,112.92,3676,800,1.3,270.0,22,128,0,0,0,1,0
3,1,-8.10805,112.92,3676,800,4.5,22.5,22,184,0,0,0,1,0
2,1,-8.10805,112.92,3676,600,0.6,225.0,22,125,0,0,0,1,0
1,1,-8.10805,112.92,3676,700,6.6,22.5,21,117,0,0,0,1,0
2,1,-8.10805,112.92,3676,500,7.1,45.0,22,112,0,0,0,1,0
9,1,-8.10805,112.92,3676,500,5.5,180.0,22,115,0,0,0,1,0
6,1,-8.125,114.0419444,3332,2000,2.1,225.0,3,124,0,0,1,0,0
3,1,-8.10805,112.92,3676,500,1.1,0.0,21,115,0,0,0,1,0
2,1,-8.10805,112.92,3676,700,4.2,0.0,22,112,0,0,0,1,0
1,1,-8.10805,112.92,3676,500,8.9,0.0,22,110,0,0,0,1,0
11,1,-8.10805,112.92,3676,500,5.7,225.0,22,152,0,0,0,1,0
6,1,-8.125,114.0419444,3332,1000,2.2,180.0,5,124,0,0,1,0,0
12,1,-8.10805,112.92,3676,500,3.6,0.0,22,122,0,0,0,1,0
12,1,-7.941944444,112.95,2329,8325,7.1,240.0,9,124,1,0,0,0,0
3,1,-8.10805,112.92,3676,500,3.1,180.0,22,130,0,0,0,1,0
1,1,-8.10805,112.92,3676,1200,4.0,0.0,22,129,0,0,0,1,0
3,2,-7.54194,110.44194,2968,3000,1.8,135.0,38,165,0,1,0,0,0
4,1,-8.10805,112.92,3676,900,3.6,45.0,22,124,0,0,0,1,0
12,1,-8.10805,112.92,3676,700,7.4,337.5,21,141,0,0,0,1,0
4,1,-8.10805,112.92,3676,500,3.2,0.0,22,175,0,0,0,1,0
11,1,-8.10805,112.92,3676,1000,2.0,0.0,22,183,0,0,0,1,0
12,1,-8.10805,112.92,3676,800,6.3,45.0,22,129,0,0,0,1,0
2,1,-8.10805,112.92,3676,600,12.4,45.0,22,125,0,0,0,1,0
5,1,-8.10805,112.92,3676,800,2.9,0.0,22,102,0,0,0,1,0
2,1,-8.125,114.0419444,3332,11541,2.6,90.0,9,124,0,0,1,0,0
5,1,-8.10805,112.92,3676,300,2.5,225.0,20,54,0,0,0,1,0
12,1,-8.10805,112.92,3676,500,5.4,270.0,22,132,0,0,0,1,0
9,1,-8.10805,112.92,3676,800,10.7,180.0,22,121,0,0,0,1,0
12,1,-8.10805,112.92,3676,1000,4.8,315.0,22,140,0,0,0,1,0
1,1,-8.10805,112.92,3676,500,6.1,225.0,22,122,0,0,0,1,0
12,1,-8.10805,112.92,3676,700,2.1,225.0,22,99,0,0,0,1,0
2,1,-8.10805,112.92,3676,500,4.0,0.0,22,115,0,0,0,1,0
1,1,-8.10805,112.92,3676,1000,8.9,0.0,22,125,0,0,0,1,0
10,1,-8.10805,112.92,3676,800,5.5,180.0,22,128,0,0,0,1,0
9,1,-8.10805,112.92,3676,300,5.8,225.0,22,155,0,0,0,1,0
2,1,-8.125,114.0419444,3332,16021,5.4,90.0,9,124,0,0,1,0,0
12,1,-8.10805,112.92,3676,800,6.1,270.0,22,106,0,0,0,1,0
10,1,-8.10805,112.92,3676,500,3.9,225.0,22,128,0,0,0,1,0
5,1,-8.10805,112.92,3676,1000,3.8,270.0,22,118,0,0,0,1,0
10,1,-8.10805,112.92,3676,700,1.7,225.0,22,127,0,0,0,1,0
12,1,-8.10805,112.92,3676,700,2.2,157.5,21,113,0,0,0,1,0
3,1,-8.10805,112.92,3676,700,3.6,202.5,22,102,0,0,0,1,0
1,1,-8.10805,112.92,3676,800,13.5,45.0,22,93,0,0,0,1,0
7,1,-8.125,114.0419444,3332,1000,3.7,225.0,4,124,0,0,1,0,0
11,1,-8.10805,112.92,3676,400,5.5,270.0,22,89,0,0,0,1,0
4,1,-8.10805,112.92,3676,800,7.8,225.0,22,166,0,0,0,1,0
12,1,-8.10805,112.92,3676,700,2.2,225.0,22,125,0,0,0,1,0
8,1,-8.10805,112.92,3676,200,2.1,270.0,22,124,0,0,0,1,0
1,1,-8.10805,112.92,3676,600,3.7,202.5,22,134,0,0,0,1,0
11,1,-8.10805,112.92,3676,500,3.0,225.0,22,120,0,0,0,1,0
1,1,-8.10805,112.92,3676,500,5.1,135.0,22,190,0,0,0,1,0
1,1,-8.10805,112.92,3676,600,1.3,0.0,22,99,0,0,0,1,0
3,1,-8.10805,112.92,3676,500,0.8,157.5,22,118,0,0,0,1,0
2,1,-8.10805,112.92,3676,800,0.6,315.0,22,140,0,0,0,1,0
9,1,-8.10805,112.92,3676,700,4.8,225.0,22,164,0,0,0,1,0
1,1,-8.10805,112.92,3676,800,9.5,22.5,22,100,0,0,0,1,0
7,1,-8.10805,112.92,3676,600,4.0,247.5,22,93,0,0,0,1,0
4,1,-8.10805,112.92,3676,800,2.5,0.0,22,106,0,0,0,1,0
1,1,-8.10805,112.92,3676,700,1.9,45.0,23,123,0,0,0,1,0
5,1,-8.10805,112.92,3676,500,1.7,225.0,22,101,0,0,0,1,0
12,1,-8.10805,112.92,3676,500,9.7,0.0,22,110,0,0,0,1,0
12,1,-8.10805,112.92,3676,600,8.7,135.0,22,92,0,0,0,1,0
12,1,-8.10805,112.92,3676,1000,1.5,45.0,22,135,0,0,0,1,0
11,1,-8.10805,112.92,3676,800,3.1,225.0,22,115,0,0,0,1,0
1,1,-8.10805,112.92,3676,500,9.7,22.5,22,110,0,0,0,1,0
3,1,-8.10805,112.92,3676,400,5.8,225.0,22,121,0,0,0,1,0
12,1,-8.10805,112.92,3676,700,1.1,225.0,22,130,0,0,0,1,0
1,1,-8.10805,112.92,3676,600,3.6,225.0,21,117,0,0,0,1,0
5,1,-8.10805,112.92,3676,500,0.9,225.0,22,150,0,0,0,1,0
12,1,-8.10805,112.92,3676,700,2.7,225.0,22,101,0,0,0,1,0
1,1,-8.10805,112.92,3676,400,2.3,0.0,20,88,0,0,0,1,0
4,3,-7.941944444,112.95,2329,8645,6.1,45.0,9,124,1,0,0,0,0
12,1,-8.10805,112.92,3676,500,4.3,270.0,22,146,0,0,0,1,0
3,1,-8.10805,112.92,3676,500,4.3,45.0,21,118,0,0,0,1,0
1,1,-8.10805,112.92,3676,700,11.2,90.0,22,117,0,0,0,1,0
11,1,-8.10805,112.92,3676,800,1.9,225.0,22,120,0,0,0,1,0
6,1,-8.125,114.0419444,3332,1000,2.8,202.5,3,124,0,0,1,0,0
5,1,-8.10805,112.92,3676,800,2.3,202.5,22,107,0,0,0,1,0
12,1,-8.10805,112.92,3676,900,4.6,22.5,22,148,0,0,0,1,0
9,1,-8.10805,112.92,3676,500,6.0,225.0,22,128,0,0,0,1,0
1,1,-7.54194,110.44194,2968,1000,8.0,135.0,51,168,0,1,0,0,0
1,1,-8.10805,112.92,3676,800,1.3,0.0,22,127,0,0,0,1,0
8,1,-8.10805,112.92,3676,800,3.8,225.0,22,181,0,0,0,1,0
3,1,-7.941944444,112.95,2329,9925,2.5,180.0,9,124,1,0,0,0,0
4,1,-8.10805,112.92,3676,400,7.3,225.0,16,67,0,0,0,1,0
1,1,-8.10805,112.92,3676,700,9.7,0.0,22,124,0,0,0,1,0
1,1,-8.10805,112.92,3676,500,6.2,0.0,21,113,0,0,0,1,0
1,1,-8.10805,112.92,3676,600,6.1,90.0,20,118,0,0,0,1,0
2,1,-8.10805,112.92,3676,600,1.3,270.0,22,135,0,0,0,1,0
12,1,-8.10805,112.92,3676,600,2.6,315.0,21,146,0,0,0,1,0
11,1,-8.10805,112.92,3676,600,3.5,0.0,22,137,0,0,0,1,0
3,1,-8.10805,112.92,3676,500,2.3,225.0,22,165,0,0,0,1,0
2,1,-8.10805,112.92,3676,900,5.1,67.5,22,195,0,0,0,1,0
1,1,-8.10805,112.92,3676,500,7.6,22.5,21,116,0,0,0,1,0
8,1,-8.10805,112.92,3676,800,0.9,225.0,22,101,0,0,0,1,0
12,1,-8.10805,112.92,3676,600,6.4,45.0,20,117,0,0,0,1,0
2,1,-8.10805,112.92,3676,600,5.1,45.0,22,100,0,0,0,1,0
12,1,-8.10805,112.92,3676,500,3.0,45.0,22,123,0,0,0,1,0
12,1,-8.10805,112.92,3676,1000,1.4,202.5,22,153,0,0,0,1,0
8,1,-8.10805,112.92,3676,500,12.1,225.0,22,128,0,0,0,1,0
1,1,-8.10805,112.92,3676,300,6.2,22.5,22,75,0,0,0,1,0
1,1,-8.10805,112.92,3676,500,4.7,0.0,20,99,0,0,0,1,0
7,1,-8.10805,112.92,3676,500,0.3,45.0,22,124,0,0,0,1,0
1,1,-8.10805,112.92,3676,600,3.6,180.0,22,117,0,0,0,1,0
2,1,-8.10805,112.92,3676,500,2.9,22.5,22,117,0,0,0,1,0
4,1,-8.10805,112.92,3676,800,8.1,0.0,22,165,0,0,0,1,0
9,1,-8.10805,112.92,3676,700,12.7,225.0,22,137,0,0,0,1,0
9,1,-8.10805,112.92,3676,500,10.5,225.0,22,118,0,0,0,1,0
2,1,-8.10805,112.92,3676,700,10.4,0.0,22,123,0,0,0,1,0
1,1,-8.10805,112.92,3676,800,10.4,45.0,22,109,0,0,0,1,0
1,1,-8.10805,112.92,3676,900,6.8,112.5,22,114,0,0,0,1,0
2,1,-8.10805,112.92,3676,300,1.3,225.0,20,88,0,0,0,1,0
6,1,-8.125,114.0419444,3332,1200,2.2,135.0,4,124,0,0,1,0,0
2,1,-8.10805,112.92,3676,800,1.6,157.5,22,133,0,0,0,1,0
12,1,-8.10805,112.92,3676,500,5.3,225.0,22,127,0,0,0,1,0
1,1,-8.10805,112.92,3676,700,4.2,225.0,21,134,0,0,0,1,0
1,1,-8.10805,112.92,3676,800,8.4,0.0,22,121,0,0,0,1,0
2,1,-7.941944444,112.95,2329,8645,2.6,236.0,9,124,1,0,0,0,0
12,1,-8.10805,112.92,3676,700,3.4,22.5,22,106,0,0,0,1,0
6,1,-8.10805,112.92,3676,700,1.8,225.0,22,162,0,0,0,1,0
8,1,-8.10805,112.92,3676,900,2.9,202.5,22,102,0,0,0,1,0
4,1,-8.10805,112.92,3676,700,1.0,225.0,22,118,0,0,0,1,0
10,1,-8.10805,112.92,3676,400,2.2,270.0,22,122,0,0,0,1,0
8,1,-8.10805,112.92,3676,1000,3.4,225.0,22,89,0,0,0,1,0
10,1,-8.10805,112.92,3676,600,3.8,225.0,22,143,0,0,0,1,0
3,1,-8.10805,112.92,3676,300,9.0,0.0,22,122,0,0,0,1,0
2,1,-8.10805,112.92,3676,700,0.5,0.0,22,184,0,0,0,1,0
3,1,-8.10805,112.92,3676,600,0.5,225.0,22,122,0,0,0,1,0
10,1,-8.10805,112.92,3676,300,7.1,225.0,22,110,0,0,0,1,0
4,1,-8.10805,112.92,3676,600,8.1,0.0,23,114,0,0,0,1,0
10,1,-8.10805,112.92,3676,300,4.7,225.0,20,62,0,0,0,1,0
3,1,-8.10805,112.92,3676,600,1.1,0.0,21,101,0,0,0,1,0
7,1,-8.10805,112.92,3676,400,11.2,225.0,21,91,0,0,0,1,0
12,1,-8.10805,112.92,3676,500,0.9,45.0,21,144,0,0,0,1,0
1,1,-8.10805,112.92,3676,700,7.9,67.5,21,121,0,0,0,1,0
10,1,-8.10805,112.92,3676,700,1.7,225.0,22,125,0,0,0,1,0
2,1,-8.10805,112.92,3676,800,3.1,0.0,22,119,0,0,0,1,0
4,1,-8.10805,112.92,3676,800,1.5,180.0,22,120,0,0,0,1,0
10,1,-8.10805,112.92,3676,500,8.5,225.0,22,112,0,0,0,1,0
2,1,-8.10805,112.92,3676,700,1.5,0.0,22,103,0,0,0,1,0
7,1,-8.10805,112.92,3676,1000,10.9,202.5,22,243,0,0,0,1,0
5,1,-8.10805,112.92,3676,800,0.8,270.0,20,189,0,0,0,1,0
1,1,-8.10805,112.92,3676,400,7.1,0.0,19,57,0,0,0,1,0
5,1,-8.10805,112.92,3676,500,3.8,0.0,22,112,0,0,0,1,0
4,1,-8.10805,112.92,3676,500,0.3,225.0,22,113,0,0,0,1,0
12,1,-8.10805,112.92,3676,700,6.6,45.0,21,105,0,0,0,1,0
11,1,-8.10805,112.92,3676,900,1.3,180.0,22,122,0,0,0,1,0
6,1,-8.10805,112.92,3676,500,6.6,225.0,22,153,0,0,0,1,0
5,1,-8.10805,112.92,3676,400,1.5,225.0,21,86,0,0,0,1,0
11,1,-8.10805,112.92,3676,400,3.3,180.0,21,67,0,0,0,1,0
6,1,-8.10805,112.92,3676,700,0.6,225.0,22,97,0,0,0,1,0
12,1,-8.10805,112.92,3676,900,5.9,67.5,22,152,0,0,0,1,0
2,1,-8.10805,112.92,3676,900,1.2,225.0,22,133,0,0,0,1,0
4,1,-8.10805,112.92,3676,1000,8.0,225.0,22,190,0,0,0,1,0
9,1,-8.10805,112.92,3676,200,4.4,225.0,19,69,0,0,0,1,0
12,1,-8.10805,112.92,3676,500,7.8,270.0,22,120,0,0,0,1,0
9,1,-8.10805,112.92,3676,500,4.7,0.0,22,115,0,0,0,1,0
4,1,-8.10805,112.92,3676,900,6.3,292.5,22,125,0,0,0,1,0
7,1,-8.10805,112.92,3676,500,7.9,225.0,22,112,0,0,0,1,0
8,1,-8.10805,112.92,3676,600,1.2,225.0,22,99,0,0,0,1,0
2,1,-8.10805,112.92,3676,800,6.7,0.0,22,117,0,0,0,1,0
6,1,-8.10805,112.92,3676,1000,4.3,0.0,22,115,0,0,0,1,0
11,1,-8.10805,112.92,3676,1000,4.6,0.0,22,107,0,0,0,1,0
10,1,-8.10805,112.92,3676,400,3.1,225.0,22,127,0,0,0,1,0
4,1,-8.10805,112.92,3676,800,3.4,0.0,22,137,0,0,0,1,0
4,1,-8.10805,112.92,3676,600,3.6,0.0,22,171,0,0,0,1,0
5,1,-8.10805,112.92,3676,700,7.0,270.0,22,117,0,0,0,1,0
6,1,-8.10805,112.92,3676,600,7.8,202.5,22,105,0,0,0,1,0
12,1,-8.10805,112.92,3676,600,1.5,0.0,22,133,0,0,0,1,0
1,1,-8.10805,112.92,3676,500,1.9,45.0,22,92,0,0,0,1,0
4,1,-8.10805,112.92,3676,600,9.2,225.0,22,121,0,0,0,1,0
5,1,-7.54194,110.44194,2968,13370,7.9,135.0,52,163,0,1,0,0,0
4,1,-8.10805,112.92,3676,700,2.9,202.5,22,161,0,0,0,1,0
12,1,-8.10805,112.92,3676,400,5.0,0.0,222,99,0,0,0,1,0
12,1,-8.10805,112.92,3676,700,4.6,225.0,22,121,0,0,0,1,0
12,1,-8.10805,112.92,3676,800,3.0,225.0,19,103,0,0,0,1,0
12,1,-8.10805,112.92,3676,800,5.4,157.5,22,115,0,0,0,1,0
11,1,-8.10805,112.92,3676,2000,5.2,337.5,38,1000,0,0,0,1,0
11,1,-8.10805,112.92,3676,700,1.3,180.0,22,101,0,0,0,1,0
9,1,-8.10805,112.92,3676,400,3.5,270.0,22,96,0,0,0,1,0
12,1,-8.10805,112.92,3676,800,4.2,45.0,22,133,0,0,0,1,0
3,1,-8.10805,112.92,3676,1000,0.9,180.0,22,129,0,0,0,1,0
3,1,-8.10805,112.92,3676,500,3.7,0.0,22,123,0,0,0,1,0
1,1,-8.10805,112.92,3676,500,1.0,225.0,21,99,0,0,0,1,0
8,1,-8.10805,112.92,3676,300,11.3,225.0,22,112,0,0,0,1,0
3,1,-8.10805,112.92,3676,500,4.3,0.0,21,115,0,0,0,1,0
1,1,-8.10805,112.92,3676,500,1.4,225.0,22,130,0,0,0,1,0
10,1,-8.10805,112.92,3676,400,2.7,225.0,22,111,0,0,0,1,0
2,1,-8.10805,112.92,3676,1000,2.4,157.5,23,148,0,0,0,1,0
1,1,-7.54194,110.44194,2968,9210,8.4,315.0,45,120,0,1,0,0,0
3,1,-8.10805,112.92,3676,700,3.6,180.0,22,121,0,0,0,1,0
4,1,-8.10805,112.92,3676,800,7.0,0.0,22,110,0,0,0,1,0
10,1,-8.10805,112.92,3676,900,2.7,270.0,22,129,0,0,0,1,0
12,1,-8.10805,112.92,3676,700,7.1,180.0,22,117,0,0,0,1,0
1,1,-8.10805,112.92,3676,600,2.9,0.0,22,95,0,0,0,1,0
6,1,-8.10805,112.92,3676,400,3.1,247.5,21,75,0,0,0,1,0
12,1,-8.10805,112.92,3676,800,4.4,157.5,22,140,0,0,0,1,0
6,1,-8.10805,112.92,3676,1000,5.6,225.0,22,178,0,0,0,1,0
4,1,-8.10805,112.92,3676,800,1.7,0.0,22,124,0,0,0,1,0
5,1,-8.10805,112.92,3676,1000,0.9,225.0,22,121,0,0,0,1,0
12,1,-8.10805,112.92,3676,1000,1.1,45.0,22,110,0,0,0,1,0
7,1,-8.10805,112.92,3676,900,1.8,180.0,22,101,0,0,0,1,0
12,1,-8.10805,112.92,3676,700,5.4,225.0,22,114,0,0,0,1,0
4,1,-8.10805,112.92,3676,500,2.9,0.0,22,140,0,0,0,1,0
2,1,-8.10805,112.92,3676,900,2.5,180.0,22,125,0,0,0,1,0
1,1,-8.10805,112.92,3676,700,4.8,0.0,21,115,0,0,0,1,0
11,1,-8.10805,112.92,3676,800,3.6,180.0,22,125,0,0,0,1,0
1,1,-8.125,114.0419444,3332,11541,6.6,229.0,9,124,0,0,1,0,0
6,1,-8.10805,112.92,3676,700,2.7,0.0,22,190,0,0,0,1,0
12,1,-8.10805,112.92,3676,500,8.5,180.0,22,103,0,0,0,1,0
4,1,-8.10805,112.92,3676,900,1.9,0.0,22,123,0,0,0,1,0
12,1,-8.10805,112.92,3676,900,0.6,112.5,22,125,0,0,0,1,0
1,1,-8.10805,112.92,3676,900,6.2,0.0,22,125,0,0,0,1,0
12,1,-8.10805,112.92,3676,500,1.1,22.5,22,117,0,0,0,1,0
7,1,-8.10805,112.92,3676,1000,6.1,225.0,22,135,0,0,0,1,0
11,1,-8.10805,112.92,3676,500,5.5,225.0,22,88,0,0,0,1,0
8,1,-8.10805,112.92,3676,900,2.6,180.0,22,117,0,0,0,1,0
12,1,-8.10805,112.92,3676,900,7.6,135.0,22,168,0,0,0,1,0
3,1,-8.10805,112.92,3676,900,5.6,315.0,23,122,0,0,0,1,0
10,1,-8.10805,112.92,3676,500,6.2,225.0,22,115,0,0,0,1,0
1,1,-8.10805,112.92,3676,900,6.0,157.5,22,97,0,0,0,1,0
4,1,-8.10805,112.92,3676,700,1.5,180.0,22,123,0,0,0,1,0
4,1,-8.10805,112.92,3676,500,2.9,225.0,22,154,0,0,0,1,0
1,1,-8.10805,112.92,3676,500,6.2,0.0,20,99,0,0,0,1,0
12,1,-8.10805,112.92,3676,800,1.5,180.0,22,116,0,0,0,1,0
3,1,-8.10805,112.92,3676,500,7.7,45.0,20,108,0,0,0,1,0
12,1,-8.10805,112.92,3676,700,1.3,0.0,22,165,0,0,0,1,0
9,1,-7.54194,110.44194,2968,11130,7.6,225.0,52,152,0,1,0,0,0
6,1,-8.10805,112.92,3676,600,5.0,22.5,22,102,0,0,0,1,0
10,1,-8.10805,112.92,3676,400,0.6,180.0,21,78,0,0,0,1,0
1,1,-8.10805,112.92,3676,500,1.6,22.5,22,156,0,0,0,1,0
1,1,-8.10805,112.92,3676,500,4.7,0.0,20,101,0,0,0,1,0
6,1,-8.125,114.0419444,3332,600,9.9,22.5,4,124,0,0,1,0,0
1,1,-8.10805,112.92,3676,300,5.6,67.5,23,131,0,0,0,1,0
2,1,-8.10805,112.92,3676,700,7.7,180.0,22,112,0,0,0,1,0
1,1,-8.10805,112.92,3676,900,3.2,0.0,22,128,0,0,0,1,0
5,1,-8.10805,112.92,3676,500,2.5,0.0,22,78,0,0,0,1,0
10,1,-8.10805,112.92,3676,500,7.6,225.0,22,118,0,0,0,1,0
1,1,-8.10805,112.92,3676,700,2.6,225.0,22,112,0,0,0,1,0
6,1,-8.10805,112.92,3676,500,3.5,22.5,21,101,0,0,0,1,0
12,1,-8.10805,112.92,3676,800,1.1,45.0,22,112,0,0,0,1,0
6,1,-7.54194,110.44194,2968,1000,3.1,135.0,75,245,0,1,0,0,0
12,1,-8.10805,112.92,3676,500,5.5,225.0,22,115,0,0,0,1,0
9,1,-8.10805,112.92,3676,700,8.4,247.5,22,121,0,0,0,1,0
11,1,-8.10805,112.92,3676,500,0.9,225.0,22,118,0,0,0,1,0
2,1,-8.10805,112.92,3676,300,5.3,0.0,22,147,0,0,0,1,0
1,1,-8.10805,112.92,3676,400,6.9,0.0,22,110,0,0,0,1,0
5,1,-8.10805,112.92,3676,300,2.3,270.0,22,127,0,0,0,1,0
3,1,-7.54194,110.44194,2968,14970,3.1,270.0,50,180,0,1,0,0,0
8,1,-8.10805,112.92,3676,800,2.9,225.0,22,136,0,0,0,1,0
12,1,-8.10805,112.92,3676,1100,6.5,0.0,22,128,0,0,0,1,0
3,1,-8.10805,112.92,3676,500,3.2,45.0,21,102,0,0,0,1,0
12,1,-8.10805,112.92,3676,900,5.1,337.5,22,145,0,0,0,1,0
5,1,-8.10805,112.92,3676,500,9.1,0.0,22,132,0,0,0,1,0
2,1,-8.10805,112.92,3676,800,4.7,112.5,22,113,0,0,0,1,0
12,1,-8.10805,112.92,3676,600,0.6,225.0,21,110,0,0,0,1,0
10,1,-8.10805,112.92,3676,100,1.3,270.0,22,132,0,0,0,1,0
6,1,-8.125,114.0419444,3332,750,4.6,90.0,4,124,0,0,1,0,0
8,1,-8.10805,112.92,3676,500,3.2,270.0,22,166,0,0,0,1,0
4,1,-8.10805,112.92,3676,700,12.0,225.0,22,148,0,0,0,1,0
1,1,-8.10805,112.92,3676,1000,1.6,0.0,22,118,0,0,0,1,0
4,1,-8.10805,112.92,3676,600,6.3,315.0,22,131,0,0,0,1,0
8,1,-8.10805,112.92,3676,500,4.5,225.0,21,68,0,0,0,1,0
12,1,-8.10805,112.92,3676,900,9.0,90.0,22,164,0,0,0,1,0
10,1,-8.10805,112.92,3676,500,2.1,270.0,21,113,0,0,0,1,0
3,1,-8.10805,112.92,3676,800,4.5,67.5,22,129,0,0,0,1,0
10,1,-8.10805,112.92,3676,400,2.7,225.0,21,97,0,0,0,1,0
12,1,-8.10805,112.92,3676,700,1.2,337.5,22,129,0,0,0,1,0
5,1,-8.10805,112.92,3676,600,2.7,270.0,20,154,0,0,0,1,0
7,1,-8.10805,112.92,3676,800,14.0,270.0,22,123,0,0,0,1,0
12,1,-8.10805,112.92,3676,1000,3.1,90.0,18,140,0,0,0,1,0
3,1,-7.54194,110.44194,2968,11770,1.8,270.0,40,180,0,1,0,0,0
1,1,-8.10805,112.92,3676,1000,4.3,67.5,23,144,0,0,0,1,0
11,1,-8.10805,112.92,3676,500,3.6,180.0,22,89,0,0,0,1,0
3,1,-8.10805,112.92,3676,500,0.7,180.0,22,100,0,0,0,1,0
12,1,-8.10805,112.92,3676,500,7.4,157.5,22,135,0,0,0,1,0
4,1,-8.10805,112.92,3676,500,9.7,225.0,22,128,0,0,0,1,0
3,1,-8.10805,112.92,3676,800,2.5,292.5,22,124,0,0,0,1,0
11,1,-8.10805,112.92,3676,800,1.3,225.0,21,109,0,0,0,1,0
6,1,-8.10805,112.92,3676,400,1.9,0.0,22,68,0,0,0,1,0
1,1,-8.10805,112.92,3676,400,2.3,0.0,21,105,0,0,0,1,0
12,1,-8.10805,112.92,3676,800,1.7,225.0,21,113,0,0,0,1,0
12,1,-8.10805,112.92,3676,600,1.1,0.0,22,107,0,0,0,1,0
6,1,-8.10805,112.92,3676,700,1.1,225.0,22,101,0,0,0,1,0
1,1,-8.10805,112.92,3676,500,4.9,67.5,23,145,0,0,0,1,0
2,1,-8.125,114.0419444,3332,12821,3.0,67.5,9,124,0,0,1,0,0
1,1,-8.10805,112.92,3676,600,2.3,45.0,22,155,0,0,0,1,0
2,1,-8.125,114.0419444,3332,16021,6.8,90.0,9,124,0,0,1,0,0
5,1,-8.10805,112.92,3676,900,0.3,225.0,22,103,0,0,0,1,0
3,1,-8.10805,112.92,3676,800,1.3,225.0,21,144,0,0,0,1,0
1,1,-8.10805,112.92,3676,700,2.2,22.5,22,159,0,0,0,1,0
2,1,-8.10805,112.92,3676,600,2.3,180.0,22,119,0,0,0,1,0
1,1,-8.10805,112.92,3676,600,11.6,45.0,22,124,0,0,0,1,0
12,1,-8.10805,112.92,3676,1000,4.9,67.5,22,122,0,0,0,1,0
2,1,-8.10805,112.92,3676,800,0.6,337.5,22,140,0,0,0,1,0
10,1,-8.10805,112.92,3676,700,1.8,0.0,22,135,0,0,0,1,0
1,1,-8.10805,112.92,3676,600,10.1,45.0,12,96,0,0,0,1,0
1,3,-7.241944444,109.2080556,3432,10219,2.6,146.0,9,124,0,0,0,0,1
4,1,-8.10805,112.92,3676,400,0.9,225.0,21,110,0,0,0,1,0
3,1,-8.10805,112.92,3676,600,9.3,45.0,22,143,0,0,0,1,0
3,1,-8.10805,112.92,3676,900,1.7,315.0,23,133,0,0,0,1,0
2,1,-8.10805,112.92,3676,300,5.0,0.0,22,128,0,0,0,1,0
5,1,-8.10805,112.92,3676,1000,0.2,270.0,22,271,0,0,0,1,0
1,1,-8.10805,112.92,3676,600,0.9,225.0,19,85,0,0,0,1,0
3,1,-8.10805,112.92,3676,900,0.9,202.5,22,137,0,0,0,1,0
