jarak_km,luas_km2,sudut_deg,radius_km
12.213570232467887,337.39669823527163,16.19274886425842,7.364001181426023
12.213570232467887,153.37162676804678,24.28809486025051,7.269422101706802
15.494548664354904,214.72027747526548,54.55068623090921,8.383492448858332
12.431279497761324,368.04627637664686,112.99971342783162,7.444311250648511
22.656981086711905,490.7588337967587,280.440845942059,12.870714052344228
24.76132189975276,368.0003682267184,237.86376859608856,13.3566017638629
29.76099218188649,1042.7328457822414,249.866410176406,15.963223547770085
12.237024358840278,153.36213556152524,292.6817257539522,6.19526564903739
7.671131386339246,122.68970844918528,290.94180385890155,4.684825971586666
7.671131386339246,122.68970844918528,290.94180385890155,4.684825971586666
7.671131386339246,122.68970844918528,69.05819614109845,4.684825971586667
12.237024358840278,122.68970844922018,272.0473468113568,6.408353004978977
31.143961434608883,398.8153561079927,308.7882115181951,17.46472889526355
22.01769522279153,1104.0700720046868,200.40819180286127,12.783081797932168
23.3189554732816,214.73352428474672,292.86489592617744,12.03367613897351
31.143174241878,306.7583974190801,225.8005462965296,14.825021905941895
5.508426167779602,306.705230313868,223.87026852672176,2.8626281373681906
12.213570232467887,153.37162676804678,335.7119051397495,7.269422101706802
35.252553388016295,613.5620863199888,313.503964383718,18.494914433820508
15.494548664356016,153.37162676809035,320.66264137359383,8.187799323078194
12.213570232467887,122.69730141443742,323.6749979521214,6.361111987758738
17.358510364564754,214.73352428474672,341.8713804109474,10.024004251832247
126.9606228376309,3753.250682633985,265.58948967813683,77.03435579208286
7.671131386339246,122.68970844918528,290.94180385890155,4.684825971586666
34.912556403892246,1380.0013808501938,240.80629294646724,17.244594189275908
12.213570232467887,153.37162676804678,335.7119051397495,7.269422101706802
35.29348358965698,398.7613002429145,221.9204275224468,18.485668465855927
12.213570232467887,122.69730141443742,323.6749979521214,6.361111987758738
15.494548664356016,153.37162676809035,320.66264137359383,8.187799323078194
7.671131386339246,122.68970844918528,290.94180385890155,4.684825971586666
12.213570232467887,153.37162676804678,335.7119051397495,7.269422101706802
24.62149621199832,490.8496690559911,329.05918118849416,13.832085045280046
49.82776582224859,858.8279591443278,89.28526453257695,25.892398388548163
19.805019780306363,306.7621775497254,328.1244680054083,11.09760243752677
7.671131386339246,122.68970844918528,290.94180385890155,4.684825971586666
17.358510364564754,153.3810887748191,329.65272076785635,8.560591663119942
17.356332494463032,153.36213556148164,83.5844651644023,8.597948902875507
17.358510364564754,184.0573065297829,337.2196970650872,8.950936812183128
17.358510364564754,184.0573065297829,337.2196970650872,8.950936812183128
12.213570232467887,122.69730141443742,323.6749979521214,6.361111987758738
12.601602777969266,184.0001841133592,155.49421485362862,7.236421726150728
12.237024358840278,184.0459521217084,302.9244066793867,7.198316412942472
140.91281464648597,1320.304978680936,319.6173012751517,75.18042098365152
17.356332494464517,245.39460282887484,291.55351450581543,9.354707311042306
5.34291622527104,306.7242711229807,90.0,2.7798731661139087
19.805019780306363,337.438395304698,313.9598041192849,10.70555353897382
17.358510364564754,214.73352428474672,341.8713804109474,10.024004251832247
12.237024358840278,122.68970844922018,272.0473468113568,6.408353004978977
19.78881681526105,306.7621775496382,307.3998666060773,11.318810681630117
15.494548664356016,184.0459521217084,294.0972579094825,8.890255152789969
17.358510364564754,368.1146130595658,360.0,9.8690078401464
15.494548664356016,214.7202774753265,305.4493137690894,8.383492448858693
12.213570232467887,153.37162676804678,335.7119051397495,7.269422101706802
24.57071414231177,306.7432535360936,286.1739141914819,13.651125430735217
7.671131386339246,122.68970844918528,290.94180385890155,4.684825971586666
23.62279631574523,429.3337629311561,227.91954727264584,12.260003356787475
7.671131386339246,122.68970844918528,290.94180385890155,4.684825971586666
5.508426167779602,306.705230313868,136.12973147327824,2.8626281373681906
29.76099218188649,1441.6040742779787,269.0695683147652,15.207463402724477
12.237024358840278,184.0459521217084,302.9244066793867,7.198316412942472
19.805019780306363,306.7621775497254,328.1244680054083,11.09760243752677
12.213570232467887,153.37162676804678,5.884160094591692,7.269422101706802
12.237024358840278,153.36213556152524,271.1678272182759,7.328772220849376
7.671131386339246,122.68970844918528,290.94180385890155,4.684825971586666
17.358510364564754,153.3810887748191,329.65272076785635,8.560591663119942
10.902662557499054,122.69730141443742,22.928464667820208,6.03338506901653
35.252553388016295,368.1372517919933,298.9949226525957,19.56417756236063
15.494548664354904,521.3988915337312,142.8801826940805,8.963309475518786
41.90528157252289,644.2005728542402,74.9780237632533,23.9406243307496
5.508426167779602,306.705230313868,136.12973147327824,2.8626281373681906
7.671131386339246,122.68970844918528,290.94180385890155,4.684825971586666
10.902662557499054,460.1148803041664,0.0,5.487469629908958
7.671131386339246,122.68970844918528,290.94180385890155,4.684825971586666
12.237024358840278,153.36213556152524,271.1678272182759,7.328772220849376
15.494548664354904,214.72027747526548,54.55068623090921,8.383492448858332
17.356332494463032,460.0864066844613,50.196980657671645,8.639106068461244
24.57071414231177,736.1838084866507,306.6640281250711,12.101807500968908
12.213570232467887,122.69730141443742,346.6034626199416,7.16899478054869
7.671131386339246,122.68970844918528,69.05819614109845,4.684825971586667
19.78881681526105,306.7432535360936,290.23789136231943,11.114036958981666
7.978772093601114,122.67445244496956,148.56736113210312,4.870151201880573
17.358510364564754,368.1146130595658,360.0,9.8690078401464
7.671131386339246,122.68970844918528,69.05819614109845,4.684825971586667
17.358510364564754,153.3810887748191,329.65272076785635,8.560591663119942
7.671131386339246,122.68970844918528,290.94180385890155,4.684825971586666
19.805019780306363,306.7621775497254,328.1244680054083,11.09760243752677
15.494548664356016,153.37162676809035,320.66264137359383,8.187799323078194
32.14950655266692,705.6396558362119,327.3919478388225,16.292912426368936
12.213570232467887,122.69730141443742,36.32500204787863,6.361111987758738
12.780868492280144,153.35833090331818,300.306732997592,7.746004604195605
22.760499255148485,920.1728133689226,289.73224645444583,12.531857768443356
27.521638416114943,766.763075784681,263.7292218690341,13.397441490908854
20.56774794853012,184.05276897144088,331.7050971937186,10.808584514424169
12.213570232467887,214.72027747526548,360.0,8.033116018191592
5.34291622527104,306.7242711229807,90.0,2.7798731661139087
7.671131386339246,122.68970844918528,290.94180385890155,4.684825971586666
28.03630333835644,1288.4011457085262,320.9019297645912,15.494898411086192
44.03378757601534,736.0467146698174,95.59592599032726,21.907823929282745
27.49404494471941,368.1146130595658,290.8741159573181,15.610354560446096
7.671131386339246,92.01728133688896,314.1430706643596,4.410292572855688
27.49404494471941,889.6103148939824,312.8828678923131,14.604236203443149
12.237024358840278,122.68970844922018,272.0473468113568,6.408353004978977
7.671131386339246,122.68970844918528,290.94180385890155,4.684825971586666
7.671131386339246,122.68970844918528,290.94180385890155,4.684825971586666
19.805019780306363,306.7621775496382,312.4614915984068,11.563679410214302
5.34291622527104,306.7242711229807,90.0,2.7798731661139087
15.494548664354904,184.0459521216561,61.62527984479468,7.745146151590074
12.601602777969266,153.33348676113263,166.30808595066625,7.582020837824953
15.494548664356016,214.7202774753265,305.4493137690894,8.383492448858693
17.358510364564754,184.0573065297829,337.2196970650872,8.950936812183128
24.76132189975276,552.0694145649703,255.15302832511225,12.832376504088622
7.671131386339246,122.68970844918528,290.94180385890155,4.684825971586666
16.462408889726973,613.5243550993113,0.0,8.231204444863462
17.358510364564754,214.73352428474672,341.8713804109474,10.024004251832247
27.749362345145567,1410.844059443813,259.6383414073819,14.922863194604997
15.800788837819136,214.6668814655857,142.5776149134907,8.616325131581716
7.978772093601114,245.3641842510979,239.27362798552207,5.709276246656428
7.671131386339246,122.68970844918528,290.94180385890155,4.684825971586666
51.10745336319684,398.7563678521664,288.85958190119584,25.85323296978671
22.01769522279153,828.1555320320304,293.24089976321943,11.897884309505873
12.213570232467887,214.72027747526548,360.0,8.033116018191592
12.213570232467887,122.69730141443742,346.6034626199416,7.16899478054869
7.671131386339246,122.68970844918528,290.94180385890155,4.684825971586666
19.788816815259747,184.0459521216561,77.7986864276904,10.463093554939547
7.671131386339246,122.68970844918528,290.94180385890155,4.684825971586666
12.214537244300798,153.39804679778484,204.285892183454,7.270054636969284
19.805019780305493,214.73352428474672,34.0535800254402,11.1575038228943
60.78475186555029,1196.2246573795994,87.10837725279083,32.60807552743399
17.358510364564754,368.1146130595658,360.0,9.8690078401464
16.51389428621559,613.410460627736,109.67934966549674,8.312399911320345
12.213570232467887,153.37162676804678,54.43807681462738,6.190574823762911
5.34291622527104,306.7242711229807,90.0,2.7798731661139087
12.237024358840278,368.0691253476736,311.50803539612343,7.41718660130498
7.671131386339246,122.68970844918528,290.94180385890155,4.684825971586666
10.902662557499054,460.1148803041664,0.0,5.487469629908958
5.34291622527104,306.7242711229807,90.0,2.7798731661139087
16.462408889726973,153.3810887748191,351.14264911916723,9.027677602384347
12.601602777969266,184.0001841133592,155.49421485362862,7.236421726150728
7.671131386339246,122.68970844918528,69.05819614109845,4.684825971586667
12.780868492280144,122.68666472265454,307.5172120057565,6.873568976606247
7.671131386339246,122.68970844918528,290.94180385890155,4.684825971586666
31.143961434608883,552.20587768799,322.44418550263845,16.655993654387807
15.800788837819136,214.6668814655857,142.5776149134907,8.616325131581716
17.358510364564754,153.3810887748191,329.65272076785635,8.560591663119942
7.671131386339246,122.68970844918528,290.94180385890155,4.684825971586666
12.779518093039732,184.00478613884337,268.099324436889,7.745627488394713
12.213570232467887,276.06892818248417,360.0,7.472073829211148
12.213570232467887,153.37162676804678,54.43807681462738,6.190574823762911
17.358510364564754,214.73352428474672,341.8713804109474,10.024004251832247
5.508426167779602,306.705230313868,223.87026852672176,2.8626281373681906
12.213570232467887,153.37162676804678,335.7119051397495,7.269422101706802
19.78881681526105,214.72027747526548,295.90790681697314,10.447192533142982
22.01769522279153,766.8106778074355,268.3457752633509,11.92947454121644
12.431279497761324,153.34306555621197,122.168616097019,7.429151390085646
15.494548664356016,153.37162676809035,320.66264137359383,8.187799323078194
17.356332494464517,460.0864066844613,297.3958613561687,9.729675366503727
193.4896053385237,4586.427727596681,262.5815864203237,109.59528251184696
12.237024358840278,122.68970844922018,272.0473468113568,6.408353004978977
5.34291622527104,306.7242711229807,90.0,2.7798731661139087
34.92336039463865,1594.966209839409,302.44467211390946,16.295194959945576
12.213570232467887,184.0459521216561,348.354122708439,8.093446790166983
12.237024358840278,153.36213556152524,271.1678272182759,7.328772220849376
38.96600368928141,398.7613002429145,222.9054925174944,20.32966871323359
7.671131386339246,122.68970844918528,290.94180385890155,4.684825971586666
12.601602777969266,184.0001841133592,143.89109617627446,7.418914513875479
35.252553388016295,613.5620863199888,303.05774433825934,19.014396724539303
16.19508197677124,214.7149673050127,319.94276604311983,8.972800596166095
35.252553388016295,582.8839820039893,307.98483871649745,19.539052659565343
10.902662557499054,460.1148803041664,0.0,5.487469629908958
12.780868492280144,153.35833090331818,300.306732997592,7.746004604195605
12.213570232467887,153.37162676804678,335.7119051397495,7.269422101706802
35.252553388016295,613.5620863199888,310.64489192789324,18.396688677556188
0.2168301069567775,766.7630757847135,180.0,0.2168301069567793
19.788816815259747,214.72027747526548,80.21018756184964,10.541287201995242
12.213570232467887,153.37162676804678,335.7119051397495,7.269422101706802
19.78881681526105,490.7588337967587,295.01350853165843,9.81930585488962
7.671131386339246,122.68970844918528,69.05819614109845,4.684825971586667
23.3189554732816,306.7621775496382,309.1083794274716,12.159723921085988
19.78881681526105,460.0864066844613,287.8565559693101,9.962517486126307
12.601602777969266,184.0001841133592,155.49421485362862,7.236421726150728
0.2168301069567775,766.7630757847135,180.0,0.2168301069567793
27.52736533366064,245.4067179352641,218.947322288668,13.949546015770768
15.494548664354904,582.7399375965231,115.49289097745478,9.236447045988754
12.431279497761324,184.0116786674544,132.26302531014312,7.1537222316021705
17.358510364564754,245.4097420397105,349.2105730528565,10.297699999411702
17.358510364564754,184.0573065297829,337.2196970650872,8.950936812183128
7.671131386339246,122.68970844918528,290.94180385890155,4.684825971586666
12.237024358840278,153.36213556152524,271.1678272182759,7.328772220849376
10.902662557499054,122.69730141443742,337.0715353321798,6.03338506901653
24.57071414231177,337.438395304602,294.23874957579187,13.580618084217248
7.978772093601114,122.67445244496956,148.56736113210312,4.870151201880573
19.805019780306363,337.438395304698,313.9598041192849,10.70555353897382
7.671131386339246,214.69366121971063,0.0,5.385062554235759
54.45898171320039,552.6961620587717,253.74840880715533,28.84145596116452
15.494548664354904,153.37162676804678,76.52747745948085,8.22559213685388
17.356332494463032,184.034562673778,85.22727653006422,9.000032266451157
15.494548664356016,245.39460282894456,314.32332335076046,8.698388712438739
15.494548664356016,245.39460282894456,314.32332335076046,8.698388712438739
15.494548664354904,153.37162676804678,76.52747745948085,8.22559213685388
49.537884442127066,1165.552230267302,90.64829560911554,25.24973853524513
29.76099218188649,1042.7328457822414,249.866410176406,15.963223547770085
41.928901065001824,460.76668820691503,63.77942210575637,21.614938471063347
7.671131386339246,122.68970844918528,69.05819614109845,4.684825971586667
16.462408889726973,613.5243550993113,0.0,8.231204444863462
17.358510364564754,276.08595979467435,357.03613908641535,10.005859042403651
31.143961434608883,521.5277733719905,320.79236289563283,16.300469039734587
12.213570232467887,153.37162676804678,335.7119051397495,7.269422101706802
23.3189554732816,368.1146130595658,317.3565292647865,12.488201011076972
12.214537244300798,122.71843743822788,216.3218024863717,6.361748207083767
12.213570232467887,153.37162676804678,305.5619231853726,6.19057482376291
17.358510364564754,184.0573065297829,22.78030293491281,8.950936812183128
7.978772093601114,245.3641842510979,239.27362798552207,5.709276246656428
7.671131386339246,122.68970844918528,290.94180385890155,4.684825971586666
29.604884777395323,306.7432535360936,76.43062990780473,15.062159042038568
56.11766544255818,1073.5349489304097,88.44586272554676,29.838559405791823
24.57071414231177,429.4139795721639,284.58078389848583,13.772645681385326
7.671131386339246,122.68970844918528,290.94180385890155,4.684825971586666
17.358510364564754,214.73352428474672,341.8713804109474,10.024004251832247
7.671131386339246,122.68970844918528,290.94180385890155,4.684825971586666
12.213570232467887,337.39669823527163,16.19274886425842,7.364001181426023
12.213570232467887,122.69730141443742,36.32500204787863,6.361111987758738
24.57071414231177,306.7432535360936,291.7207581734798,12.606784345310812
12.237024358838871,122.68970844918528,87.95265318864219,6.408353004978625
35.252553388016295,644.2401906359883,306.8050918847208,18.580705581023462
12.213570232467887,153.37162676804678,335.7119051397495,7.269422101706802
24.57071414231177,276.06892818248417,276.806488726298,14.428829838097114
23.3189554732816,337.438395304602,306.67513745502873,12.632142882302215
19.805019780306363,276.08595979467435,308.2300499233825,10.919809304175365
24.76132189975276,797.4335988160682,265.3942789606574,13.845306387301186
12.780868492280144,153.35833090331818,300.306732997592,7.746004604195605
47.38777591158109,398.7613002430278,241.81955529407003,23.88005179286708
31.143961434608883,552.20587768799,322.44418550263845,16.655993654387807
17.358510364564754,276.08595979475285,328.4367606929086,10.130111621662373
27.52765006151073,368.1372517919933,313.8449527617429,13.87361663641128
15.494548664356016,153.37162676809035,320.66264137359383,8.187799323078194
23.3189554732816,337.438395304602,312.7501576973872,12.632340870493149
29.604884777395323,306.7432535360936,76.43062990780473,15.062159042038568
17.358510364564754,214.73352428474672,341.8713804109474,10.024004251832247
12.237024358838871,153.36213556148164,67.31827424604677,6.1952656490371085
74.2352942625202,797.3241509945638,233.271717816946,41.81932338669948
17.358510364564754,276.08595979467435,357.03613908641535,10.005859042403651
12.213570232467887,214.72027747526548,360.0,8.033116018191592
15.494548664354904,184.0459521216561,61.62527984479468,7.745146151590074
23.3189554732816,306.7621775496382,309.1083794274716,12.159723921085988
34.78196220061207,981.7595211634252,322.750657833456,18.486745706018443
12.237024358840278,153.36213556152524,292.6817257539522,6.19526564903739
17.358510364564754,521.4635310115257,332.4827666817999,9.181986273276989
24.57071414231177,276.06892818248417,282.49558531333,13.44630062699957
19.78881681526105,521.4312609090562,271.58576924840185,10.618854307562929
17.358510364564754,214.73352428474672,18.12861958905262,10.024004251832247
17.358510364564754,153.3810887748191,329.65272076785635,8.560591663119942
15.494548664356016,214.7202774753265,305.4493137690894,8.383492448858693
5.776576439184794,92.00583933372718,206.10268734687787,3.833944237973726
20.02762638344435,184.0001841133592,234.26156385216223,10.6092818939834
15.494548664356016,214.7202774753265,305.4493137690894,8.383492448858693
17.358510364564754,214.73352428474672,341.8713804109474,10.024004251832247
17.358510364564754,184.0573065297829,337.2196970650872,8.950936812183128
17.492757114355847,214.6802917786968,244.8405869300006,10.164629764429169
7.671131386339246,122.68970844918528,290.94180385890155,4.684825971586666
12.237024358840278,184.0459521217084,302.9244066793867,7.198316412942472
7.671131386339246,122.68970844918528,290.94180385890155,4.684825971586666
5.34291622527104,306.7242711229807,90.0,2.7798731661139087
15.494548664356016,214.7202774753265,305.4493137690894,8.383492448858693
17.358510364564754,276.08595979467435,357.03613908641535,10.005859042403651
5.508426167779602,306.705230313868,223.87026852672176,2.8626281373681906
12.431279497761324,153.34306555621197,122.168616097019,7.429151390085646
12.213570232467887,153.37162676804678,24.28809486025051,7.269422101706802
35.29577131494857,736.3196408725689,321.4962166122058,17.594869927894127
7.671131386339246,122.68970844918528,290.94180385890155,4.684825971586666
12.431279497762713,214.69366121977168,239.2672177810696,7.22763782513646
56.11766544255818,1073.5349489304097,88.44586272554676,29.838559405791823
20.56774794853012,276.07915345716134,315.5837925326548,10.512566581805093
15.494548664356016,153.37162676809035,320.66264137359383,8.187799323078194
38.95735122248462,2760.3470728252432,262.3405661643325,17.55241323262323
35.71918039151468,645.1101829263439,305.7098558278996,19.84163082316228
35.252553388016295,644.2401906359883,311.2155382857068,18.13851132194005
15.494548664356016,245.39460282894456,314.32332335076046,8.698388712438739
17.358510364564754,214.73352428474672,341.8713804109474,10.024004251832247
17.356332494464517,337.3757533452596,263.44515945589524,9.276693830977107
12.213570232467887,153.37162676804678,54.43807681462738,6.190574823762911
12.213570232467887,153.37162676804678,24.28809486025051,7.269422101706802
17.358510364564754,214.73352428474672,341.8713804109474,10.024004251832247
31.143961434608883,337.45914747599386,303.5167094546403,17.291491744905453
17.358510364564754,153.3810887748191,329.65272076785635,8.560591663119942
24.76132189975276,306.68613111242394,263.9023363378862,12.519944639679988
22.656981086711905,582.7761151336509,284.43281890624525,12.120094485291093
17.358510364564754,214.73352428474672,341.8713804109474,10.024004251832247
17.80995215487662,214.70166326464545,294.474510661497,10.46788119926387
32.14950655266692,736.2745035840128,323.1731566504409,15.672604608657895
7.671131386339246,122.68970844918528,290.94180385890155,4.684825971586666
15.494548664356016,214.7202774753265,305.4493137690894,8.383492448858693
12.237024358840278,153.36213556152524,271.1678272182759,7.328772220849376
12.213570232467887,184.0459521216561,40.36946032478952,6.975922779385602
19.78881681526105,521.4312609090562,286.0387624125964,10.918065818295725
19.788816815259747,214.72027747526548,80.21018756184964,10.541287201995242
10.902662557499054,460.1148803041664,0.0,5.487469629908958
12.213570232467887,153.37162676804678,335.7119051397495,7.269422101706802
15.494548664354904,184.0459521216561,61.62527984479468,7.745146151590074
73.43629021304137,2392.3007964482044,90.9258942578008,40.3421649349152
22.656981086711905,276.06892818248417,273.34788417641323,14.145161069261531
7.671131386339246,92.01728133688896,258.70266916859066,4.465462553691876
17.358510364564754,214.73352428474672,18.12861958905262,10.024004251832247
15.494548664354904,214.72027747526548,54.55068623090921,8.383492448858332
12.431279497761324,153.34306555621197,141.42898241553644,6.382376861056723
15.494548664356016,214.7202774753265,318.4997830179895,8.192869334381374
27.52765006151073,337.45914747599386,310.73152945697615,13.556808115670057
12.601602777969266,552.0694145651271,133.32081859397852,8.8887747338573
11.01044908432941,460.057845470802,117.91815558390888,5.57856845302193
17.356332494464517,184.034562673778,266.1266093174148,10.473826083098215
5.508426167779602,306.705230313868,136.12973147327824,2.8626281373681906
17.492757114354365,184.0116786674544,119.71356410228567,9.1064190107971
7.671131386339246,122.68970844918528,69.05819614109845,4.684825971586667
12.237024358838871,122.68970844918528,87.95265318864219,6.408353004978625
17.358510364564754,184.0573065297829,337.2196970650872,8.950936812183128
12.213570232467887,153.37162676804678,335.7119051397495,7.269422101706802
7.671131386339246,92.01728133688896,314.1430706643596,4.410292572855688
11.010449084330975,460.0578454709328,242.0818444160912,5.578568453022451
12.213570232467887,122.69730141443742,36.32500204787863,6.361111987758738
19.805019780306363,306.7621775496382,303.2998692044061,10.928873282190924
15.800788837819136,214.6668814655857,142.5776149134907,8.616325131581716
24.57071414231177,736.1838084866507,292.69858352609066,13.80162281885788
27.52765006151073,398.8153561079927,317.92399707365115,13.645081707264184
7.671131386339246,92.01728133688896,314.1430706643596,4.410292572855688
17.769679912765515,183.98865452821968,165.55395677392568,9.279964016981712
12.431279497761324,153.34306555621197,122.168616097019,7.429151390085646
7.978772093601114,92.00583933372718,136.2357821885781,4.568009456112498
29.604884777395323,1196.224657379557,297.422022591848,16.10948212972828
29.604884777395323,521.4957018343849,303.1109889566196,15.97936212384462
17.358510364564754,184.0573065297829,337.2196970650872,8.950936812183128
15.494548664356016,214.7202774753265,305.4493137690894,8.383492448858693
17.358510364564754,184.0573065297829,348.6933114705204,10.416149729414414
51.96281071742945,460.1091925879783,246.34206503869663,26.58266197686765
12.601602777969266,184.0001841133592,155.49421485362862,7.236421726150728
30.17094496853403,385.675937056063,243.72974651414336,16.130328684022196
20.56774794853012,276.07915345716134,323.34262939534767,11.281850849452924
17.358510364564754,184.0573065297829,11.30668852947963,10.416149729414414
24.57071414231177,337.4175788897029,292.55444102121555,12.895833684783923
17.356332494464517,184.034562673778,266.1266093174148,10.473826083098215
31.143961434608883,552.20587768799,322.44418550263845,16.655993654387807
17.358510364564754,368.1146130595658,360.0,9.8690078401464
27.52765006151073,337.45914747599386,310.73152945697615,13.556808115670057
12.213570232467887,153.37162676804678,335.7119051397495,7.269422101706802
12.213570232467887,153.37162676804678,335.7119051397495,7.269422101706802
102.5994213129188,1441.0448014495942,227.52231571313,63.26288682551384
17.358510364564754,276.08595979467435,2.963860913584625,10.005859042403651
23.3189554732816,337.438395304602,306.67513745502873,12.632142882302215
19.805019780306363,582.812181718764,334.0269331423001,10.458381926104076
12.213570232467887,153.37162676804678,335.7119051397495,7.269422101706802
5.34291622527104,306.7242711229807,90.0,2.7798731661139087
5.508426167779602,306.705230313868,136.12973147327824,2.8626281373681906
12.213570232467887,122.69730141443742,36.32500204787863,6.361111987758738
19.78881681526105,184.0459521216561,282.2013135723082,10.463093554940246
7.671131386339246,122.68970844918528,290.94180385890155,4.684825971586666
24.76132189975276,306.66697352226527,235.9927851175964,12.796453804231742
12.213570232467887,122.69730141443742,323.6749979521214,6.361111987758738
10.902662557499054,122.69730141443742,337.0715353321798,6.03338506901653
7.671131386339246,122.68970844918528,69.05819614109845,4.684825971586667
43.03107271685472,368.0873540703826,235.98210632509245,19.758118842955376
7.671131386339246,122.68970844918528,290.94180385890155,4.684825971586666
12.213570232467887,153.37162676804678,305.5619231853726,6.19057482376291
17.492757114355847,490.7283685021958,262.86358940968,10.122982306880308
27.52736533366064,245.4067179352641,218.947322288668,13.949546015770768
24.57071414231177,276.06892818248417,282.49558531333,13.44630062699957
12.213570232467887,153.37162676804678,335.7119051397495,7.269422101706802
23.3189554732816,368.1146130595658,317.3565292647865,12.488201011076972
0.2168301069567775,766.7630757847135,180.0,0.2168301069567793
49.82776582224859,858.8279591443278,89.28526453257695,25.892398388548163
7.671131386339246,122.68970844918528,290.94180385890155,4.684825971586666
15.494548664354904,214.72027747526548,54.55068623090921,8.383492448858332
12.213570232467887,153.37162676804678,24.28809486025051,7.269422101706802
31.62230968060985,737.2687804872502,311.30148564290755,18.182377674353862
7.978772093601114,92.00583933372718,165.7906008700023,4.657392879914229
23.3189554732816,306.7621775496382,309.1083794274716,12.159723921085988
17.358510364564754,153.3810887748191,329.65272076785635,8.560591663119942
19.805019780305493,214.73352428474672,34.0535800254402,11.1575038228943
19.805019780306363,552.137856364988,309.97252848842896,10.37336840926016
24.62149621199832,1012.252736669145,308.086823974466,13.398648384562769
17.358510364564754,184.0573065297829,337.2196970650872,8.950936812183128
7.671131386339246,122.68970844918528,69.05819614109845,4.684825971586667
7.671131386339246,122.68970844918528,290.94180385890155,4.684825971586666
29.76099218188649,889.3342232145694,240.0948596027657,15.71221953333905
12.431279497761324,153.34306555621197,122.168616097019,7.429151390085646
52.20991944600394,1196.298688790807,83.45840408234562,29.081475363482312
7.671131386339246,122.68970844918528,290.94180385890155,4.684825971586666
12.213570232467887,337.39669823527163,16.19274886425842,7.364001181426023
45.36822351835609,1686.7737211182716,253.42796625674288,19.79226489142409
7.671131386339246,153.36213556148164,49.28317048126843,4.849546010825253
28.03630333835644,889.6103148939824,53.091317418591416,15.50002531999482
19.805019780306363,276.08595979467435,308.2300499233825,10.919809304175365
17.358510364564754,276.08595979467435,357.03613908641535,10.005859042403651
24.57071414231177,398.79083081452967,301.113445637014,14.350025313173912
12.213570232467887,153.37162676804678,335.7119051397495,7.269422101706802
12.237024358838871,122.68970844918528,87.95265318864219,6.408353004978625
12.213570232467887,153.37162676804678,335.7119051397495,7.269422101706802
32.073123865856594,613.5620863199888,304.83132318800847,18.119694573366736
12.213570232467887,122.69730141443742,346.6034626199416,7.16899478054869
16.19508197677124,245.3885340628717,324.99267123513897,9.310879213026093
12.237024358840278,122.68970844922018,272.0473468113568,6.408353004978977
17.80995215487662,184.0299970839818,298.4626504979016,9.423329195975771
19.805019780306363,644.1608324260023,351.5078473870988,10.927262219519028
29.76099218188649,398.6919704461511,255.1754993649697,15.38817490491448
19.788816815259747,245.39460282887484,75.01980405700047,11.160444884790198
15.494548664354904,153.37162676804678,76.52747745948085,8.22559213685388
35.51446784494608,1042.667709975702,239.2180312981052,17.949851249726155
12.237024358840278,153.36213556152524,292.6817257539522,6.19526564903739
20.02762638344435,582.7761151336509,278.9228621467828,11.752678756120964
23.05717113522996,245.37332944530908,293.25219497250856,12.04154244125963
5.508426167779602,306.705230313868,223.87026852672176,2.8626281373681906
22.99875886861905,184.2855303385668,288.1082800402276,11.77065860376459
7.671131386339246,153.3526151569362,258.70266916859066,4.903176065106292
12.213570232467887,122.69730141443742,323.6749979521214,6.361111987758738
22.760499255148485,858.8279591443278,278.62145456007954,12.64681819731008
17.358510364564754,214.73352428474672,341.8713804109474,10.024004251832247
50.10174251055365,368.5284901057343,269.2626057196936,25.2353662965911
17.358510364564754,214.73352428474672,341.8713804109474,10.024004251832247
35.62722476726023,1840.001841133592,250.98783734090915,18.634065932275867
5.34291622527104,306.7242711229807,90.0,2.7798731661139087
29.999288259249123,245.72816047244007,287.81381653060754,16.123892529790098
15.494548664356016,214.7202774753265,305.4493137690894,8.383492448858693
15.494548664356016,153.37162676809035,320.66264137359383,8.187799323078194
23.62279631574523,459.9716363205491,217.0715276242364,12.483134779282036
7.671131386339246,122.68970844918528,290.94180385890155,4.684825971586666
12.213570232467887,153.37162676804678,335.7119051397495,7.269422101706802
12.213570232467887,122.69730141443742,36.32500204787863,6.361111987758738
15.800788837819136,214.6668814655857,142.5776149134907,8.616325131581716
145.92475089067852,1749.5838872993568,279.7684687707374,84.41091521462675
17.358510364564754,184.0573065297829,337.2196970650872,8.950936812183128
12.431279497762713,214.69366121977168,239.2672177810696,7.22763782513646
7.671131386339246,122.68970844918528,69.05819614109845,4.684825971586667
12.213570232467887,122.69730141443742,323.6749979521214,6.361111987758738
22.656981086711905,858.774644878812,265.6121458604001,11.929168700894136
17.358510364564754,214.73352428474672,341.8713804109474,10.024004251832247
16.19508197677124,214.7149673050127,319.94276604311983,8.972800596166095
23.3189554732816,368.1146130595658,309.9383220970641,11.959195904390825
22.69991210349251,1042.927062022755,65.56581378491518,12.68932178718586
17.358510364564754,214.73352428474672,341.8713804109474,10.024004251832247
12.213570232467887,153.37162676804678,335.7119051397495,7.269422101706802
50.72899379404356,1165.624363437197,82.77166783295701,27.892731058747334
17.358510364564754,214.73352428474672,341.8713804109474,10.024004251832247
7.671131386339246,92.01728133688896,101.29733083140933,4.465462553691876
12.237024358840278,153.36213556152524,271.1678272182759,7.328772220849376
17.358510364564754,184.0573065297829,337.2196970650872,8.950936812183128
12.213570232467887,153.37162676804678,335.7119051397495,7.269422101706802
17.356332494464517,184.034562673778,274.77272346993493,9.0000322664519
10.902662557499054,460.1148803041664,0.0,5.487469629908958
12.431279497761324,153.34306555621197,122.168616097019,7.429151390085646
15.494548664354904,214.72027747526548,54.55068623090921,8.383492448858332
19.805019780306363,276.08595979475285,313.8572509891601,10.649775254097996
19.805019780306363,276.08595979475285,323.2986257600728,10.50151283172675
12.780868492280144,122.68666472265454,307.5172120057565,6.873568976606247
23.3189554732816,306.7621775496382,309.1083794274716,12.159723921085988
7.671131386339246,122.68970844918528,290.94180385890155,4.684825971586666
24.41608060591155,214.7403964691781,335.5309279177278,13.03311589129555
12.237024358838871,429.4139795721639,42.568762400969234,8.016447038032545
7.671131386339246,122.68970844918528,290.94180385890155,4.684825971586666
12.601602777969266,184.0001841133592,155.49421485362862,7.236421726150728
17.358510364564754,184.0573065297829,337.2196970650872,8.950936812183128
7.671131386339246,122.68970844918528,290.94180385890155,4.684825971586666
17.358510364564754,184.0573065297829,11.30668852947963,10.416149729414414
19.78881681526105,306.7432535360936,290.23789136231943,11.114036958981666
12.213570232467887,153.37162676804678,335.7119051397495,7.269422101706802
22.656981086711905,214.70698978607427,90.91326309663717,12.214276797899313
12.213570232467887,153.37162676804678,54.43807681462738,6.190574823762911
17.358510364564754,214.73352428474672,341.8713804109474,10.024004251832247
189.74328728158784,7346.081782484242,287.75141068485664,119.08340233917366
12.213570232467887,153.37162676804678,24.28809486025051,7.269422101706802
12.431279497761324,184.0116786674544,132.26302531014312,7.1537222316021705
5.508426167779602,306.705230313868,136.12973147327824,2.8626281373681906
24.76132189975276,552.0350360023631,252.54350797108685,13.194773535112816
12.213570232467887,153.37162676804678,305.5619231853726,6.19057482376291
35.252553388016295,613.5620863199888,308.6726359805849,18.500303760162105
12.601602777969266,184.0001841133592,155.49421485362862,7.236421726150728
17.358510364564754,368.1146130595658,360.0,9.8690078401464
17.358510364564754,184.0573065297829,337.2196970650872,8.950936812183128
12.213570232467887,153.37162676804678,335.7119051397495,7.269422101706802
17.492757114354365,276.0002761700388,132.59475721887188,9.868609124417311
22.656981086711905,521.4312609090562,281.41196637303887,11.79958638890588
17.358510364564754,153.3810887748191,329.65272076785635,8.560591663119942
22.02215522195489,797.5324591938715,350.4500726242007,11.585840917302075
12.237024358840278,153.36213556152524,292.6817257539522,6.19526564903739
17.358510364564754,214.73352428474672,341.8713804109474,10.024004251832247
12.213570232467887,122.69730141443742,323.6749979521214,6.361111987758738
12.431279497761324,490.75883379689816,48.427908946832986,8.479499194659248
24.57071414231177,306.7432535360936,291.7207581734798,12.606784345310812
12.213570232467887,184.0459521216561,11.645877291560993,8.093446790166983
31.143961434608883,429.4934604239922,313.32638017102823,16.08010042973312
17.356332494464517,153.36213556148164,276.4155348355966,8.597948902876086
7.671131386339246,122.68970844918528,290.94180385890155,4.684825971586666
7.671131386339246,122.68970844918528,290.94180385890155,4.684825971586666
19.78881681526105,490.7283685021958,270.5240286493637,11.227182984072392
44.62571400141726,614.2141501760491,265.6355055821134,23.9344366227144
50.99244714964517,368.5070995740713,265.9448965135988,26.40704013726679
17.358510364564754,214.73352428474672,341.8713804109474,10.024004251832247
62.43167256308138,674.7010693838195,228.81955280082173,30.520106645310943
32.073123865856594,337.438395304602,292.5958570510089,17.455988884025505
23.3189554732816,306.7621775496382,309.1083794274716,12.159723921085988
5.508426167779602,306.705230313868,223.87026852672176,2.8626281373681906
17.80995215487662,153.35833090331818,303.81268264050414,9.06084561226032
12.213570232467887,153.37162676804678,335.7119051397495,7.269422101706802
35.252553388016295,398.8153561079927,303.7404136528024,19.81016049598714
160.40442390002988,2825.385090810629,268.913467767292,95.5995252759692
12.213570232467887,153.37162676804678,54.43807681462738,6.190574823762911
19.805019780306363,490.8194840794211,331.90277259663293,11.060809881218136
16.462408889726973,245.4097420397105,360.0,9.086777627133516
23.3189554732816,306.7621775496382,313.9968278510786,11.916693276016357
22.760499255148485,245.34890488993915,246.307146369734,11.739113450769082
12.601602777969266,613.4104606279191,151.83901760157408,9.2321397469831
24.57071414231177,245.39460282887484,272.9881772588096,13.75883146595162
7.671131386339246,122.68970844918528,290.94180385890155,4.684825971586666
7.671131386339246,122.68970844918528,290.94180385890155,4.684825971586666
15.494548664356016,214.7202774753265,305.4493137690894,8.383492448858693
50.99244714964517,368.5070995740713,265.9448965135988,26.40704013726679
12.213570232467887,122.69730141443742,323.6749979521214,6.361111987758738
27.52765006151073,368.1372517919933,316.9944467008038,14.276339919472717
22.75501104647357,184.23205401953825,193.70209603297232,12.967026025169377
10.902662557499054,460.1148803041664,0.0,5.487469629908958
39.265628387706286,1471.9092362257572,232.3991924084796,19.059876492912007
56.11766544255818,1073.5349489304097,88.44586272554676,29.838559405791823
12.601602777969266,184.0001841133592,155.49421485362862,7.236421726150728
33.456371774323614,306.7242711229633,88.39250511092135,16.901030792076675
23.3189554732816,306.7621775496382,309.1083794274716,12.159723921085988
17.492757114354365,184.0116786674544,119.71356410228567,9.1064190107971
17.358510364564754,184.0573065297829,337.2196970650872,8.950936812183128
17.358510364564754,153.3810887748191,329.65272076785635,8.560591663119942
7.671131386339246,122.68970844918528,290.94180385890155,4.684825971586666
16.51389428621559,184.02313818832343,102.95849610365676,9.652983916980263
15.800788837820228,214.66688146564672,217.4223850865104,8.616325131582071
31.143961434608883,521.5277733719905,320.79236289563283,16.300469039734587
12.431279497761324,153.34306555621197,122.168616097019,7.429151390085646
28.03630333835644,1042.991403668807,323.4147906736065,15.367853533633188
12.213570232467887,122.69730141443742,36.32500204787863,6.361111987758738
12.431279497761324,184.0116786674544,132.26302531014312,7.1537222316021705
38.96948729792477,674.9596707998548,305.56881601776763,19.846178734239807
44.35893134046793,828.1041218474554,93.06285471805694,23.311948737584416
12.213570232467887,122.69730141443742,323.6749979521214,6.361111987758738
24.76132189975276,552.0694145649703,255.15302832511225,12.832376504088622
17.358510364564754,184.0573065297829,337.2196970650872,8.950936812183128
7.671131386339246,122.68970844918528,290.94180385890155,4.684825971586666
24.57071414231177,306.7432535360936,73.8260858085172,13.651125430734528
15.800788837819136,214.6668814655857,142.5776149134907,8.616325131581716
22.760499255148485,705.4220297219065,255.37216113397056,12.394132977267668
37.03014238937604,1319.0773634634445,292.1755983777563,16.138024615689737
12.237024358840278,122.68970844922018,272.0473468113568,6.408353004978977
16.51389428621559,153.34306555621197,111.59259693816784,9.13617582860854
15.494548664356016,460.086406684592,316.71754019521507,8.514987146454308
15.494548664356016,245.39460282894456,314.32332335076046,8.698388712438739
7.671131386339246,122.68970844918528,290.94180385890155,4.684825971586666
32.14950655266692,674.9596707998548,323.1541462470966,16.386027596720417
12.213570232467887,153.37162676804678,24.28809486025051,7.269422101706802
5.508426167779602,306.705230313868,136.12973147327824,2.8626281373681906
7.978772093601114,122.67445244496956,148.56736113210312,4.870151201880573
12.431279497761324,184.0116786674544,132.26302531014312,7.1537222316021705
12.237024358840278,184.0459521217084,302.9244066793867,7.198316412942472
44.35893134046793,828.1041218474554,93.06285471805694,23.311948737584416
24.62149621199832,460.1715647399916,319.61952892765464,13.886576648607566
12.601602777969266,184.0001841133592,143.89109617627446,7.418914513875479
7.671131386339246,92.01728133688896,314.1430706643596,4.410292572855688
19.788816815259747,245.39460282887484,75.01980405700047,11.160444884790198
12.213570232467887,122.69730141443742,323.6749979521214,6.361111987758738
17.358510364564754,214.73352428474672,341.8713804109474,10.024004251832247
23.3189554732816,306.7621775496382,313.9968278510786,11.916693276016357
7.671131386339246,122.68970844918528,290.94180385890155,4.684825971586666
22.656981086711905,521.4312609090562,281.41196637303887,11.79958638890588
12.237024358840278,153.36213556152524,271.1678272182759,7.328772220849376
7.671131386339246,122.68970844918528,69.05819614109845,4.684825971586667
12.601602777969266,582.7399375965231,152.3096710668096,9.075222353010217
27.521638416114943,766.8106778074355,278.6177712067771,14.521177496337094
23.31895547328049,276.08595979467435,50.02871375612708,11.312046932843812
12.237024358840278,153.36213556152524,271.1678272182759,7.328772220849376
17.356332494464517,276.0347072824852,275.876272496669,9.315086244866745
7.671131386339246,214.69366121971063,0.0,5.385062554235759
7.671131386339246,122.68970844918528,69.05819614109845,4.684825971586667
17.358510364564754,889.4451679101983,90.17573582989382,11.350029110633823
12.237024358840278,153.36213556152524,271.1678272182759,7.328772220849376
22.656981086711905,552.0694145649703,272.91205252616385,12.874201536674269
7.671131386339246,122.68970844918528,290.94180385890155,4.684825971586666
15.494548664356016,245.39460282894456,314.32332335076046,8.698388712438739
5.34291622527104,306.7242711229807,90.0,2.7798731661139087
7.978772093601114,122.67445244496956,148.56736113210312,4.870151201880573
60.78475186555029,1196.2246573795994,87.10837725279083,32.60807552743399
16.462408889726973,368.1146130596705,330.1179333016481,9.186627102307224
12.601602777969266,153.33348676113263,166.30808595066625,7.582020837824953
17.356332494464517,214.70698978607427,273.7821492895081,10.073441126418365
12.213570232467887,153.37162676804678,335.7119051397495,7.269422101706802
7.978772093601114,184.02313818832343,113.91104573820552,5.415775403188763
12.213570232467887,153.37162676804678,335.7119051397495,7.269422101706802
7.671131386339246,122.68970844918528,290.94180385890155,4.684825971586666
19.805019780305493,214.73352428474672,48.07241734723834,9.464634651924992
7.671131386339246,122.68970844918528,290.94180385890155,4.684825971586666
19.805019780306363,337.438395304698,324.2851077465281,11.201186248555272
35.252553388016295,398.8153561079927,298.0098138688387,19.394343326368617
7.671131386339246,214.69366121971063,0.0,5.385062554235759
15.800788837819136,214.6668814655857,142.5776149134907,8.616325131581716
17.358510364564754,214.73352428474672,18.12861958905262,10.024004251832247
28.03630333835644,276.0518440106669,89.35855304672572,15.061548460715906
12.431279497761324,153.34306555621197,122.168616097019,7.429151390085646
12.213570232467887,153.37162676804678,335.7119051397495,7.269422101706802
22.01769522279153,460.05784547080856,263.60992010231587,11.523294798671456
15.494548664356016,276.0689281825626,324.0174055082228,9.08896443688642
12.213570232467887,153.37162676804678,335.7119051397495,7.269422101706802
17.358510364564754,184.0573065297829,337.2196970650872,8.950936812183128
16.462408889726973,184.0573065297829,18.031843171490948,8.80158656637683
12.237024358838871,214.72027747526548,64.19717233872018,7.742906794568976
15.494548664356016,153.37162676809035,320.66264137359383,8.187799323078194
32.073123865856594,398.79083081452967,297.573019557202,15.544870286905295
10.902662557499054,460.1148803041664,0.0,5.487469629908958
5.34291622527104,306.7242711229807,90.0,2.7798731661139087
35.252553388016295,521.5277733719905,303.2761607045845,20.07515224085132
60.8169096303471,1288.001288793468,99.82832006014488,32.03313023159624
5.34291622527104,306.7242711229807,90.0,2.7798731661139087
17.80995215487662,184.0299970839818,298.4626504979016,9.423329195975771
17.492757114355847,245.3641842510979,251.43615422175768,10.423679088730555
12.431279497761324,153.34306555621197,122.168616097019,7.429151390085646
7.978772093601114,122.67445244496956,148.56736113210312,4.870151201880573
12.237024358838871,153.36213556148164,67.31827424604677,6.1952656490371085
38.52970749044287,460.0004602833979,103.36350476921584,22.22303415206627
12.237024358838871,153.36213556148164,67.31827424604677,6.1952656490371085
60.78475186555029,1196.2246573795994,87.10837725279083,32.60807552743399
12.213570232467887,184.0459521216561,348.354122708439,8.093446790166983
31.143961434608883,306.7810431599944,300.79392884314336,17.040138941365363
12.431279497761324,153.34306555621197,122.168616097019,7.429151390085646
17.358510364564754,184.0573065297829,337.2196970650872,8.950936812183128
17.358510364564754,153.3810887748191,329.65272076785635,8.560591663119942
24.76132189975276,1012.252736669145,281.52502893731616,14.539851969917336
19.805019780306363,674.8351577796216,355.82626623109473,10.793239941068212
5.508426167779602,306.705230313868,136.12973147327824,2.8626281373681906
7.671131386339246,122.68970844918528,290.94180385890155,4.684825971586666
12.213570232467887,184.0459521216561,40.36946032478952,6.975922779385602
19.78881681526105,184.0459521216561,287.9456843049445,10.152796249922163
27.49404494471941,276.08595979467435,295.2382709441649,15.144499117760638
22.01769522279153,490.7588337967587,275.0827201084164,11.815688761873783
15.494548664354904,214.72027747526548,54.55068623090921,8.383492448858332
12.213570232467887,122.69730141443742,323.6749979521214,6.361111987758738
19.788816815259747,276.06892818248417,66.67613867521078,10.514052811510291
17.358510364564754,214.73352428474672,341.8713804109474,10.024004251832247
17.358510364564754,153.3810887748191,329.65272076785635,8.560591663119942
12.213570232467887,122.69730141443742,323.6749979521214,6.361111987758738
19.788816815259747,276.06892818248417,66.67613867521078,10.514052811510291
7.671131386339246,214.69366121971063,0.0,5.385062554235759
7.671131386339246,214.69366121971063,0.0,5.385062554235759
12.213570232467887,153.37162676804678,24.28809486025051,7.269422101706802
24.62149621199832,981.5784113155344,312.8747475044503,13.323581495398471
17.358510364564754,153.3810887748191,329.65272076785635,8.560591663119942
166.8500111203758,4822.051399064864,318.93383268738893,95.6932474595598
22.01769522279153,766.76307578467,105.1489712974779,11.053458973614582
82.74015350734562,2637.828731657484,85.59738826013034,47.56267385367534
44.40782229602733,644.080983659132,95.20187225539814,25.546527223777204
16.51389428621559,184.02313818832343,102.95849610365676,9.652983916980263
50.99244714964517,399.2160245385773,262.06289761080967,26.405087544365188
32.14950655266692,582.9197156907837,319.22302596208795,15.878219343742876
16.51389428621559,613.410460627736,109.67934966549674,8.312399911320345
7.671131386339246,122.68970844918528,290.94180385890155,4.684825971586666
7.671131386339246,92.01728133688896,101.29733083140933,4.465462553691876
12.237024358838871,122.68970844918528,87.95265318864219,6.408353004978625
27.52765006151073,337.45914747599386,310.73152945697615,13.556808115670057
24.57071414231177,889.5003862566252,278.56198166342296,13.909319350847245
12.237024358840278,122.68970844922018,272.0473468113568,6.408353004978977
17.80995215487662,276.0621008207306,311.08053287914686,10.206144826954702
32.51150547827304,614.3906504060418,303.25733468039374,18.304149177282483
12.213570232467887,153.37162676804678,24.28809486025051,7.269422101706802
22.760499255148485,705.4220297219065,255.37216113397056,12.394132977267668
12.431279497761324,153.34306555621197,122.168616097019,7.429151390085646
12.601602777969266,184.0001841133592,155.49421485362862,7.236421726150728
7.671131386339246,122.68970844918528,290.94180385890155,4.684825971586666
24.57071414231177,245.39460282887484,80.64331882501978,12.653486103466328
24.76132189975276,276.0002761700388,241.8187971714219,13.576440178125846
12.213570232467887,153.37162676804678,335.7119051397495,7.269422101706802
24.62149621199832,490.8194840795781,334.961160819261,10.511655599964415
17.80995215487662,214.70166326464545,294.474510661497,10.46788119926387
29.604884777395323,368.0919042433122,78.04339400875995,16.264315670413144
12.601602777969266,184.0001841133592,155.49421485362862,7.236421726150728
15.494548664354904,184.0459521216561,61.62527984479468,7.745146151590074
31.143961434608883,490.8496690559911,318.02280525259084,16.290347799110066
24.62149621199832,490.8496690559911,331.8046464296005,13.176688678341003
19.805019780306363,368.1146130595658,312.7737343030782,11.462492145331089
35.252553388016295,705.5963992679872,311.90823274585784,18.83537107137517
127.22879301034054,2673.1996054111896,260.14029441330166,75.08312421673742
7.671131386339246,122.68970844918528,69.05819614109845,4.684825971586667
12.237024358840278,153.36213556152524,271.1678272182759,7.328772220849376
12.213570232467887,153.37162676804678,24.28809486025051,7.269422101706802
7.978772093601114,122.67445244496956,148.56736113210312,4.870151201880573
7.671131386339246,122.68970844918528,69.05819614109845,4.684825971586667
12.431279497761324,276.0347072824852,102.12259916605214,7.574822817784686
19.805019780305493,214.73352428474672,48.07241734723834,9.464634651924992
15.494548664356016,184.0459521217084,308.05562920594906,7.741237130528428
45.36822351835458,644.2005728542402,76.13862844875294,24.79177569139888
24.57071414231177,981.5176675935174,301.56208086514624,12.667856682016264
17.356332494464517,153.36213556148164,276.4155348355966,8.597948902876086
23.3189554732816,398.79083081452967,312.9895960983886,12.374527785942664
12.601602777969266,184.0001841133592,143.89109617627446,7.418914513875479
35.252553388016295,705.6396558362119,311.1297635250081,19.24622300394797
12.213570232467887,122.69730141443742,323.6749979521214,6.361111987758738
12.213570232467887,184.0459521216561,348.354122708439,8.093446790166983
7.671131386339246,122.68970844918528,290.94180385890155,4.684825971586666
19.805019780306363,214.7335242848078,325.94641997455835,11.157503822894585
5.508426167779602,306.705230313868,223.87026852672176,2.8626281373681906
15.494548664356016,214.7202774753265,305.4493137690894,8.383492448858693
10.902662557499054,460.1148803041664,0.0,5.487469629908958
12.213570232467887,153.37162676804678,24.28809486025051,7.269422101706802
12.237024358840278,153.36213556152524,292.6817257539522,6.19526564903739
46.08594776007136,1351.9654393241412,341.66013523069654,25.83879104055469
7.671131386339246,122.68970844918528,69.05819614109845,4.684825971586667
22.656981086711905,460.0864066844613,278.78105651300893,11.47983659596967
15.494548664356016,153.37162676809035,320.66264137359383,8.187799323078194
19.805019780306363,337.438395304698,324.2851077465281,11.201186248555272
15.494548664354904,214.72027747526548,54.55068623090921,8.383492448858332
35.252553388016295,582.8839820039893,304.23368168146146,18.822681758109173
31.143961434608883,552.20587768799,319.1843592868088,16.759927100988875
7.671131386339246,122.68970844918528,290.94180385890155,4.684825971586666
17.358510364564754,153.3810887748191,329.65272076785635,8.560591663119942
24.76132189975276,276.0002761700388,241.8187971714219,13.576440178125846
15.494548664356016,184.0459521217084,298.37472015520365,7.745146151590494
17.492757114354365,705.4658235830411,60.89604664449186,10.74397974488524
24.57071414231177,337.4175788897029,279.71937864576586,14.504390468364074
24.57071414231177,398.79083081452967,298.2597226189432,13.64513047987482
17.358510364564754,184.0573065297829,337.2196970650872,8.950936812183128
27.52765006151073,490.8496690559911,321.99856293223104,13.567030650060016
22.656981086711905,460.0864066844613,278.78105651300893,11.47983659596967
24.57071414231177,306.7432535360936,291.7207581734798,12.606784345310812
10.902662557499054,122.69730141443742,337.0715353321798,6.03338506901653
12.213570232467887,153.37162676804678,335.7119051397495,7.269422101706802
22.01769522279153,766.76307578467,254.8510287025221,11.053458973615207
7.671131386339246,122.68970844918528,69.05819614109845,4.684825971586667
19.805019780306363,214.7335242848078,325.94641997455835,11.157503822894585
19.805019780306363,337.438395304698,324.2851077465281,11.201186248555272
49.537884442127066,1165.552230267302,82.46089293285002,26.921776355024143
7.671131386339246,122.68970844918528,290.94180385890155,4.684825971586666
12.213570232467887,337.39669823527163,16.19274886425842,7.364001181426023
31.143961434608883,582.8839820039893,325.8412696066074,16.42218189533939
19.78881681526105,429.4139795721639,270.61382480165696,11.058553909622937
7.671131386339246,122.68970844918528,69.05819614109845,4.684825971586667
7.671131386339246,92.01728133688896,101.29733083140933,4.465462553691876
12.431279497761324,184.0116786674544,132.26302531014312,7.1537222316021705
60.78475186555029,1196.2246573795994,87.10837725279083,32.60807552743399
12.431279497761324,153.34306555621197,122.168616097019,7.429151390085646
7.671131386339246,122.68970844918528,69.05819614109845,4.684825971586667
12.237024358838871,122.68970844918528,87.95265318864219,6.408353004978625
17.358510364564754,337.438395304698,320.52430963944164,9.602472775885898
12.601602777969266,184.0001841133592,155.49421485362862,7.236421726150728
15.494548664356016,368.0691253476736,274.71608781204884,8.449162535389169
17.356332494464517,276.06892818248417,297.4616646630379,9.67235874675626
19.805019780306363,276.08595979467435,308.2300499233825,10.919809304175365
15.800788837819136,214.6668814655857,142.5776149134907,8.616325131581716
52.20991944600394,981.5784113155344,85.13879183740994,26.272127725940138
7.671131386339246,122.68970844918528,290.94180385890155,4.684825971586666
28.11881987858083,736.0007364534105,246.94083102852505,15.464787251997864
7.671131386339246,122.68970844918528,290.94180385890155,4.684825971586666
12.237024358840278,184.0345626738303,286.5366145001395,6.99779622158632
12.213570232467887,153.37162676804678,335.7119051397495,7.269422101706802
17.358510364564754,214.73352428474672,341.8713804109474,10.024004251832247
23.3189554732816,306.7621775496382,309.1083794274716,12.159723921085988
15.494548664354904,184.0459521216561,61.62527984479468,7.745146151590074
7.671131386339246,122.68970844918528,69.05819614109845,4.684825971586667
32.073123865856594,644.2401906359883,306.3695170610532,18.429304175206333
32.073123865856594,613.5620863199888,304.83132318800847,18.119694573366736
19.805019780306363,521.4635310113775,289.7258454242526,10.92686331520107
19.78881681526105,214.72027747526548,295.90790681697314,10.447192533142982
6.119465752030795,306.7166618066538,348.4697633532335,3.357608799092641
16.462408889726973,613.5243550993113,0.0,8.231204444863462
16.462408889726973,245.4097420397105,360.0,9.086777627133516
7.978772093601114,92.00583933372718,136.2357821885781,4.568009456112498
160.4712163649263,2027.257323898208,272.80058267501016,94.77298607000128
17.358510364564754,245.4097420397105,331.0828640451039,9.459556991325666
12.431279497761324,184.0116786674544,132.26302531014312,7.1537222316021705
16.19508197677124,184.04140054715373,313.61476344437165,9.44835640352198
31.143961434608883,582.8839820039893,326.26670573919586,16.183106166595778
7.671131386339246,122.68970844918528,290.94180385890155,4.684825971586666
12.237024358840278,122.68970844922018,272.0473468113568,6.408353004978977
17.356332494464517,184.034562673778,266.1266093174148,10.473826083098215
16.19508197677124,184.04140054715373,313.61476344437165,9.44835640352198
24.57071414231177,306.7432535360936,286.1739141914819,13.651125430735217
12.213570232467887,122.69730141443742,36.32500204787863,6.361111987758738
79.11673692476423,1013.1572987325331,248.67039341370105,40.25361459641392
17.358510364564754,214.73352428474672,341.8713804109474,10.024004251832247
12.213570232467887,184.0459521216561,348.354122708439,8.093446790166983
15.800788837820228,245.333578817882,224.0554351850461,8.915590625675684
12.213570232467887,153.37162676804678,24.28809486025051,7.269422101706802
27.52765006151073,490.8496690559911,321.2435263358007,15.372750765054946
19.805019780306363,276.08595979475285,316.2092800682928,9.932458831090695
22.69991210349251,1042.927062022755,65.56581378491518,12.68932178718586
12.237024358840278,122.68970844922018,272.0473468113568,6.408353004978977
5.34291622527104,306.7242711229807,90.0,2.7798731661139087
15.494548664356016,214.7202774753265,305.4493137690894,8.383492448858693
24.57071414231177,705.5094831330402,288.2354709581213,13.26184278245496
24.62149621199832,521.5277733719905,318.1895290586261,14.235824171584529
15.494548664356016,214.7202774753265,305.4493137690894,8.383492448858693
12.237024358840278,153.36213556152524,271.1678272182759,7.328772220849376
12.601602777969266,153.33348676113263,149.87374414547003,6.416441517098311
7.671131386339246,122.68970844918528,290.94180385890155,4.684825971586666
24.76132189975276,276.0002761700388,238.05187491166413,12.80313902064493
7.671131386339246,122.68970844918528,69.05819614109845,4.684825971586667
17.492757114354365,276.0002761700388,122.3262047418528,11.061644440754064
12.601602777969266,153.33348676113263,149.87374414547003,6.416441517098311
27.52765006151073,398.8153561079927,317.92399707365115,13.645081707264184
35.252553388016295,613.5620863199888,303.05774433825934,19.014396724539303
5.508426167779602,306.705230313868,223.87026852672176,2.8626281373681906
22.656981086711905,950.7862139730044,98.2255668330759,11.92881194793788
12.237024358840278,153.36213556152524,292.6817257539522,6.19526564903739
12.213570232467887,153.37162676804678,335.7119051397495,7.269422101706802
16.51389428621559,613.410460627736,109.67934966549674,8.312399911320345
15.494548664356016,184.0459521217084,308.05562920594906,7.741237130528428
12.213570232467887,184.0459521216561,319.63053967521046,6.975922779385601
27.52765006151073,460.1715647399916,318.2739854870756,15.300106890076808
24.57071414231177,337.4175788897029,292.55444102121555,12.895833684783923
24.57071414231177,398.79083081452967,298.2597226189432,13.64513047987482
7.978772093601114,92.00583933372718,223.7642178114219,4.568009456112498
16.462408889726973,306.7621775496382,360.0,8.371107335262732
12.601602777969266,153.33348676113263,149.87374414547003,6.416441517098311
12.213570232467887,122.69730141443742,36.32500204787863,6.361111987758738
15.494548664354904,214.72027747526548,54.55068623090921,8.383492448858332
7.671131386339246,122.68970844918528,69.05819614109845,4.684825971586667
12.237024358838871,429.4139795721639,42.568762400969234,8.016447038032545
15.494548664356016,245.39460282894456,314.32332335076046,8.698388712438739
17.358510364564754,184.0573065297829,337.2196970650872,8.950936812183128
10.902662557499054,122.69730141443742,337.0715353321798,6.03338506901653
12.213570232467887,184.0459521216561,319.63053967521046,6.975922779385601
12.431279497761324,153.34306555621197,122.168616097019,7.429151390085646
32.073123865856594,613.5620863199888,304.83132318800847,18.119694573366736
15.800788837819136,214.6668814655857,142.5776149134907,8.616325131581716
16.462408889726973,613.5243550993113,0.0,8.231204444863462
12.213570232467887,153.37162676804678,335.7119051397495,7.269422101706802
101.43264482651152,920.8885041066636,241.688510483465,50.89858718332109
19.805019780306363,276.08595979467435,308.2300499233825,10.919809304175365
17.358510364564754,184.0573065297829,337.2196970650872,8.950936812183128
12.431279497761324,184.0116786674544,132.26302531014312,7.1537222316021705
7.671131386339246,122.68970844918528,69.05819614109845,4.684825971586667
12.213570232467887,122.69730141443742,36.32500204787863,6.361111987758738
22.01769522279153,368.069125347569,267.3252916447165,12.16076170648298
17.356332494463032,184.034562673778,85.22727653006422,9.000032266451157
28.03630333835644,1012.1900947058148,281.2859138789435,13.952348990219294
24.76132189975276,306.66697352226527,235.9927851175964,12.796453804231742
22.760499255148485,736.1838084866507,303.7015999140932,11.885325678286703
23.3189554732816,398.79083081452967,312.9895960983886,12.374527785942664
17.358510364564754,184.0573065297829,337.2196970650872,8.950936812183128
15.494548664356016,245.39460282894456,314.32332335076046,8.698388712438739
12.237024358838871,122.68970844918528,87.95265318864219,6.408353004978625
19.78881681526105,306.7432535360936,290.23789136231943,11.114036958981666
15.494548664356016,245.39460282894456,314.32332335076046,8.698388712438739
17.356332494463032,736.0925527535028,122.1980989522332,10.272951454875
7.671131386339246,122.68970844918528,290.94180385890155,4.684825971586666
15.494548664354904,184.0459521216561,61.62527984479468,7.745146151590074
31.143174241878,306.7583974190801,235.63351884158,14.822934648931115
7.671131386339246,122.68970844918528,69.05819614109845,4.684825971586667
20.02762638344435,582.7761151336509,278.9228621467828,11.752678756120964
29.698552627910004,306.739461725406,203.41291781548185,15.05358730899071
12.431279497761324,153.34306555621197,122.168616097019,7.429151390085646
22.656981086711905,521.4312609090562,281.41196637303887,11.79958638890588
24.57071414231177,306.7432535360936,73.8260858085172,13.651125430734528
58.68008124154839,644.0328389574654,226.26849231378804,30.99947881607792
22.69991210349251,736.2292261191578,322.8499484940653,12.367467569791929
17.358510364564754,245.40974203978035,311.6176686227428,9.50536968832195
35.71918039151468,368.6343902436251,305.4721580801679,19.96378048210888
15.494548664354904,214.72027747526548,54.55068623090921,8.383492448858332
15.494548664356016,245.39460282894456,314.32332335076046,8.698388712438739
7.671131386339246,122.68970844918528,69.05819614109845,4.684825971586667
19.805019780306363,184.05730652983524,328.7811483996217,10.434663015984343
12.213570232467887,153.37162676804678,335.7119051397495,7.269422101706802
7.671131386339246,214.69366121971063,0.0,5.385062554235759
17.358510364564754,214.73352428474672,341.8713804109474,10.024004251832247
17.358510364564754,184.0573065297829,337.2196970650872,8.950936812183128
27.52765006151073,521.5277733719905,319.4891702027349,15.913807434305347
7.671131386339246,122.68970844918528,290.94180385890155,4.684825971586666
38.96948729792477,674.9596707998548,305.56881601776763,19.846178734239807
7.671131386339246,122.68970844918528,290.94180385890155,4.684825971586666
10.902662557499054,460.1148803041664,0.0,5.487469629908958
10.902662557499054,460.1148803041664,0.0,5.487469629908958
17.358510364564754,184.0573065297829,22.78030293491281,8.950936812183128
5.34291622527104,306.7242711229807,90.0,2.7798731661139087
15.494548664356016,337.4175788897988,325.5374119764455,9.134750945695274
7.671131386339246,122.68970844918528,69.05819614109845,4.684825971586667
27.52765006151073,490.8496690559911,318.7583007999491,14.342526023780666
12.237024358838871,153.36213556148164,88.83217278172344,7.328772220848782
27.52765006151073,490.8496690559911,318.7583007999491,14.342526023780666
12.213570232467887,153.37162676804678,335.7119051397495,7.269422101706802
17.356332494463032,184.034562673778,85.22727653006422,9.000032266451157
143.41212261115265,1779.6021195606734,283.9043625335304,72.58855953242335
12.213570232467887,153.37162676804678,335.7119051397495,7.269422101706802
63.15440049194429,522.2022466345037,286.2853028230859,33.25370275162348
7.671131386339246,122.68970844918528,290.94180385890155,4.684825971586666
12.213570232467887,122.69730141443742,36.32500204787863,6.361111987758738
12.213570232467887,122.69730141443742,36.32500204787863,6.361111987758738
12.237024358838871,122.68970844918528,87.95265318864219,6.408353004978625
24.57071414231177,306.7432535360936,286.1739141914819,13.651125430735217
12.213570232467887,276.06892818248417,360.0,7.472073829211148
31.143961434608883,429.4934604239922,313.32638017102823,16.08010042973312
24.57071414231177,245.39460282887484,80.64331882501978,12.653486103466328
7.671131386339246,92.01728133688896,45.856929335640416,4.410292572855688
7.671131386339246,122.68970844918528,69.05819614109845,4.684825971586667
17.80995215487662,214.7149673050127,301.1457068013893,10.390722450375126
28.11881987858083,398.66706557894486,110.11766458684272,16.643077646679213
12.601602777969266,552.0694145651271,133.32081859397852,8.8887747338573
17.358510364564754,184.0573065297829,11.30668852947963,10.416149729414414
15.494548664356016,276.0689281825626,307.52890976274693,8.955284309315653
19.78881681526105,490.7588337967587,295.01350853165843,9.81930585488962
17.358510364564754,245.4097420397105,349.2105730528565,10.297699999411702
7.671131386339246,122.68970844918528,69.05819614109845,4.684825971586667
7.671131386339246,122.68970844918528,290.94180385890155,4.684825971586666
12.237024358840278,184.0459521217084,302.9244066793867,7.198316412942472
12.213570232467887,153.37162676804678,54.43807681462738,6.190574823762911
27.38192912529216,275.9572896869153,219.8726434920316,15.24194629370053
32.14950655266692,582.9197156907837,319.22302596208795,15.878219343742876
19.805019780306363,306.7621775497254,319.62138267033066,10.675063984438102
7.671131386339246,92.01728133688896,258.70266916859066,4.465462553691876
7.671131386339246,122.68970844918528,290.94180385890155,4.684825971586666
7.671131386339246,122.68970844918528,290.94180385890155,4.684825971586666
12.237024358840278,214.7202774753265,295.8028276612792,7.742906794569401
33.456371774323614,1380.0875900059075,244.9560073335576,17.548522249577072
17.356332494464517,245.39460282887484,291.55351450581543,9.354707311042306
22.656981086711905,429.3873224394213,264.74195853215406,11.729361826043393
32.14950655266692,398.8398054726415,318.1503885261755,15.651198891256884
27.49404494471941,368.1146130595658,290.8741159573181,15.610354560446096
19.805019780306363,276.08595979475285,323.2986257600728,10.50151283172675
12.601602777969266,184.0001841133592,155.49421485362862,7.236421726150728
17.358510364564754,153.3810887748191,329.65272076785635,8.560591663119942
15.494548664356016,184.0459521217084,308.05562920594906,7.741237130528428
27.49404494471941,889.6103148939824,312.8828678923131,14.604236203443149
12.213570232467887,122.69730141443742,36.32500204787863,6.361111987758738
24.57071414231177,276.06892818248417,282.49558531333,13.44630062699957
17.356332494464517,276.06892818248417,297.4616646630379,9.67235874675626
29.76099218188649,1104.275712729976,286.3055522103816,14.637192728131772
12.213570232467887,184.0459521216561,319.63053967521046,6.975922779385601
23.3189554732816,368.1146130595658,317.3565292647865,12.488201011076972
78.40220085330911,1011.9883454931004,237.76617121688724,43.205997953513794
24.57071414231177,1226.7445244496955,267.1740721167462,13.911265995082156
23.3189554732816,306.7621775496382,309.1083794274716,12.159723921085988
17.358510364564754,153.3810887748191,329.65272076785635,8.560591663119942
19.805019780306363,306.7621775496382,303.2998692044061,10.928873282190924
24.76132189975276,245.33357881781228,234.0411514949938,13.027225262684174
17.356332494464517,184.034562673778,266.1266093174148,10.473826083098215
35.252553388016295,613.5620863199888,303.05774433825934,19.014396724539303
12.601602777969266,245.33357881781228,175.3993393213977,7.113216077285635
7.671131386339246,92.01728133688896,314.1430706643596,4.410292572855688
7.671131386339246,122.68970844918528,69.05819614109845,4.684825971586667
17.358510364564754,214.73352428474672,341.8713804109474,10.024004251832247
27.52765006151073,460.1715647399916,315.54695762784183,14.201200499384246
12.431279497761324,153.34306555621197,122.168616097019,7.429151390085646
27.38192912529216,275.9572896869153,219.8726434920316,15.24194629370053
39.159594802632,307.10707508802454,270.4626629499073,20.80969390471224
7.671131386339246,92.01728133688896,45.856929335640416,4.410292572855688
15.494548664354904,214.72027747526548,54.55068623090921,8.383492448858332
17.358510364564754,184.0573065297829,337.2196970650872,8.950936812183128
12.213570232467887,153.37162676804678,24.28809486025051,7.269422101706802
12.213570232467887,122.69730141443742,323.6749979521214,6.361111987758738
7.671131386339246,122.68970844918528,69.05819614109845,4.684825971586667
7.671131386339246,122.68970844918528,69.05819614109845,4.684825971586667
22.656981086711905,490.7588337967587,75.78197996204824,11.443763218564644
32.073123865856594,337.438395304602,292.5958570510089,17.455988884025505
12.213570232467887,153.37162676804678,335.7119051397495,7.269422101706802
19.805019780306363,644.1608324260023,351.5078473870988,10.927262219519028
7.671131386339246,153.3526151569362,258.70266916859066,4.903176065106292
17.358510364564754,184.0573065297829,337.2196970650872,8.950936812183128
7.671131386339246,92.01728133688896,314.1430706643596,4.410292572855688
12.213570232467887,122.69730141443742,323.6749979521214,6.361111987758738
7.671131386339246,122.68970844918528,290.94180385890155,4.684825971586666
29.76099218188649,582.6672496922833,238.77439419469928,16.23333591510815
56.11766544255818,1073.5349489304097,88.44586272554676,29.838559405791823
7.671131386339246,214.69366121971063,0.0,5.385062554235759
16.513894286217152,245.39460282887484,285.998985469022,10.108234285910992
35.252553388016295,613.5620863199888,308.6726359805849,18.500303760162105
17.356332494464517,153.36213556148164,276.4155348355966,8.597948902876086
12.237024358840278,184.0459521217084,302.9244066793867,7.198316412942472
27.49404494471941,368.1146130595658,290.8741159573181,15.610354560446096
11.01044908432941,460.057845470802,117.91815558390888,5.57856845302193
22.01769522279153,828.1555320320304,293.24089976321943,11.897884309505873
12.237024358838871,153.36213556148164,67.31827424604677,6.1952656490371085
19.78881681526105,306.7621775496382,307.3998666060773,11.318810681630117
17.358510364564754,214.73352428474672,341.8713804109474,10.024004251832247
101.53877175699488,767.4981137902456,249.9105378989612,50.74618411929755
19.805019780306363,306.7621775497254,319.62138267033066,10.675063984438102
129.1411339975616,4112.068519058134,238.8997410500604,61.70051083663899
31.143961434608883,429.4934604239922,313.32638017102823,16.08010042973312
17.358510364564754,337.438395304698,317.7966449471877,10.401679821648418
17.358510364564754,153.3810887748191,329.65272076785635,8.560591663119942
12.237024358838871,122.68970844918528,87.95265318864219,6.408353004978625
32.073123865856594,613.5620863199888,304.83132318800847,18.119694573366736
27.49404494471941,368.1146130595658,290.8741159573181,15.610354560446096
31.143961434608883,521.5277733719905,320.79236289563283,16.300469039734587
22.01769522279153,1012.1272600357428,99.1643368678258,12.356056742580217
0.2168301069567775,766.7630757847135,180.0,0.2168301069567793
17.358510364564754,184.0573065297829,337.2196970650872,8.950936812183128
12.237024358840278,184.0459521217084,302.9244066793867,7.198316412942472
27.52765006151073,429.4934604239922,319.3031789031596,14.429111314745194
24.57071414231177,306.7432535360936,286.1739141914819,13.651125430735217
7.671131386339246,122.68970844918528,290.94180385890155,4.684825971586666
5.34291622527104,306.7242711229807,90.0,2.7798731661139087
31.143961434608883,613.5620863199888,314.65063836816546,16.50227346982976
15.800788837819136,214.6668814655857,142.5776149134907,8.616325131581716
17.358510364564754,245.40974203978035,322.74586461057066,9.338574463154297
24.57071414231177,981.5176675935174,301.56208086514624,12.667856682016264
35.252553388016295,3067.583974190747,320.6267406730248,16.59673276651896
29.698552627910004,306.739461725406,203.41291781548185,15.05358730899071
104.93562395322192,3071.248420623133,272.42879376217616,52.57986345453581
7.671131386339246,122.68970844918528,290.94180385890155,4.684825971586666
12.601602777969266,184.0001841133592,143.89109617627446,7.418914513875479
31.057280636439515,1214.8102690528822,346.82391009938186,14.918357275189193
23.3189554732816,306.7621775496382,309.1083794274716,12.159723921085988
5.34291622527104,306.7242711229807,90.0,2.7798731661139087
12.780868492280144,122.68666472265454,307.5172120057565,6.873568976606247
12.237024358838871,122.68970844918528,87.95265318864219,6.408353004978625
12.213570232467887,153.37162676804678,305.5619231853726,6.19057482376291
0.2168301069567775,766.7630757847135,180.0,0.2168301069567793
16.19508197677124,184.04140054715373,323.79162875579044,8.33812261348042
7.671131386339246,122.68970844918528,290.94180385890155,4.684825971586666
15.494548664356016,214.7202774753265,305.4493137690894,8.383492448858693
12.237024358840278,460.086406684592,336.2852389806438,8.216047174452534
12.213570232467887,153.37162676804678,335.7119051397495,7.269422101706802
19.78881681526105,184.0459521216561,287.9456843049445,10.152796249922163
7.671131386339246,92.01728133688896,314.1430706643596,4.410292572855688
12.213570232467887,153.37162676804678,24.28809486025051,7.269422101706802
12.213570232467887,153.37162676804678,54.43807681462738,6.190574823762911
19.805019780306363,644.1608324258193,329.6968063710859,11.393819998223496
22.02215522195489,184.06862589599663,4.593172085558706,12.050913894328914
15.494548664356016,214.7202774753265,305.4493137690894,8.383492448858693
12.213570232467887,122.69730141443742,36.32500204787863,6.361111987758738
15.800788837819136,214.6668814655857,142.5776149134907,8.616325131581716
17.358510364564754,214.73352428474672,341.8713804109474,10.024004251832247
35.164678237822216,307.16020059055023,295.53378287748507,17.78896153033987
12.213570232467887,153.37162676804678,24.28809486025051,7.269422101706802
28.401880768316733,1472.410041648705,350.52292492990387,15.42909037960278
19.805019780306363,644.1608324258193,329.6968063710859,11.393819998223496
19.805019780306363,306.7621775497254,324.3475852756848,10.160569971228416
7.671131386339246,122.68970844918528,290.94180385890155,4.684825971586666
7.671131386339246,122.68970844918528,69.05819614109845,4.684825971586667
12.213570232467887,153.37162676804678,24.28809486025051,7.269422101706802
22.656981086711905,950.7862139730044,98.2255668330759,11.92881194793788
12.213570232467887,122.69730141443742,36.32500204787863,6.361111987758738
15.494548664356016,245.39460282894456,314.32332335076046,8.698388712438739
32.14950655266692,582.9197156907837,319.22302596208795,15.878219343742876
38.96600368928141,398.7613002429145,222.9054925174944,20.32966871323359
12.213570232467887,122.69730141443742,323.6749979521214,6.361111987758738
109.5546145492042,3344.8915565482384,232.33293956141264,60.920059171254366
17.358510364564754,153.3810887748191,329.65272076785635,8.560591663119942
19.788816815259747,337.4175788897029,55.39843424699978,10.703882553959962
17.80995215487662,184.04140054715373,305.98666704948533,10.249885006345474
17.358510364564754,184.0573065297829,337.2196970650872,8.950936812183128
89.06017148323518,1258.9925995195138,260.2045703917425,42.3986062043106
20.02762638344435,552.0694145649703,264.3672308272807,11.970185720356827
5.508426167779602,306.705230313868,136.12973147327824,2.8626281373681906
24.57071414231177,306.7432535360936,291.7207581734798,12.606784345310812
7.671131386339246,122.68970844918528,69.05819614109845,4.684825971586667
17.80995215487662,245.3885340628717,297.3438780997248,11.18378129645229
19.805019780306363,245.40974203978035,309.0901765988067,9.811183365289653
15.494548664356016,245.39460282894456,314.32332335076046,8.698388712438739
19.78881681526105,245.39460282887484,284.9801959429981,11.160444884791058
5.508426167779602,306.705230313868,136.12973147327824,2.8626281373681906
17.492757114354365,184.0116786674544,119.71356410228567,9.1064190107971
7.671131386339246,122.68970844918528,290.94180385890155,4.684825971586666
7.671131386339246,153.3526151569362,258.70266916859066,4.903176065106292
29.604884777395323,429.44055495053095,76.52507124363558,16.620287995150296
12.213570232467887,153.37162676804678,335.7119051397495,7.269422101706802
27.52765006151073,460.1715647399916,315.54695762784183,14.201200499384246
7.671131386339246,122.68970844918528,290.94180385890155,4.684825971586666
5.508426167779602,306.705230313868,136.12973147327824,2.8626281373681906
12.213570232467887,153.37162676804678,335.7119051397495,7.269422101706802
17.492757114355847,429.4139795721639,272.7550451022957,10.51746486799485
7.671131386339246,122.68970844918528,290.94180385890155,4.684825971586666
17.358510364564754,214.73352428474672,341.8713804109474,10.024004251832247
23.3189554732816,368.1146130595658,317.3565292647865,12.488201011076972
7.671131386339246,122.68970844918528,290.94180385890155,4.684825971586666
17.358510364564754,214.73352428474672,341.8713804109474,10.024004251832247
17.356332494464517,214.72027747526548,281.61485455516043,9.927820323295345
15.494548664356016,214.7202774753265,305.4493137690894,8.383492448858693
17.356332494463032,184.034562673778,93.8733906825845,10.473826083097212
12.213570232467887,122.69730141443742,36.32500204787863,6.361111987758738
38.90015821572525,644.1209693582458,87.99124508227476,19.559838681638613
19.805019780306363,306.7621775497254,319.62138267033066,10.675063984438102
24.41608060591155,214.7403964691781,335.5309279177278,13.03311589129555
17.356332494464517,276.06892818248417,297.4616646630379,9.67235874675626
12.431279497761324,184.0116786674544,132.26302531014312,7.1537222316021705
7.671131386339246,122.68970844918528,290.94180385890155,4.684825971586666
15.494548664354904,184.0459521216561,61.62527984479468,7.745146151590074
12.780868492280144,122.68666472265454,307.5172120057565,6.873568976606247
17.358510364564754,214.73352428474672,341.8713804109474,10.024004251832247
22.02277302096738,766.8959935477438,180.0,10.989765279689204
12.213570232467887,184.0459521216561,319.63053967521046,6.975922779385601
11.01044908432941,460.057845470802,117.91815558390888,5.57856845302193
39.225233581377935,337.85680562060963,278.4283661054898,21.97425803630388
12.237024358838871,398.74155245986645,42.8425396628117,8.019345110681119
17.358510364564754,184.0573065297829,337.2196970650872,8.950936812183128
7.671131386339246,92.01728133688896,45.856929335640416,4.410292572855688
0.2168301069567775,766.7630757847135,180.0,0.2168301069567793
15.494548664356016,153.37162676809035,320.66264137359383,8.187799323078194
22.01769522279153,766.76307578467,105.1489712974779,11.053458973614582
31.143961434608883,429.4934604239922,313.32638017102823,16.08010042973312
105.30754341472296,785.0412346050922,268.49482057973216,57.57336800377662
27.52765006151073,552.20587768799,328.677446756863,14.606965725404368
5.34291622527104,306.7242711229807,90.0,2.7798731661139087
15.494548664356016,214.7202774753265,305.4493137690894,8.383492448858693
24.57071414231177,368.1146130595658,299.79770488395985,12.894142929305064
7.671131386339246,122.68970844918528,290.94180385890155,4.684825971586666
17.358510364564754,184.0573065297829,337.2196970650872,8.950936812183128
12.601602777969266,153.33348676113263,149.87374414547003,6.416441517098311
7.671131386339246,122.68970844918528,290.94180385890155,4.684825971586666
24.57071414231177,276.06892818248417,282.49558531333,13.44630062699957
42.06437137130128,1042.602375660245,249.8374152887621,21.09880870159645
143.8065490880557,1626.483035365303,290.7774511480669,72.5271311267114
17.358510364564754,184.0573065297829,22.78030293491281,8.950936812183128
23.3189554732816,337.438395304602,304.6774291517859,12.055244390471897
19.805019780306363,184.05730652983524,322.06310078380795,10.12400273261622
24.57071414231177,429.4139795721639,284.58078389848583,13.772645681385326
16.462408889726973,306.7621775496382,360.0,8.371107335262732
15.494548664356016,214.7202774753265,305.4493137690894,8.383492448858693
17.358510364564754,184.0573065297829,11.30668852947963,10.416149729414414
22.236879045945948,766.743994100417,284.6411924975977,11.309709553702708
15.494548664354904,214.72027747526548,54.55068623090921,8.383492448858332
17.356332494463032,766.8106778076534,74.1910505373142,10.508280145330511
10.902662557499054,460.1148803041664,0.0,5.487469629908958
17.358510364564754,490.78920565790656,311.468695964568,9.34598906034631
12.213570232467887,153.37162676804678,335.7119051397495,7.269422101706802
7.671131386339246,122.68970844918528,290.94180385890155,4.684825971586666
7.671131386339246,122.68970844918528,290.94180385890155,4.684825971586666
15.494548664354904,214.72027747526548,54.55068623090921,8.383492448858332
7.671131386339246,122.68970844918528,290.94180385890155,4.684825971586666
17.492757114354365,184.0116786674544,119.71356410228567,9.1064190107971
12.213570232467887,153.37162676804678,305.5619231853726,6.19057482376291
12.213570232467887,122.69730141443742,36.32500204787863,6.361111987758738
22.656981086711905,490.7588337967587,284.21802003795113,11.44376321856526
5.508426167779602,306.705230313868,136.12973147327824,2.8626281373681906
17.356332494463032,214.70698978607427,86.21785071049123,10.073441126417505
19.805019780306363,276.08595979475285,323.2986257600728,10.50151283172675
17.358510364564754,184.0573065297829,337.2196970650872,8.950936812183128
12.213570232467887,214.72027747526548,24.069583288579565,7.075238294664693
15.494548664356016,214.7202774753265,305.4493137690894,8.383492448858693
12.237024358838871,122.68970844918528,87.95265318864219,6.408353004978625
7.671131386339246,122.68970844918528,69.05819614109845,4.684825971586667
20.02762638344435,276.0002761700388,223.64017358034013,10.8705177132083
12.213570232467887,122.69730141443742,323.6749979521214,6.361111987758738
7.671131386339246,92.01728133688896,314.1430706643596,4.410292572855688
27.52765006151073,460.1715647399916,322.44903068346963,14.564664486410646
17.358510364564754,184.0573065297829,337.2196970650872,8.950936812183128
7.671131386339246,122.68970844918528,290.94180385890155,4.684825971586666
27.52736533366064,245.4067179352641,218.947322288668,13.949546015770768
17.358510364564754,184.0573065297829,22.78030293491281,8.950936812183128
22.760499255148485,705.4220297219065,255.37216113397056,12.394132977267668
7.671131386339246,122.68970844918528,290.94180385890155,4.684825971586666
12.237024358838871,122.68970844918528,87.95265318864219,6.408353004978625
12.780868492280144,122.68666472265454,307.5172120057565,6.873568976606247
22.656981086711905,521.4312609090562,275.78521233107284,12.45341183980544
12.213570232467887,122.69730141443742,323.6749979521214,6.361111987758738
22.760499255148485,276.01751800118154,249.11583278655684,12.88117809210491
27.76175556691916,460.7929878045314,37.90187339514722,15.89281919979614
7.671131386339246,122.68970844918528,290.94180385890155,4.684825971586666
27.49404494471941,521.4957018343849,306.5657634234013,14.517873357939264
29.698552627910004,306.739461725406,203.41291781548185,15.05358730899071
17.358510364564754,705.4658235830411,60.59657704495277,10.372618384016029
19.788816815259747,245.39460282887484,75.01980405700047,11.160444884790198
7.671131386339246,92.01728133688896,314.1430706643596,4.410292572855688
7.978772093601114,245.3641842510979,239.27362798552207,5.709276246656428
12.601602777969266,153.33348676113263,149.87374414547003,6.416441517098311
17.358510364564754,214.73352428474672,341.8713804109474,10.024004251832247
7.978772093601114,184.02313818832343,113.91104573820552,5.415775403188763
12.237024358840278,153.36213556152524,271.1678272182759,7.328772220849376
12.431279497761324,153.34306555621197,122.168616097019,7.429151390085646
12.213570232467887,153.37162676804678,24.28809486025051,7.269422101706802
23.3189554732816,306.7621775496382,309.1083794274716,12.159723921085988
17.358510364564754,214.73352428474672,341.8713804109474,10.024004251832247
12.431279497761324,184.0116786674544,132.26302531014312,7.1537222316021705
12.213570232467887,184.0459521216561,40.36946032478952,6.975922779385602
5.508426167779602,306.705230313868,223.87026852672176,2.8626281373681906
24.57071414231177,981.5176675935174,301.56208086514624,12.667856682016264
12.237024358840278,398.7415524599797,42.49885481895535,8.021149274248225
15.494548664354904,214.72027747526548,54.55068623090921,8.383492448858332
29.604884777395323,490.8194840794211,300.4247697642096,15.89316535879961
7.671131386339246,92.01728133688896,314.1430706643596,4.410292572855688
12.601602777969266,184.0001841133592,155.49421485362862,7.236421726150728
28.12606762617456,1165.6449321543823,55.66311510655271,14.063675384959106
24.76132189975276,1104.138829129901,257.1078386085306,13.083400705682967
19.805019780306363,613.486507072209,314.25394122287946,11.147420147264995
50.72899379404356,1165.552230267302,87.82452243022072,26.285791360278488
7.671131386339246,122.68970844918528,69.05819614109845,4.684825971586667
12.213570232467887,122.69730141443742,36.32500204787863,6.361111987758738
15.800788837819136,184.0001841133592,124.77622458245786,8.824424298041228
20.39959597561557,276.0621008207306,307.5635053254619,11.02823543114136
12.601602777969266,153.33348676113263,149.87374414547003,6.416441517098311
12.213570232467887,153.37162676804678,335.7119051397495,7.269422101706802
7.671131386339246,122.68970844918528,290.94180385890155,4.684825971586666
17.358510364564754,184.0573065297829,11.30668852947963,10.416149729414414
59.60351482112516,705.4570755552462,239.23605320005228,32.07669311846256
17.358510364564754,184.0573065297829,337.2196970650872,8.950936812183128
27.52765006151073,460.1715647399916,315.54695762784183,14.201200499384246
23.3189554732816,306.7621775496382,309.1083794274716,12.159723921085988
5.34291622527104,306.7242711229807,90.0,2.7798731661139087
19.805019780306363,306.7621775496382,312.4614915984068,11.563679410214302
17.356332494464517,337.39669823527163,296.87871040090414,9.630242124718771
24.76132189975276,367.9773090564393,234.9615264897685,13.428459852245965
17.492757114355847,398.6919704461511,249.59408980032345,10.044803721263772
12.431279497761324,153.34306555621197,122.168616097019,7.429151390085646
12.237024358840278,122.68970844922018,272.0473468113568,6.408353004978977
17.358510364564754,429.4670485696156,337.78518743831256,9.986543273194238
17.358510364564754,613.4865070723832,22.27089633547368,9.861223969601742
12.213570232467887,153.37162676804678,335.7119051397495,7.269422101706802
17.358510364564754,214.73352428474672,341.8713804109474,10.024004251832247
19.805019780306363,306.7621775496382,312.4614915984068,11.563679410214302
12.213570232467887,153.37162676804678,335.7119051397495,7.269422101706802
7.671131386339246,122.68970844918528,290.94180385890155,4.684825971586666
24.57071414231177,306.7432535360936,286.1739141914819,13.651125430735217
60.54610994484838,1472.185105506535,91.9718237604908,34.039701396714904
7.671131386339246,122.68970844918528,69.05819614109845,4.684825971586667
34.78196220061207,1380.4297989734207,304.876946844271,17.57878012335878
12.431279497761324,184.0116786674544,132.26302531014312,7.1537222316021705
15.800788837820228,245.333578817882,224.0554351850461,8.915590625675684
35.252553388016295,582.8839820039893,310.9376533548505,18.894506637837427
28.03630333835644,889.6103148939824,53.091317418591416,15.50002531999482
31.143961434608883,613.5620863199888,314.65063836816546,16.50227346982976
5.34291622527104,306.7242711229807,90.0,2.7798731661139087
12.213570232467887,153.37162676804678,335.7119051397495,7.269422101706802
12.237024358838871,122.68970844918528,87.95265318864219,6.408353004978625
32.14950655266692,705.6396558362119,327.3919478388225,16.292912426368936
23.3189554732816,429.46704856949344,326.32034103537165,12.752456518222752
15.494548664354904,214.72027747526548,54.55068623090921,8.383492448858332
27.52765006151073,368.1372517919933,313.8449527617429,13.87361663641128
12.213570232467887,122.69730141443742,323.6749979521214,6.361111987758738
17.492757114354365,214.6802917786968,115.15941307000016,10.164629764428312
22.69991210349251,1042.927062022755,65.56581378491518,12.68932178718586
7.671131386339246,122.68970844918528,290.94180385890155,4.684825971586666
24.76132189975276,1012.1900947058148,285.7461246535474,13.584855648939108
19.805019780306363,306.7621775497254,319.62138267033066,10.675063984438102
7.671131386339246,122.68970844918528,69.05819614109845,4.684825971586667
29.604884777395323,920.1728133689226,275.7628714601548,14.5789461317752
19.805019780306363,306.7621775497254,319.62138267033066,10.675063984438102
82.7590470436518,2484.157662010634,93.13683886878836,43.228578216885765
19.805019780306363,214.7335242848078,325.94641997455835,11.157503822894585
15.494548664354904,184.0459521216561,61.62527984479468,7.745146151590074
19.805019780306363,306.7621775496382,305.58627100426133,11.56346162320428
17.358510364564754,184.0573065297829,22.78030293491281,8.950936812183128
10.902662557499054,460.1148803041664,0.0,5.487469629908958
28.03630333835644,858.9340971390175,298.6116609576718,16.232345683730728
29.69880199552384,858.986920848015,323.7253447237668,14.890552866171175
17.358510364564754,398.790830814643,353.0980116208579,10.051162956969009
7.671131386339246,92.01728133688896,314.1430706643596,4.410292572855688
19.805019780305493,736.1382506953472,116.92280836248922,10.374980091785105
98.4545075942272,675.2376182703465,234.7109239948216,49.668875949224
7.671131386339246,122.68970844918528,69.05819614109845,4.684825971586667
12.213570232467887,153.37162676804678,5.884160094591692,7.269422101706802
17.358510364564754,184.0573065297829,337.2196970650872,8.950936812183128
17.358510364564754,184.0573065297829,337.2196970650872,8.950936812183128
15.494548664356016,153.37162676809035,320.66264137359383,8.187799323078194
17.96665666709101,615.9372539980201,263.8127975480145,10.033846812137492
12.237024358838871,122.68970844918528,87.95265318864219,6.408353004978625
17.358510364564754,245.40974203978035,322.74586461057066,9.338574463154297
17.358510364564754,153.3810887748191,329.65272076785635,8.560591663119942
17.356332494464517,184.034562673778,274.77272346993493,9.0000322664519
12.213570232467887,153.37162676804678,305.5619231853726,6.19057482376291
17.356332494463032,214.70698978607427,86.21785071049123,10.073441126417505
23.3189554732816,398.79083081452967,321.27926727861154,12.793909309434666
22.760499255148485,705.4220297219065,255.37216113397056,12.394132977267668
7.671131386339246,122.68970844918528,290.94180385890155,4.684825971586666
19.805019780306363,306.7621775496382,312.4614915984068,11.563679410214302
17.492757114354365,184.0116786674544,111.14853261780496,10.528939376232843
79.20318693925358,716.0603159868158,243.89258332900604,39.38406957631331
12.237024358840278,153.36213556152524,271.1678272182759,7.328772220849376
7.671131386339246,122.68970844918528,69.05819614109845,4.684825971586667
17.356332494464517,214.70698978607427,273.7821492895081,10.073441126418365
12.213570232467887,398.7415524599797,328.4987005235203,7.691787244124487
19.788816815259747,245.39460282887484,75.01980405700047,11.160444884790198
27.52765006151073,705.5963992679872,325.1479017194543,15.804707691575691
17.358510364564754,184.0573065297829,337.2196970650872,8.950936812183128
23.3189554732816,398.79083081452967,312.9895960983886,12.374527785942664
5.508426167779602,306.705230313868,136.12973147327824,2.8626281373681906
22.656981086711905,490.7588337967587,280.440845942059,12.870714052344228
10.902662557499054,460.1148803041664,0.0,5.487469629908958
24.57071414231177,276.06892818248417,282.49558531333,13.44630062699957
15.494548664356016,245.39460282894456,314.32332335076046,8.698388712438739
5.34291622527104,306.7242711229807,90.0,2.7798731661139087
7.978772093601114,122.67445244496956,148.56736113210312,4.870151201880573
24.57071414231177,490.7892056577671,62.91533399324442,13.357537305429103
24.76132189975276,245.33357881781228,238.24278257540635,13.897189064850206
17.80779934396233,184.00478613884337,262.27521315766387,9.060037934276572
12.237024358840278,122.68970844922018,257.8754440708936,7.243182429476908
12.213570232467887,122.69730141443742,346.6034626199416,7.16899478054869
12.237024358838871,398.74155245986645,42.8425396628117,8.019345110681119
15.494548664356016,245.39460282894456,299.1975431885565,8.711862028292728
7.671131386339246,122.68970844918528,290.94180385890155,4.684825971586666
16.462408889726973,153.3810887748191,351.14264911916723,9.027677602384347
27.521638416114943,736.1382506951381,270.6387253108347,14.225426825283774
15.494548664354904,153.37162676804678,76.52747745948085,8.22559213685388
17.356332494464517,184.034562673778,266.1266093174148,10.473826083098215
17.358510364564754,153.3810887748191,329.65272076785635,8.560591663119942
17.356332494464517,153.36213556148164,276.4155348355966,8.597948902876086
38.96948729792477,1073.7994762724963,316.2120869539049,21.11046684487337
12.213570232467887,122.69730141443742,36.32500204787863,6.361111987758738
7.671131386339246,122.68970844918528,69.05819614109845,4.684825971586667
7.671131386339246,92.01728133688896,45.856929335640416,4.410292572855688
7.671131386339246,92.01728133688896,314.1430706643596,4.410292572855688
12.213570232467887,122.69730141443742,323.6749979521214,6.361111987758738
15.494548664356016,306.7242711230613,298.31573582874427,8.8576330877442
17.358510364564754,184.0573065297829,337.2196970650872,8.950936812183128
67.23611819198715,522.0517243964525,264.97404624438303,33.804512609568114
27.52765006151073,429.4934604239922,319.3031789031596,14.429111314745194
15.494548664356016,214.7202774753265,318.4997830179895,8.192869334381374
7.671131386339246,122.68970844918528,290.94180385890155,4.684825971586666
15.494548664354904,214.72027747526548,54.55068623090921,8.383492448858332
27.38689288681116,1288.2019836742666,344.7202807398629,14.35746458056192
5.34291622527104,306.7242711229807,90.0,2.7798731661139087
12.431279497761324,153.34306555621197,122.168616097019,7.429151390085646
7.671131386339246,122.68970844918528,290.94180385890155,4.684825971586666
24.57071414231177,429.46704856949344,319.04428981052166,13.635109654640171
32.14950655266692,1135.0898596920197,312.13867078744386,17.34801695345302
7.671131386339246,122.68970844918528,290.94180385890155,4.684825971586666
23.3189554732816,368.1146130595658,317.3565292647865,12.488201011076972
17.358510364564754,276.08595979467435,357.03613908641535,10.005859042403651
29.999288259249123,245.72816047244007,295.305082272164,15.312416567124355
17.358510364564754,214.73352428474672,341.8713804109474,10.024004251832247
28.12606762617456,1288.2419387164916,194.2507834765632,14.057802679519083
15.494548664354904,214.72027747526548,54.55068623090921,8.383492448858332
17.769679912765515,183.98865452821968,165.55395677392568,9.279964016981712
12.213570232467887,153.37162676804678,24.28809486025051,7.269422101706802
27.52765006151073,490.8496690559911,321.99856293223104,13.567030650060016
69.89847605115686,675.5175314049734,258.6072616260659,38.636532570677744
23.3189554732816,306.7621775496382,309.1083794274716,12.159723921085988
15.494548664356016,153.37162676809035,320.66264137359383,8.187799323078194
22.01769522279153,490.6978097798783,253.0068455846504,10.966556391341545
12.213570232467887,122.69730141443742,323.6749979521214,6.361111987758738
29.76099218188649,1073.6013873763657,283.8999928241884,14.705768967254423
49.537884442127066,1134.9500380835864,82.36160643236627,25.98968812031832
12.213570232467887,122.69730141443742,323.6749979521214,6.361111987758738
12.431279497762713,306.7242711230613,268.72984980223777,7.907606791756559
18.15930552338353,276.07915345716134,334.1419592313377,10.789112649369894
24.62149621199832,460.1715647399916,319.61952892765464,13.886576648607566
11.01044908432941,184.034562673778,70.8082630984639,5.876363189742613
15.494548664354904,153.37162676804678,76.52747745948085,8.22559213685388
7.671131386339246,122.68970844918528,69.05819614109845,4.684825971586667
24.57071414231177,368.1146130595658,305.5917202337793,13.627023820636346
17.358510364564754,153.3810887748191,329.65272076785635,8.560591663119942
7.671131386339246,122.68970844918528,290.94180385890155,4.684825971586666
17.356332494464517,306.7052303138724,266.7441336144845,8.96123526429855
19.805019780306363,306.7621775496382,312.4614915984068,11.563679410214302
7.671131386339246,122.68970844918528,290.94180385890155,4.684825971586666
38.96948729792477,674.9596707998548,305.56881601776763,19.846178734239807
24.57071414231177,306.7432535360936,286.1739141914819,13.651125430735217
15.494548664356016,214.7202774753265,305.4493137690894,8.383492448858693
58.8457398135142,552.5659247968733,229.11797410594,30.621051437154872
7.671131386339246,122.68970844918528,290.94180385890155,4.684825971586666
22.760499255148485,245.34890488993915,235.05824886480747,10.396948719890036
12.237024358840278,184.0459521217084,302.9244066793867,7.198316412942472
17.358510364564754,184.0573065297829,337.2196970650872,8.950936812183128
12.601602777969266,552.0694145651271,133.32081859397852,8.8887747338573
15.494548664356016,214.7202774753265,305.4493137690894,8.383492448858693
15.494548664354904,214.72027747526548,54.55068623090921,8.383492448858332
22.69991210349251,674.9182949519877,342.49614567159585,13.501673335118674
7.671131386339246,122.68970844918528,290.94180385890155,4.684825971586666
12.213570232467887,153.37162676804678,335.7119051397495,7.269422101706802
17.358510364564754,184.0573065297829,22.78030293491281,8.950936812183128
32.073123865856594,521.5277733719905,304.80504610257333,17.221971484627222
7.671131386339246,122.68970844918528,290.94180385890155,4.684825971586666
192.7747144338303,2117.2430568792315,282.94867122780767,106.61516640950882
7.671131386339246,122.68970844918528,290.94180385890155,4.684825971586666
143.8065490880557,1626.483035365303,290.7774511480669,72.5271311267114
22.656981086711905,521.3988915335831,276.72600253187056,13.043071392666349
15.494548664356016,153.37162676809035,283.4725225405174,8.225592136854385
7.671131386339246,122.68970844918528,290.94180385890155,4.684825971586666
12.601602777969266,153.33348676113263,149.87374414547003,6.416441517098311
44.35893134046793,1349.8365899040234,62.86887372379192,23.188607431168403
10.902662557499054,460.1148803041664,0.0,5.487469629908958
12.601602777969266,153.33348676113263,149.87374414547003,6.416441517098311
12.237024358840278,214.7202774753265,295.8028276612792,7.742906794569401
7.671131386339246,122.68970844918528,290.94180385890155,4.684825971586666
39.82048210477259,368.8813909913183,307.7979817330014,21.487762695438136
5.34291622527104,306.7242711229807,90.0,2.7798731661139087
17.356332494464517,245.39460282887484,291.55351450581543,9.354707311042306
17.356332494464517,153.36213556148164,276.4155348355966,8.597948902876086
17.769679912765515,245.3182060376262,145.2752580741495,9.760494479229692
32.073123865856594,368.1372517919933,296.9726536195882,18.072825821231312
7.671131386339246,122.68970844918528,290.94180385890155,4.684825971586666
17.356332494464517,153.36213556148164,276.4155348355966,8.597948902876086
