Tinggi_Letusan_m,Kec_Angin_km_jam,Arah_Angin_deg,Jarak_km,Luas_km2,Sudut_deg,Radius_km
3000,20,90,15.0,45.0,30.0,5.0
5000,40,180,40.0,120.0,45.0,12.0
2624,72,235,59.66,220.9,35.44,5.21
5072,69,274,69.65,241.16,39.88,9.68
3278,85,281,72.57,295.36,45.45,9.26
6507,81,22,90.36,389.83,47.43,9.82
2475,88,160,62.77,218.14,53.46,8.08
8252,54,55,85.06,373.18,36.87,9.44
8339,40,27,80.72,256.63,29.8,8.45
5287,55,241,67.59,227.69,35.92,8.46
7892,41,323,77.33,249.54,37.74,9.38
4018,74,283,69.34,203.16,44.3,7.62
5539,56,13,72.78,214.46,44.44,6.21
2978,16,275,28.81,51.7,29.16,4.65
6220,12,125,50.46,82.76,17.82,4.36
5057,76,20,76.66,297.09,50.05,8.56
5535,73,358,74.89,291.3,42.24,8.44
6650,18,32,48.34,102.12,23.95,5.82
8567,22,179,70.45,176.93,25.58,8.33
6874,59,130,71.34,197.2,35.66,9.16
5465,66,164,77.02,268.94,46.79,7.84
3861,69,98,59.25,176.89,48.35,4.52
7052,34,291,62.16,114.81,32.26,6.67
6055,63,155,74.09,306.11,40.85,7.36
7303,43,283,76.56,266.72,36.83,11.38
2291,24,211,25.53,10.0,26.45,2.0
6287,57,106,66.33,177.15,41.52,9.22
2159,32,175,43.29,96.36,26.25,2.0
7653,31,343,65.13,149.29,30.15,9.41
4321,10,322,32.95,10.0,15.13,3.22
2832,32,87,43.08,87.16,36.11,4.42
6616,88,82,87.54,362.24,61.44,9.27
5220,75,346,78.91,316.69,45.47,9.41
4220,90,336,78.71,313.91,45.37,7.53
3060,82,32,65.63,233.29,50.13,9.83
7241,11,277,51.47,124.0,25.99,8.48
4660,31,1,41.87,128.07,39.47,4.75
8558,70,64,99.97,406.59,40.03,12.96
4243,88,179,75.33,312.92,57.84,9.17
5505,11,243,33.63,39.87,19.63,2.21
4919,26,311,49.94,60.99,29.25,5.27
7629,88,108,102.0,507.78,57.49,12.01
8722,84,179,103.86,503.41,43.98,12.6
2174,70,150,62.7,262.03,40.23,7.09
5024,47,228,59.77,199.53,32.8,6.19
7494,47,83,73.91,201.49,33.8,7.55
2796,62,346,46.41,186.03,35.26,3.92
8073,78,293,106.99,475.2,45.46,13.35
3346,76,114,62.57,235.87,48.77,6.94
4172,56,55,52.42,133.99,38.27,6.64
7817,14,154,62.56,139.6,26.66,7.59
6138,69,315,74.96,281.51,43.66,12.14
6498,56,341,69.98,191.95,45.56,8.79
4914,42,332,48.06,137.5,36.97,4.1
4245,74,208,68.5,233.4,45.38,7.84
7457,36,185,74.16,141.37,31.42,9.16
3748,31,22,34.39,66.63,39.49,2.0
2978,50,131,45.54,105.93,32.24,4.96
7550,86,241,103.3,533.16,52.3,15.01
8415,49,234,84.96,290.91,37.48,9.15
3237,69,12,62.12,195.77,50.01,8.58
3417,60,261,58.13,123.98,40.67,5.22
3185,74,146,63.95,196.38,40.83,7.72
6156,68,212,74.73,278.53,49.58,9.88
5331,47,244,60.79,180.42,44.53,4.2
5658,21,335,50.69,50.93,34.73,6.64
7102,43,331,73.07,255.06,36.21,9.12
7421,61,97,78.33,275.22,40.59,9.98
2603,85,199,63.17,271.54,46.03,6.35
5065,39,280,57.75,145.44,40.29,8.22
7925,87,152,108.67,537.23,40.43,15.45
2829,12,246,25.42,64.77,16.19,2.0
8779,47,113,84.67,310.4,37.83,8.04
5096,41,358,55.89,125.39,36.65,7.76
6660,90,8,93.34,452.21,52.65,12.0
6660,29,86,58.52,142.59,34.25,6.43
4022,63,327,60.32,210.06,32.08,5.29
2253,88,85,53.71,160.72,54.55,6.02
2841,72,304,63.38,209.69,51.97,7.74
6887,16,306,51.19,50.57,21.16,5.61
2699,67,188,48.86,148.9,38.25,6.58
8862,27,318,65.13,190.27,26.42,7.01
4635,89,213,80.79,333.93,52.79,10.24
5210,30,340,48.99,57.1,35.84,5.38
5099,86,56,79.92,339.54,59.86,12.71
3039,88,48,68.79,295.34,46.57,8.75
4805,61,349,61.45,140.56,30.99,5.7
4883,84,12,76.77,363.88,54.93,7.77
4456,55,212,58.08,170.63,42.35,6.46
6914,37,197,60.72,155.74,45.94,7.62
7658,69,200,90.05,365.84,43.3,9.64
8205,29,113,65.88,188.37,35.58,8.45
2543,32,203,32.89,81.58,22.04,3.44
4339,45,297,46.97,149.39,40.23,4.56
6679,19,182,51.69,172.41,28.82,5.36
4554,72,247,62.96,200.65,45.7,7.43
6725,26,272,60.69,121.39,33.59,9.73
5676,87,200,81.19,379.12,49.49,11.85
7901,41,118,74.43,234.99,42.17,8.39
2560,34,65,33.55,70.14,24.07,4.98
3360,49,358,39.21,60.96,28.72,3.47
6105,79,229,82.42,326.39,46.85,10.19
7075,39,267,70.09,213.59,36.43,8.86
5777,65,306,72.95,245.29,38.98,7.21
4689,37,209,48.77,80.79,32.6,6.35
5492,60,227,65.64,235.01,44.7,7.64
6256,85,248,88.17,339.63,49.41,10.97
5137,23,253,46.8,43.59,34.73,7.49
8894,71,234,87.22,317.39,43.38,8.86
8324,16,41,70.9,138.17,21.41,8.86
4918,88,38,81.36,396.44,42.54,7.84
8893,51,279,83.77,320.36,39.06,7.39
3693,43,26,52.75,110.02,31.87,7.14
7556,46,296,76.21,193.76,38.79,7.59
8521,64,274,92.37,350.01,35.99,12.16
6993,40,17,65.0,222.28,31.8,7.85
8662,51,94,86.24,295.07,35.79,12.39
6741,30,85,50.67,155.74,43.25,5.47
6968,57,161,75.5,251.36,34.38,9.93
4778,64,123,60.28,207.14,52.66,7.49
7427,43,192,74.39,178.05,35.87,8.34
2957,27,178,33.37,101.47,23.93,4.89
5884,11,108,45.01,107.04,22.23,2.86
5173,87,270,77.86,307.1,50.04,6.79
5923,36,320,56.21,58.31,36.52,7.15
8364,12,107,55.7,131.51,25.95,10.26
2424,55,90,45.34,136.04,42.38,7.32
7544,57,242,78.64,260.83,43.9,11.68
4990,62,114,67.79,214.56,46.46,4.76
8688,69,37,91.29,306.4,39.33,9.58
3847,51,284,52.08,103.55,37.57,7.82
4188,82,251,68.68,270.9,47.59,9.21
3060,10,104,21.25,17.43,22.45,2.0
2784,12,119,27.44,18.64,19.09,3.15
3603,36,215,37.23,40.71,39.91,4.89
3697,29,334,35.42,24.59,32.39,4.34
6225,13,114,48.73,88.64,28.44,7.06
2967,22,39,22.4,54.95,33.64,2.0
6812,78,177,90.9,443.63,49.88,10.35
2033,90,307,62.76,222.16,46.42,10.6
8366,89,28,99.65,500.9,54.35,12.62
4531,34,77,50.69,133.77,35.08,6.59
7152,38,138,65.16,138.52,41.71,10.41
2133,76,114,56.69,223.08,46.66,7.11
6692,66,21,80.04,258.76,42.84,9.49
3210,54,357,54.14,146.76,40.14,6.56
4905,53,59,60.43,151.22,32.3,8.02
6353,37,238,54.5,125.75,37.93,8.13
7932,80,302,92.18,369.88,49.72,11.63
3775,53,261,58.09,158.83,32.33,6.49
8470,51,339,80.79,285.82,35.33,8.75
2087,72,320,51.56,161.31,46.57,4.48
3857,24,245,33.62,10.0,19.09,4.08
3396,62,136,55.7,198.58,28.34,7.28
8649,56,159,85.5,292.48,35.13,9.77
2732,10,73,30.61,24.15,33.03,3.73
7635,68,335,87.55,359.99,59.69,11.78
8213,41,147,79.81,245.68,31.9,10.94
4366,40,130,50.43,126.76,36.12,3.15
4759,11,343,33.06,10.0,23.56,4.09
4407,32,172,40.88,64.08,28.28,4.84
3414,20,16,29.16,58.9,27.32,2.0
8186,18,84,62.23,135.46,26.16,7.81
3767,18,354,29.94,10.0,20.83,4.03
8589,34,80,64.52,117.65,27.73,6.91
5870,52,59,66.91,194.54,43.45,7.02
5668,69,266,68.65,247.81,44.66,8.02
4072,13,74,31.13,98.97,23.42,2.0
4694,31,64,44.55,99.09,33.63,4.41
7926,81,255,100.7,510.43,51.0,14.13
4331,29,106,40.63,76.68,27.29,4.63
3128,32,176,37.25,77.89,30.04,4.58
4518,20,65,45.03,128.26,28.55,6.29
8666,87,74,103.83,532.27,54.78,12.78
2011,36,329,37.67,78.38,30.82,5.02
6257,78,355,85.1,240.58,38.68,10.89
7802,84,245,94.06,464.59,46.98,14.65
4390,14,270,37.87,102.13,25.56,3.04
4010,61,271,54.16,146.38,37.64,7.89
2016,74,46,52.67,158.0,47.02,7.25
6534,35,149,66.14,165.16,25.17,8.6
7083,59,342,72.37,249.38,44.33,9.25
6086,13,355,48.03,72.63,22.14,7.07
5147,39,341,62.08,203.5,33.1,7.98
3046,68,212,57.72,203.17,43.5,5.83
5563,66,146,75.0,267.81,44.8,10.0
2919,63,263,55.14,123.64,49.26,5.87
6641,86,309,86.29,341.14,50.36,9.94
7362,21,100,60.76,145.76,29.4,8.22
3984,54,252,54.14,80.99,39.08,6.49
2448,35,258,35.97,48.99,34.68,3.52
8833,66,315,97.66,398.3,47.13,12.74
4297,36,308,50.52,116.02,28.79,4.77
5812,42,328,63.05,143.54,36.89,5.7
8978,71,83,107.19,455.56,52.21,13.09
7338,61,104,81.72,313.39,40.58,11.99
6602,76,104,82.14,325.43,41.24,10.54
8024,20,302,62.85,137.72,21.43,7.2
5154,90,103,83.91,401.82,65.55,9.19
3348,33,353,40.89,72.6,33.71,5.0
5333,81,80,73.62,235.57,51.62,8.42
6644,51,198,71.27,248.93,38.75,7.57
2166,90,11,69.9,287.21,56.37,10.25
5615,34,166,57.65,156.87,34.5,5.27
4266,73,245,64.7,259.15,49.75,10.0
7825,67,288,83.1,311.33,43.96,10.09
8411,17,117,65.43,121.02,28.2,7.86
3074,17,157,28.39,28.3,24.6,6.06
4395,23,9,32.83,20.6,26.73,2.91
3028,13,33,26.17,66.01,24.86,3.2
3410,50,193,56.54,82.86,27.49,5.97
7252,62,270,84.0,330.02,39.78,11.61
2307,76,22,60.65,210.7,43.79,8.32
4789,84,141,77.33,353.53,37.15,7.15
6320,27,170,54.91,74.89,24.52,5.3
6593,41,298,72.61,205.36,32.53,6.99
4604,49,222,52.88,133.18,29.15,5.2
3821,22,138,38.4,73.66,21.1,5.89
6476,64,303,77.25,236.62,40.82,9.82
2462,73,61,55.59,219.82,50.59,6.29
5323,14,122,50.14,52.62,20.27,8.24
3506,82,35,62.6,205.63,50.8,7.36
6561,79,64,83.25,313.05,59.06,10.44
4243,85,219,72.37,274.59,46.18,4.71
7272,18,18,48.17,51.09,32.92,5.71
2807,18,295,29.79,60.82,21.8,4.36
2436,36,168,37.87,87.28,29.85,2.86
8641,36,179,76.31,239.46,28.64,9.2
6582,36,78,68.79,229.8,27.59,10.78
3352,64,147,61.17,192.58,40.34,4.63
7114,41,278,72.66,263.47,30.37,9.17
4305,38,199,46.37,122.98,33.11,8.17
4140,23,180,39.95,90.13,25.81,4.72
7062,53,92,71.71,250.14,41.8,9.5
8947,14,236,64.36,153.46,21.78,7.76
8619,59,13,94.95,393.44,39.56,13.18
3057,79,86,66.5,239.57,48.9,5.99
5475,81,316,88.15,400.65,49.2,9.92
5043,72,53,73.41,292.75,37.32,7.82
5476,78,67,74.63,285.13,36.88,9.88
5537,49,88,53.02,106.39,43.31,2.2
5951,20,150,44.96,102.77,23.62,6.0
6943,34,262,63.02,173.27,24.47,9.35
8121,56,58,81.34,288.94,31.79,10.1
6069,47,345,58.94,155.92,40.16,4.26
5656,25,34,54.02,122.66,30.81,9.27
3716,16,209,43.8,65.15,21.61,5.9
6562,39,12,62.0,132.69,45.2,7.93
3424,67,196,58.67,174.29,46.26,5.1
4112,83,42,75.27,352.28,51.38,8.47
2484,84,313,61.33,204.54,53.98,4.76
5972,33,111,55.45,140.14,25.92,8.65
6718,80,45,81.61,355.24,50.02,7.39
6955,60,45,79.67,302.68,41.89,10.0
3508,88,157,59.73,202.65,49.98,4.54
6934,25,140,63.82,121.49,30.43,6.28
3355,85,300,66.39,258.94,40.39,10.76
6286,76,78,81.93,343.17,39.55,11.61
5941,13,127,43.8,51.52,28.02,5.64
3075,31,193,37.0,79.41,28.76,7.78
6563,79,224,91.58,370.75,58.8,12.48
8642,60,340,89.29,339.78,39.95,11.3
6315,35,66,56.65,160.67,36.86,7.78
6572,83,60,87.28,345.58,44.71,8.02
5718,52,11,64.01,100.81,31.96,9.36
5557,84,151,83.76,309.49,56.59,9.84
6278,14,215,54.57,95.43,21.93,6.06
8870,74,295,97.93,420.82,53.24,11.58
3351,79,277,72.37,282.2,52.46,7.6
6418,67,133,80.41,331.35,43.65,7.72
5429,47,191,54.07,141.81,42.08,6.47
3508,19,269,32.49,39.13,37.13,2.0
7617,22,101,63.41,165.43,28.27,8.1
3383,23,254,31.4,70.37,21.18,4.26
4723,32,89,48.21,81.9,25.84,5.25
4158,44,173,52.52,94.46,38.96,4.53
5076,76,99,80.09,324.11,45.54,10.36
3685,68,86,61.18,255.42,44.46,7.44
2101,45,252,30.42,10.0,36.8,2.58
4121,39,179,46.98,44.81,27.31,2.0
5087,82,299,76.47,333.19,54.69,8.92
8361,57,171,88.17,350.36,41.5,12.05
6498,77,356,80.75,342.44,38.51,8.29
2760,64,314,52.1,173.3,43.58,6.09
7756,59,226,75.74,237.38,43.41,9.68
8572,28,70,68.22,160.37,27.97,6.12
2022,65,241,51.98,172.9,42.02,5.65
3343,72,50,58.06,150.35,40.5,6.02
4395,88,202,79.89,284.44,50.93,9.26
3852,59,277,57.44,123.13,34.34,6.94
6004,56,130,71.21,267.56,38.83,9.37
8959,72,32,97.36,375.91,33.48,13.1
3209,25,203,29.06,10.0,27.88,2.39
4870,20,353,44.47,86.73,28.19,7.7
8951,69,31,100.66,480.84,37.04,11.61
7282,42,166,72.47,224.27,33.61,8.12
6455,31,216,58.84,142.69,27.46,7.86
3919,85,80,65.12,247.62,45.95,8.68
7507,61,156,87.05,339.29,47.01,6.93
7481,15,81,58.38,152.08,19.15,5.76
5764,71,216,77.65,323.67,36.02,10.78
2898,14,315,25.72,10.0,27.42,2.0
4965,19,355,42.94,68.05,32.5,4.88
3668,77,283,64.17,260.52,49.63,7.12
3771,52,286,54.67,93.71,41.96,6.75
3319,22,354,29.27,35.51,36.69,5.3
3554,17,215,32.46,51.1,22.46,3.76
4887,59,352,64.76,215.71,39.51,5.35
3648,59,105,53.26,139.52,33.15,4.85
6610,35,202,67.13,162.99,35.45,7.25
7253,12,302,57.24,95.97,16.34,4.8
4775,28,268,47.15,55.63,31.85,4.96
7594,29,286,66.13,135.69,27.68,8.15
3615,40,267,46.44,158.96,31.73,5.96
4173,26,6,39.1,10.0,32.3,4.52
8217,31,350,70.97,177.58,28.21,9.43
4037,27,47,35.5,37.1,39.06,5.95
2630,12,47,19.93,10.0,24.57,2.45
4865,81,110,75.31,248.92,45.77,10.41
6469,23,168,53.94,87.51,28.61,5.89
7287,29,287,58.07,154.97,26.28,6.1
7895,81,275,93.9,443.42,44.48,10.34
2780,33,354,40.62,95.16,40.1,8.28
5982,22,224,51.26,66.11,23.81,5.21
6266,15,270,48.4,48.3,29.46,4.43
5128,77,267,73.88,279.66,40.47,11.42
2578,60,259,44.37,118.62,35.39,7.52
8496,19,25,66.06,82.91,21.73,8.96
5902,47,348,57.84,163.8,41.53,4.45
8736,57,0,89.23,331.55,30.69,10.22
3508,56,351,51.35,123.32,39.4,6.83
3080,42,230,41.48,89.24,25.1,5.69
8612,50,56,87.32,257.48,27.63,10.89
7293,38,90,68.99,181.33,36.62,9.68
2765,52,122,38.14,106.39,44.31,5.54
6473,64,299,79.97,320.03,50.19,8.28
8436,83,209,100.71,437.96,51.12,12.95
7589,24,181,63.41,143.29,35.79,6.26
4968,36,189,55.61,87.88,26.05,3.62
2890,18,273,24.21,14.77,29.61,2.0
3787,63,321,61.95,207.46,38.59,7.18
3925,11,305,33.14,10.0,27.13,2.35
4678,15,162,39.82,64.22,24.2,5.8
7620,37,197,70.82,229.04,30.14,7.57
3375,58,345,46.52,140.8,49.34,7.72
8672,69,80,97.22,460.36,41.87,11.82
4278,45,195,48.3,119.46,27.94,6.61
6508,13,37,46.32,42.3,15.0,5.16
8054,28,207,69.56,170.63,24.42,7.52
5184,45,72,60.86,161.98,38.85,5.56
5565,10,314,39.79,68.53,19.6,5.54
7341,73,28,76.2,321.14,30.31,8.22
6467,56,180,66.97,176.75,44.73,5.15
3075,52,170,48.37,84.71,35.28,4.28
2163,39,349,28.63,34.82,29.33,5.38
3223,17,77,36.72,51.93,20.14,3.39
6129,60,171,73.22,211.85,30.1,8.22
8487,46,31,77.46,223.97,31.74,12.3
7282,71,50,79.28,281.5,45.93,7.98
3996,12,160,27.76,21.2,21.27,3.58
6827,49,101,70.38,195.55,39.58,8.8
2991,46,50,43.02,119.0,34.92,4.7
4980,12,246,33.61,65.05,15.0,4.36
6301,46,89,68.21,207.46,33.3,8.23
7929,52,73,78.98,275.22,34.36,8.27
6155,69,36,79.52,315.8,45.31,10.99
3730,71,325,64.51,213.71,42.2,11.06
3993,69,15,61.24,210.05,45.41,5.24
2643,89,68,61.69,259.62,54.28,5.51
2113,22,352,28.47,36.54,35.65,3.66
7522,50,16,78.72,278.93,37.57,8.26
2635,88,93,65.25,202.55,43.44,8.68
4895,79,310,73.36,316.58,45.18,9.79
4729,26,11,45.49,107.85,26.79,6.95
5549,64,134,74.96,284.31,51.98,7.85
3844,62,130,55.11,179.26,44.19,6.77
5004,37,266,47.98,139.33,47.24,6.31
2272,34,290,31.5,10.0,28.89,2.14
6796,90,175,94.77,451.38,49.95,11.11
4391,46,220,53.71,151.89,35.12,5.93
8614,18,273,64.84,151.18,19.87,7.73
3681,43,138,38.95,51.56,37.09,5.25
3581,26,104,41.67,97.06,28.62,4.3
7297,85,113,96.05,445.92,52.9,11.72
3188,45,43,48.61,140.76,31.73,3.12
7368,85,357,95.67,385.78,46.18,12.64
6682,72,266,88.64,331.91,41.21,10.95
7595,89,149,100.3,507.7,52.14,12.77
7954,44,17,76.33,248.42,39.26,9.99
8156,69,180,87.73,353.98,44.01,10.82
7368,38,219,70.48,234.65,33.79,11.96
5961,10,282,45.54,47.37,21.74,5.84
5908,23,81,56.09,117.33,26.39,10.79
7728,38,202,68.25,170.8,28.59,9.6
2085,15,183,21.55,42.34,21.02,2.0
5586,31,322,55.76,137.83,26.8,7.71
5437,45,169,56.31,184.86,38.92,7.67
3094,84,31,77.56,259.5,45.71,8.38
4283,38,245,47.54,67.44,34.98,5.78
5167,48,253,62.02,193.01,34.93,10.62
6119,63,160,70.41,185.25,42.14,8.27
2658,78,115,68.22,262.52,50.93,6.79
5282,39,195,56.48,84.04,32.75,6.8
3782,36,139,41.13,64.18,31.72,5.07
4029,57,95,56.36,145.86,42.14,7.68
8764,67,154,96.98,441.48,49.91,14.3
5106,55,10,63.48,187.8,36.0,5.39
2886,58,226,47.59,125.71,36.33,4.06
2314,12,35,23.96,88.55,25.59,3.6
5893,11,67,39.21,102.23,19.23,3.14
5464,81,256,76.46,290.07,54.5,7.97
7350,57,219,82.9,315.42,36.85,7.57
6317,13,323,52.87,66.52,24.13,7.36
2034,29,174,33.31,17.12,31.81,4.37
4049,58,227,48.71,104.14,40.99,5.55
8287,71,126,96.07,431.58,43.78,8.76
6308,84,303,82.84,363.98,53.94,10.13
2228,42,354,32.47,115.49,31.97,2.0
7825,57,55,86.63,332.22,42.24,10.94
4637,27,312,54.1,146.15,21.55,7.16
6883,15,186,51.28,129.23,29.89,10.01
7095,67,300,80.94,295.8,41.0,8.38
7145,29,169,63.87,144.63,39.83,7.68
5838,82,356,84.09,374.85,50.1,12.14
2687,81,40,63.48,215.08,50.37,10.97
6657,38,187,65.85,217.86,39.0,7.92
8054,39,14,64.92,221.19,34.5,9.29
3049,88,305,62.01,232.31,50.63,6.7
4068,71,63,68.83,271.35,49.07,10.48
8911,37,272,70.05,193.4,37.01,6.95
8798,30,142,79.7,260.84,33.76,10.5
3326,66,271,58.71,145.34,32.17,7.27
7224,34,314,71.94,251.29,26.91,8.1
4308,25,193,51.88,151.09,34.35,5.64
2959,15,306,23.08,15.75,24.68,5.16
8521,22,324,57.73,140.52,24.2,6.99
3834,71,21,67.13,184.54,42.26,9.08
7798,25,344,58.0,149.98,34.37,6.89
4660,90,179,73.15,301.46,47.06,7.04
3122,14,17,27.26,10.6,27.84,2.6
6350,68,68,75.88,249.98,35.56,9.54
6491,78,189,75.6,273.34,42.79,11.44
3275,27,5,40.58,112.01,25.73,3.92
7138,68,160,74.49,211.93,42.4,11.26
4312,14,281,40.26,123.11,22.02,4.81
3001,89,84,62.37,258.53,46.06,7.64
7855,72,288,86.73,358.81,50.18,10.21
7619,85,318,98.56,429.81,53.45,13.06
6750,50,71,69.54,237.7,41.6,7.54
2237,78,19,59.61,174.74,45.25,7.29
8164,47,245,71.55,163.32,30.15,6.62
4938,39,52,48.79,88.39,29.78,5.19
4789,55,290,61.44,167.01,37.08,7.86
4577,14,324,33.82,44.88,15.0,4.38
5598,65,189,79.4,265.93,43.84,9.47
2115,36,4,33.09,59.89,36.84,6.04
7813,30,49,67.28,200.6,26.99,9.22
5693,85,105,88.12,449.06,49.14,7.29
4280,33,197,48.18,108.91,36.59,6.51
6850,76,222,90.0,425.47,48.39,12.16
4262,42,171,57.63,154.53,38.72,7.1
2288,63,200,49.57,179.24,44.83,3.38
3831,66,288,60.35,134.89,52.57,8.27
8013,38,1,71.5,240.17,30.59,10.3
2610,42,307,40.65,78.46,39.93,3.58
7374,50,31,77.89,278.83,39.9,9.96
7856,64,188,86.08,317.87,40.84,13.36
5197,75,83,77.03,243.18,45.71,8.59
5696,49,112,62.45,115.24,41.35,9.65
7411,55,296,79.86,280.54,45.89,12.11
6090,85,324,87.14,389.13,40.7,11.16
5999,64,86,76.75,319.18,43.31,9.1
6893,52,66,69.55,255.43,45.06,6.86
5000,67,257,69.0,245.5,45.75,9.77
7800,81,122,96.49,454.33,44.18,14.82
7106,24,151,62.24,97.85,24.29,9.33
3461,41,147,49.2,96.65,41.41,5.77
5958,83,141,89.09,359.1,44.09,10.4
6252,15,266,42.22,90.84,22.24,4.48
6024,50,169,63.94,186.36,42.15,6.52
6863,70,23,80.38,352.46,45.56,8.82
4389,63,102,68.59,271.55,37.97,8.17
5402,51,59,62.94,183.2,43.55,9.36
8641,53,11,84.46,323.47,35.62,11.02
2173,41,262,32.85,102.71,33.57,6.4
7686,38,61,72.02,282.14,28.01,5.8
2208,79,346,57.72,173.56,48.99,5.5
3585,51,184,53.15,108.72,34.35,5.86
3780,70,303,63.55,198.12,43.14,7.6
7493,67,107,88.32,395.43,41.13,11.33
7596,24,20,68.84,190.46,19.53,8.94
5707,53,62,65.36,227.3,35.1,5.61
7421,25,277,61.03,180.85,19.2,5.4
5479,18,29,45.26,66.78,33.3,6.86
5680,64,204,73.69,231.39,46.69,7.18
5676,12,26,48.24,87.71,23.32,6.39
7715,90,102,99.19,472.21,55.03,11.79
3132,58,127,51.69,142.15,40.87,6.45
5331,19,283,45.8,119.04,17.98,5.77
2723,29,247,32.17,22.55,29.3,6.62
6967,16,165,48.88,139.13,23.29,5.83
7179,78,127,85.79,347.55,59.59,12.38
6261,14,162,45.07,20.27,30.0,7.15
6171,74,66,78.93,298.72,49.65,10.06
5109,12,171,40.26,90.67,18.21,5.79
5911,70,103,79.92,329.68,41.03,7.17
8502,69,20,91.04,353.5,35.04,13.55
5256,79,162,80.69,351.87,50.53,9.32
8673,62,177,101.01,448.05,39.38,12.82
3893,54,157,61.02,157.78,41.41,8.92
6112,15,27,48.02,81.89,22.37,5.09
7373,43,115,71.14,189.44,32.47,10.19
3398,70,2,62.83,198.66,47.37,6.57
5205,43,149,61.36,191.96,30.14,6.08
3571,12,270,22.15,28.38,17.32,2.0
6350,19,98,50.04,78.13,26.69,5.2
3363,17,113,34.22,72.06,18.25,4.55
5848,49,338,60.84,170.93,36.57,10.06
5988,60,232,81.9,272.04,45.9,11.28
6272,80,224,86.74,361.28,50.77,10.75
4993,90,173,81.28,377.4,54.4,10.85
4654,41,204,48.62,93.75,31.25,7.01
2827,46,118,49.4,159.71,37.32,4.7
3085,73,359,59.96,199.17,43.85,5.86
3185,57,91,48.92,219.35,34.52,3.98
6788,56,74,81.04,289.72,42.46,6.96
7165,36,256,58.79,149.54,21.39,5.07
2601,20,293,24.58,39.85,28.53,4.29
5770,74,7,78.2,308.28,48.46,9.6
8704,47,328,81.1,249.0,38.56,9.59
4275,30,245,41.63,57.12,24.45,6.46
8399,19,92,61.59,161.47,23.85,5.28
8948,24,91,69.73,180.56,34.11,8.4
5284,42,295,59.62,142.17,44.14,7.15
3220,59,298,61.16,231.65,49.8,5.81
3947,50,21,50.27,132.8,31.14,5.07
8497,76,50,100.23,462.06,39.85,11.56
4167,20,75,41.56,103.8,32.28,3.85
5271,29,101,55.9,114.12,26.4,9.17
7220,36,28,66.83,173.29,31.94,8.36
5142,66,190,72.63,289.19,37.25,9.85
3950,45,84,49.11,41.08,25.11,4.37
3225,35,149,40.95,137.5,25.9,4.87
2989,47,284,42.33,94.41,28.45,7.19
2902,67,258,55.58,198.01,43.18,6.62
6325,29,332,57.54,142.23,26.23,6.72
6765,84,284,89.81,439.24,48.42,11.17
3740,59,221,54.97,161.84,48.58,6.93
3613,58,288,61.89,184.95,52.25,6.7
5093,84,147,74.46,361.38,53.5,8.43
5718,88,24,93.43,379.89,49.47,10.52
7711,10,219,59.86,111.37,27.2,10.72
3748,63,108,59.49,210.73,39.22,6.19
7467,70,196,88.55,297.86,38.37,12.88
8314,13,95,60.51,125.97,28.23,5.22
2585,14,345,25.59,23.82,27.76,2.0
6973,62,158,81.37,303.72,41.22,8.51
3307,58,236,58.43,166.65,35.85,6.27
7679,31,359,68.9,200.84,35.29,10.4
3910,15,68,29.93,10.0,24.87,2.91
7132,86,44,91.76,390.27,48.52,12.78
4987,50,273,69.8,221.09,36.05,8.38
2112,34,214,40.73,52.12,36.2,5.2
3211,12,264,30.55,73.37,19.91,3.65
3156,58,108,56.61,147.8,34.76,7.14
4477,79,20,70.67,283.65,41.84,7.12
8607,21,19,72.45,167.94,32.04,7.52
7005,53,27,70.15,261.83,35.27,11.44
5914,89,172,85.3,393.57,56.41,10.13
6746,13,182,54.03,105.59,18.08,5.26
2183,14,356,28.35,55.44,26.34,4.53
2563,33,70,34.2,32.93,25.31,4.6
7320,41,92,72.31,223.46,37.13,8.61
5885,35,332,54.6,138.74,35.59,5.55
2599,10,84,20.29,10.0,29.83,4.03
2438,88,284,72.14,277.39,65.96,8.31
7726,32,26,69.31,213.53,30.63,10.98
4314,25,50,42.87,49.31,30.84,4.94
4423,49,60,66.39,189.37,29.87,6.92
5075,11,47,41.22,76.7,27.23,3.98
6603,82,340,85.54,332.27,42.76,11.86
5941,34,124,61.22,155.26,35.78,4.7
5583,54,148,68.5,226.14,33.96,5.97
3896,75,111,68.83,266.1,39.41,6.79
4085,15,5,29.35,10.0,21.14,3.65
5340,37,342,54.6,161.58,26.44,6.24
6831,67,204,78.96,327.73,41.92,11.13
6929,87,37,91.52,424.89,52.05,12.51
3121,25,301,33.79,72.27,23.62,5.58
6471,47,126,62.64,212.86,47.62,9.02
2070,88,133,55.21,133.29,52.08,5.74
7294,48,114,73.56,251.42,29.54,8.15
5299,58,115,69.82,212.71,43.03,10.02
2501,45,105,44.64,65.42,41.32,4.08
7541,35,117,70.21,207.12,28.03,6.4
2087,26,304,28.61,73.91,28.88,2.0
2472,86,173,64.74,217.64,58.32,6.45
3925,37,188,46.29,65.78,34.6,7.97
7193,76,134,77.56,297.17,45.03,8.08
3103,21,212,30.41,35.2,25.46,2.0
8263,13,8,52.42,73.07,22.55,8.91
4302,55,244,55.98,194.75,35.55,8.23
8047,58,45,82.58,269.53,39.21,10.33
4203,40,158,51.54,103.42,37.1,6.85
4546,51,261,58.21,177.51,48.16,8.39
4970,12,103,51.26,106.61,26.62,7.21
5934,65,347,72.3,270.22,41.88,8.88
5843,42,251,64.53,174.29,31.35,9.45
7959,16,262,59.28,129.36,29.49,8.48
2771,45,188,45.1,103.54,32.38,5.02
4583,30,315,38.75,56.36,30.78,4.23
5542,53,19,67.12,173.96,30.41,7.53
7010,14,23,56.39,67.15,23.74,7.15
7952,38,55,74.75,196.9,33.62,9.6
4996,76,261,72.89,189.09,43.49,7.96
5938,90,118,88.76,394.44,40.2,10.97
7331,25,16,56.27,124.04,27.33,7.21
2283,66,272,50.12,95.43,35.71,5.14
6479,10,10,50.11,76.99,18.67,5.6
2245,12,7,22.49,76.93,20.86,2.59
4705,33,263,46.73,49.87,29.0,4.0
7260,74,348,84.71,309.21,48.82,11.07
4625,54,248,52.33,123.84,40.89,7.52
5026,32,159,54.48,78.42,24.96,7.6
3393,70,78,67.24,244.57,44.3,4.78
6735,52,219,72.9,224.48,32.67,8.85
4380,41,149,51.57,158.91,34.39,6.01
7980,88,258,96.36,532.56,52.68,12.13
5249,32,186,54.89,77.36,38.22,6.08
8714,82,271,96.62,454.34,45.44,11.75
5695,52,219,73.55,240.16,38.52,8.27
8078,65,39,86.94,327.15,47.64,9.63
8853,11,9,66.41,205.15,27.46,10.16
5314,67,213,72.34,225.61,42.31,9.84
5783,81,160,76.88,260.42,50.81,12.32
3576,23,41,28.31,79.7,32.73,2.0
3034,52,100,50.52,89.85,41.25,2.86
4047,44,185,55.06,139.94,32.91,7.94
4053,88,115,78.24,353.8,54.46,9.79
7686,24,274,62.21,109.59,23.62,7.04
6187,41,50,62.6,198.99,39.75,7.16
7741,60,285,82.34,341.88,44.18,8.1
8946,41,41,79.97,270.89,37.08,8.04
5389,28,290,44.85,66.7,35.18,5.92
3670,45,245,48.36,114.08,39.03,4.71
4008,72,1,64.4,169.6,40.6,10.08
4498,63,143,57.73,169.34,49.86,6.65
4292,45,131,54.06,150.45,29.07,7.89
3718,32,262,38.51,74.45,32.96,4.39
5156,26,242,46.75,70.4,37.13,7.18
5618,58,278,65.45,168.87,45.47,5.3
4910,31,289,47.95,92.37,32.9,6.63
6608,24,157,56.61,85.61,27.55,8.86
2362,44,309,42.42,55.61,37.85,6.37
7334,35,314,68.37,185.94,29.21,5.36
2580,84,327,63.71,245.55,42.71,8.61
4377,27,120,43.05,88.13,39.61,3.63
2900,69,106,53.6,143.75,43.9,8.45
8477,56,107,84.39,382.97,37.46,9.27
3947,68,175,68.64,263.74,55.89,6.15
6242,59,126,76.25,214.95,47.99,10.33
4670,29,270,48.89,77.08,27.25,5.17
2270,44,268,31.54,83.46,41.36,2.73
8184,16,55,60.93,140.74,22.46,5.99
7014,80,66,97.68,443.91,43.37,13.56
7309,40,262,72.42,250.97,30.74,8.5
5965,51,243,65.77,236.94,39.04,5.87
7958,59,89,90.84,352.01,37.41,10.49
5136,56,237,62.61,228.75,39.86,9.66
6054,87,286,90.61,425.57,53.57,11.4
7633,51,5,74.04,240.09,37.92,9.49
2631,56,72,49.16,122.5,31.69,5.91
6418,47,134,68.11,217.85,39.08,9.02
4407,22,355,35.3,112.12,22.46,5.15
4978,73,300,69.97,265.9,46.23,7.72
5588,39,346,58.84,113.39,35.79,11.0
5498,67,222,72.24,195.22,36.84,10.59
2547,32,335,31.36,44.6,25.89,2.0
5694,20,333,45.05,55.46,29.61,5.06
4443,76,55,73.07,266.97,45.21,9.47
6513,43,5,66.31,165.47,30.75,9.11
3914,32,7,44.86,97.52,31.43,6.43
3789,74,337,64.93,264.16,47.04,8.74
5974,35,140,59.07,123.95,35.76,11.36
6430,72,150,79.61,290.13,52.92,8.54
6394,33,97,53.36,97.91,23.01,7.35
4961,60,282,58.58,200.24,37.37,8.98
4896,89,14,78.25,317.62,54.94,9.05
5599,62,25,69.91,195.18,43.69,5.71
6257,15,101,51.96,105.67,28.2,6.14
5105,58,94,66.87,239.53,44.05,7.36
3539,11,169,30.73,51.48,29.3,2.28
5884,36,100,57.76,85.11,34.48,4.15
5947,78,73,86.96,417.28,41.22,9.94
3447,10,56,25.93,11.06,31.24,2.55
8671,47,256,76.3,241.25,28.15,7.57
7813,85,151,96.26,419.14,48.65,12.0
3783,78,332,56.99,161.38,48.1,6.69
5820,25,154,50.36,85.46,27.52,7.77
3003,17,292,28.62,39.8,33.75,2.98
2209,48,292,40.5,81.78,35.15,4.48
8058,84,196,99.5,471.23,43.77,10.49
3224,38,97,38.76,117.45,34.71,5.52
8461,18,49,63.62,139.25,19.39,7.5
6923,12,218,51.94,23.38,23.73,10.34
5480,74,33,73.08,286.09,42.19,6.74
7820,24,76,56.54,88.57,28.45,6.17
8172,19,153,58.71,147.14,20.73,9.51
2325,58,72,48.68,177.5,41.88,6.69
8924,52,46,82.5,275.29,32.14,7.98
4963,50,238,55.27,156.49,30.99,7.08
3107,90,187,75.32,315.49,57.68,7.91
6569,21,247,52.59,97.21,23.72,4.49
5454,27,84,40.94,40.71,32.59,2.52
2442,90,169,62.83,241.14,54.71,8.53
8974,10,85,62.91,82.75,35.73,5.16
2924,24,232,26.22,73.79,40.51,2.43
7013,55,66,66.89,200.47,37.67,7.05
4003,31,358,44.36,77.06,25.34,6.32
3206,62,90,58.49,198.87,34.59,4.87
8862,25,149,74.37,213.67,34.25,9.52
4204,66,238,68.42,244.87,43.44,10.43
7405,61,76,78.33,300.73,47.54,9.32
5823,13,295,37.12,49.32,24.35,3.36
7255,48,188,71.93,225.03,26.79,7.49
3818,24,240,35.5,29.98,34.95,6.27
3294,33,111,38.6,46.06,26.58,3.07
8674,70,58,90.74,327.15,45.6,11.24
7161,66,293,84.03,332.14,41.83,11.2
8371,90,62,105.22,513.87,49.71,10.57
2409,22,335,23.26,39.67,33.68,2.0
5155,47,194,55.22,134.24,33.0,7.53
6702,24,171,55.78,100.63,22.13,7.07
2706,26,116,32.98,116.95,36.25,3.5
5079,33,212,47.81,135.12,33.36,6.12
6611,87,256,97.71,461.58,49.88,13.99
6326,77,320,83.49,343.55,48.76,7.98
7396,38,311,65.42,149.19,30.08,8.8
6169,81,145,79.75,306.16,51.29,10.46
4697,55,287,61.43,246.73,39.16,6.33
2990,51,51,46.88,112.81,30.63,4.18
5565,23,286,48.16,74.75,27.16,5.87
5581,48,153,64.27,169.38,39.66,8.28
3786,89,89,72.01,309.71,54.72,9.52
2373,10,147,25.18,10.0,20.36,3.29
8354,61,100,84.55,315.4,40.88,6.82
6992,11,356,50.86,131.26,17.77,4.87
4829,34,358,48.16,90.48,29.35,7.44
5897,89,336,85.8,404.35,51.05,9.07
6578,38,174,61.89,184.59,44.68,7.52
3167,15,341,31.04,10.0,28.0,4.95
5453,83,100,80.22,343.14,49.9,8.46
8265,18,245,66.73,85.03,32.68,10.21
3435,84,270,70.76,285.86,46.19,9.31
7337,66,85,88.5,381.02,39.57,9.52
4497,16,244,40.96,33.44,27.38,6.04
4152,11,268,31.82,30.96,18.96,5.34
4341,81,63,74.17,283.02,43.09,7.99
5284,69,143,68.26,243.14,43.42,13.37
7411,60,235,79.65,328.5,31.79,9.7
5699,68,151,67.51,216.67,51.07,8.67
3843,32,122,39.84,56.32,33.01,6.79
6732,15,303,46.68,39.54,27.92,3.58
2213,69,319,53.55,125.8,39.03,6.28
4237,44,179,54.17,137.91,31.67,4.89
7709,17,76,61.1,142.86,15.45,6.15
6113,66,348,70.37,312.1,42.96,9.02
2051,85,56,58.61,180.87,60.36,8.54
3380,16,93,26.76,68.37,21.38,3.64
2457,26,160,22.11,35.71,25.05,2.0
3752,67,67,66.8,215.64,43.49,9.35
8982,24,123,70.21,182.6,29.9,9.26
3629,30,282,40.29,114.28,36.55,5.55
7738,11,307,54.8,150.84,26.56,11.48
6760,14,294,53.32,112.12,34.65,5.4
3411,28,331,42.22,98.26,25.0,7.18
2189,78,244,57.95,197.91,46.91,7.91
2492,82,45,57.9,164.09,44.94,7.28
5180,81,262,80.22,304.22,55.68,9.23
5637,57,18,69.92,171.28,36.0,9.86
6898,49,225,77.83,246.92,38.61,11.02
7192,90,268,92.64,450.27,48.14,10.4
7011,44,13,74.4,226.03,29.04,7.3
3988,27,61,48.15,107.36,27.52,6.93
8713,52,279,81.4,325.69,25.5,10.96
4241,50,109,53.43,189.82,33.93,5.39
2854,71,95,55.83,125.59,40.52,8.62
5633,45,272,63.17,168.72,32.45,10.1
5566,11,214,46.61,53.77,20.88,5.61
3912,40,315,48.47,171.99,35.68,2.25
3586,22,225,35.58,61.02,27.56,4.19
3799,33,109,40.68,48.05,46.67,3.81
3781,40,195,47.04,76.03,31.79,7.21
3307,75,324,65.02,171.22,55.43,6.01
7632,77,138,94.27,386.11,47.71,10.61
3654,22,316,34.85,10.0,33.31,4.06
5460,49,102,63.87,158.18,25.87,8.28
5883,82,237,82.54,305.32,49.14,7.71
4158,13,253,37.55,41.19,22.31,7.44
7772,63,62,86.52,322.52,39.07,7.1
8269,29,33,68.98,178.65,33.83,5.95
8340,19,235,60.11,184.4,31.03,3.91
5138,47,318,57.36,112.88,46.17,7.35
6452,36,279,58.97,168.45,30.7,6.65
8073,78,76,101.76,474.89,53.7,10.6
8973,11,177,59.73,127.67,24.18,6.47
7401,60,283,80.91,279.53,37.57,12.03
5223,41,272,61.58,148.26,35.57,7.31
8822,19,212,67.25,183.63,22.89,7.82
2799,89,88,72.09,293.56,52.99,10.69
4875,69,10,63.95,190.07,39.13,8.77
5905,64,277,68.02,220.21,34.93,8.08
2801,17,7,29.07,92.47,30.19,2.85
6664,43,356,61.38,136.92,36.72,4.13
3441,30,45,39.27,37.5,32.62,4.74
7080,48,243,72.45,203.95,35.57,6.68
4778,11,132,46.98,57.91,22.51,4.77
6926,17,57,55.9,111.13,31.38,5.78
8453,56,180,85.7,306.85,51.73,9.06
4124,78,68,66.71,291.12,51.73,6.99
6763,64,238,77.09,299.72,44.35,9.57
7535,15,182,58.95,128.83,25.55,6.11
8102,50,349,81.87,273.36,46.3,8.47
7109,27,65,57.18,138.66,22.58,6.14
6505,89,132,89.23,353.06,56.58,8.75
6562,68,38,77.25,332.13,47.55,7.76
7050,47,291,70.63,210.95,42.81,7.35
4262,62,184,65.62,234.83,40.9,7.44
5545,18,228,49.08,58.26,27.89,5.68
6360,39,98,66.95,151.06,32.47,8.32
8721,14,307,68.02,166.55,33.87,5.91
4382,20,0,40.95,39.25,28.5,3.25
6842,84,69,91.76,351.19,44.57,11.86
3505,46,45,37.31,113.36,36.78,3.25
8955,56,162,86.25,330.55,48.51,12.79
3089,45,208,46.68,131.12,29.47,6.57
5143,34,357,51.22,128.57,32.49,2.0
2244,43,47,40.8,98.42,34.54,7.36
7420,90,118,98.98,485.17,56.72,12.42
4435,10,169,24.57,10.0,27.3,2.42
4679,64,151,70.77,231.96,44.74,9.25
4801,89,159,73.33,278.09,55.39,11.12
5506,44,157,63.02,200.65,33.6,8.06
3171,15,69,36.42,73.0,25.47,4.29
4928,46,67,58.09,122.94,42.59,5.26
5802,67,289,74.95,328.71,41.34,8.0
4820,84,44,66.28,213.06,63.06,8.84
4403,25,17,42.2,76.55,32.98,7.82
5184,73,131,76.99,269.31,40.38,6.6
4001,42,312,45.52,65.07,36.27,3.66
3362,49,293,46.92,93.85,44.75,4.71
8469,84,335,101.17,475.78,45.22,12.05
3130,45,243,44.15,69.87,40.71,5.94
3907,13,231,33.13,39.02,20.21,4.08
7522,16,176,51.2,84.28,28.43,5.1
5014,62,359,70.23,274.2,45.68,11.21
3139,35,256,39.24,60.29,35.04,4.94
7247,71,98,91.44,392.14,48.84,9.56
5126,48,244,60.12,147.46,33.69,6.24
7899,35,166,65.46,129.36,31.27,6.97
5204,45,146,59.64,138.08,35.14,7.7
6053,63,154,73.62,287.73,42.09,10.02
8322,54,128,84.87,329.48,41.78,10.82
7002,33,144,60.44,166.01,33.68,6.41
3294,58,35,50.98,186.19,44.64,5.58
4095,81,26,71.79,188.53,43.82,8.54
5072,44,232,61.69,158.79,30.11,7.89
3924,19,236,35.33,42.12,37.86,2.0
2518,75,114,54.49,197.82,50.32,6.47
2877,59,8,50.7,133.81,40.26,5.8
8554,72,309,90.28,343.0,36.46,12.13
6636,84,228,91.36,360.96,58.32,10.05
6959,52,105,69.89,202.81,39.1,12.67
5881,58,53,76.55,300.78,42.14,7.7
2893,78,298,68.11,251.41,34.05,7.66
2763,48,159,43.41,119.66,32.55,3.25
8911,51,224,84.58,337.69,33.6,10.62
8222,81,316,91.77,361.72,48.41,13.98
3745,65,163,47.65,152.05,42.27,7.43
3517,80,116,68.26,274.39,45.76,7.55
8930,41,236,82.77,272.94,39.22,9.24
3126,78,77,71.13,244.59,44.46,8.44
8049,61,238,85.8,324.32,42.22,6.76
7513,81,260,92.8,426.08,41.46,10.43
3716,58,226,53.71,171.59,37.05,5.77
8887,74,236,103.6,418.63,39.32,9.51
8145,89,225,95.43,421.08,41.08,9.93
3594,64,257,60.18,191.28,37.39,4.92
3478,29,123,42.03,104.44,33.3,3.94
2064,56,225,42.93,97.34,49.79,2.51
4871,43,21,49.45,96.57,32.4,5.6
5256,72,80,76.15,303.58,47.74,7.83
6218,61,199,72.64,311.5,41.83,6.94
3327,31,253,33.27,17.86,25.64,3.33
8717,48,358,85.15,266.31,34.09,10.63
4472,61,59,61.5,201.76,39.61,7.72
7887,66,292,92.28,394.08,35.76,9.42
4820,71,70,66.96,226.89,47.92,9.92
8713,45,214,73.06,227.98,35.88,9.04
8437,36,219,79.6,270.96,27.79,8.78
2770,10,306,25.51,35.33,18.06,4.86
7962,39,322,66.29,181.98,35.06,9.41
3530,22,63,35.79,14.73,20.62,5.98
4213,75,299,69.93,296.45,51.53,9.42
5422,55,277,67.64,200.07,35.91,8.5
2842,89,216,70.22,244.32,53.0,7.64
5038,21,75,43.65,132.18,34.28,5.77
8454,29,181,74.28,242.5,26.0,8.8
6183,89,220,97.4,460.37,40.52,12.6
3563,78,62,63.41,238.32,48.57,6.88
2566,43,186,38.69,44.91,33.39,5.15
7488,11,273,49.07,112.7,15.0,5.22
2104,65,324,51.67,181.08,39.19,7.08
6504,64,8,70.63,297.08,35.21,9.1
7758,33,207,66.6,201.83,23.75,7.89
5570,37,336,53.85,139.69,38.34,5.95
8642,14,146,60.3,118.24,23.4,6.19
5543,74,198,77.67,248.2,37.64,9.96
5554,89,64,88.17,352.07,44.09,13.09
4097,52,19,53.55,113.72,35.65,4.64
2269,55,201,49.37,115.42,34.03,5.29
4233,72,174,66.63,224.04,49.32,5.17
8877,48,234,89.11,322.17,41.87,8.49
3521,34,163,38.5,21.11,26.28,4.63
8076,43,220,68.91,137.91,41.91,9.63
6542,61,257,76.06,296.94,43.45,9.35
8239,13,88,60.83,126.28,23.19,6.71
3344,54,138,51.57,104.04,42.91,4.72
4307,11,262,35.48,10.0,28.3,3.24
5713,70,44,73.72,264.79,54.07,8.43
3879,37,269,47.23,103.95,37.19,4.64
7273,34,165,63.42,166.78,30.8,8.68
3085,15,267,25.37,10.0,35.4,3.5
2512,35,145,30.22,48.51,34.8,3.25
2492,19,178,22.86,10.0,22.26,5.15
2716,74,159,57.81,186.92,41.82,8.27
8825,74,6,100.5,446.09,44.73,12.08
8408,68,66,98.64,443.6,47.82,11.54
8811,33,39,76.11,181.32,29.91,9.01
4141,43,72,56.49,158.72,41.92,7.17
4725,30,14,47.26,95.75,23.66,4.86
7629,76,153,93.04,414.97,43.69,11.87
8124,81,300,95.42,460.08,39.94,11.62
4579,21,176,38.27,60.08,20.83,7.03
4881,40,354,59.14,172.1,29.62,6.13
7296,71,344,83.98,267.3,44.58,7.86
7482,19,64,55.46,92.4,17.2,5.01
7495,61,161,91.19,382.54,40.89,10.3
3973,90,232,74.57,364.51,58.47,6.34
3690,71,261,60.36,192.61,44.55,11.74
8735,24,344,72.44,192.17,28.95,7.13
3972,20,142,38.86,70.68,29.85,6.78
5463,17,285,40.17,44.07,24.85,5.2
6439,84,216,84.31,319.24,41.14,9.76
3833,70,101,61.84,161.22,46.4,8.53
3727,68,239,59.88,205.12,40.23,6.01
6300,80,255,87.36,396.47,38.11,12.51
6077,20,239,54.54,122.68,27.24,6.13
6386,62,280,79.08,238.08,38.99,12.56
8331,33,294,71.35,173.32,33.23,7.46
5370,81,153,76.66,324.15,52.46,10.78
8663,58,52,101.17,456.09,41.92,10.83
4082,30,264,49.87,148.89,34.43,4.1
7051,83,282,86.52,323.54,50.25,11.17
3387,25,145,37.89,32.48,28.23,2.29
5189,10,166,42.19,39.25,27.86,6.73
4618,65,34,63.12,146.22,43.37,6.87
2285,19,198,33.2,10.0,28.56,2.49
5517,76,323,79.18,280.08,42.77,10.89
3873,34,168,45.8,67.14,33.59,9.14
8880,41,359,77.31,241.43,37.45,9.87
5426,84,342,78.23,344.68,55.36,11.66
2079,45,291,37.02,114.96,39.32,2.97
6606,48,73,71.31,215.68,36.67,10.17
3119,76,0,54.35,178.82,50.07,4.23
7172,69,193,81.21,310.55,52.29,12.78
8263,24,344,69.14,188.25,30.39,8.75
8522,20,22,70.8,146.91,30.98,9.83
4064,14,115,34.87,52.25,25.51,2.0
7669,40,227,69.18,163.3,41.17,9.06
2398,20,331,27.77,63.99,22.87,3.33
3467,42,126,37.89,73.17,32.55,4.35
7738,21,225,69.54,164.57,28.81,11.34
4885,77,116,81.36,324.05,55.86,10.89
3593,11,199,26.91,29.92,28.34,3.21
3784,37,314,50.5,104.37,31.7,7.55
3112,57,163,48.9,138.88,47.59,7.59
2708,26,353,30.85,16.67,27.76,6.11
6434,45,102,64.01,155.69,37.19,8.61
3747,85,110,75.81,248.39,55.69,8.63
7863,38,148,72.03,217.48,39.08,6.27
7878,70,0,85.37,353.3,48.39,12.17
2287,54,208,50.01,79.74,41.96,7.44
4030,81,103,65.9,265.34,42.35,7.64
3992,81,313,67.99,228.29,48.84,9.67
4119,31,130,37.79,75.74,25.42,6.06
6315,63,312,73.34,251.49,43.67,9.53
3093,65,180,50.53,164.14,42.49,7.81
6178,64,83,75.22,304.91,43.2,8.73
7955,87,258,106.59,495.41,46.82,13.65
6022,49,338,68.59,235.33,39.94,7.99
6296,83,205,86.01,335.48,51.48,11.53
