timestamp,alert_level,tinggi_letusan_m,kec_angin_km_jam,arah_angin_deg,amplitudo,max_time,jarak_km,luas_km2,sudut_deg,radius_km
2026-03-02 14:07:00 UTC,Orange,400.0,,45.0,22.0,110.0,,,,
2026-03-01 01:36:00 UTC,Orange,500.0,,45.0,22.0,146.0,,,,
2026-02-26 01:23:00 UTC,Orange,500.0,,45.0,22.0,110.0,,,,
2026-02-25 00:46:00 UTC,Orange,600.0,,45.0,21.0,96.0,,,,
2026-02-24 23:37:00 UTC,Orange,400.0,,45.0,21.0,99.0,,,,
2026-02-22 00:49:00 UTC,Orange,900.0,,22.500000000000004,21.0,84.0,,,,
2026-02-22 00:04:00 UTC,Orange,900.0,,22.500000000000004,22.0,118.0,,,,
2026-02-21 23:01:00 UTC,Orange,700.0,,45.0,22.0,135.0,,,,
2026-02-20 00:15:00 UTC,Orange,900.0,,22.500000000000004,22.0,125.0,,,,
2026-02-19 22:56:00 UTC,Orange,500.0,,0.0,22.0,115.0,,,,
2026-02-19 22:49:00 UTC,Orange,1000.0,,90.0,22.0,118.0,,,,
2026-02-19 17:24:00 UTC,Orange,700.0,,0.0,22.0,112.0,,,,
2026-02-19 17:14:00 UTC,Orange,700.0,,0.0,22.0,117.0,,,,
2026-02-19 16:50:00 UTC,Orange,800.0,,0.0,22.0,115.0,,,,
2026-02-19 03:30:00 UTC,Orange,800.0,,45.0,22.0,115.0,,,,
2026-02-19 01:00:00 UTC,Orange,800.0,,45.0,22.0,101.0,,,,
2026-02-19 00:24:00 UTC,Orange,500.0,,45.0,15.0,92.0,,,,
2026-02-18 21:32:00 UTC,Orange,500.0,,45.0,22.0,106.0,,,,
2026-02-18 16:58:00 UTC,Orange,600.0,,45.0,22.0,101.0,,,,
2026-02-18 16:28:00 UTC,Orange,700.0,,0.0,22.0,119.0,,,,
2026-02-17 17:41:00 UTC,Orange,500.0,,202.49999999999997,22.0,98.0,,,,
2026-02-17 17:28:00 UTC,Orange,400.0,,225.0,22.0,110.0,,,,
2026-02-17 16:44:00 UTC,Orange,1000.0,,157.5,23.0,148.0,,,,
2026-02-17 14:50:00 UTC,Orange,800.0,,112.5,21.0,119.0,,,,
2026-02-17 13:25:00 UTC,Orange,800.0,,112.5,21.0,107.0,,,,
2026-02-17 12:45:00 UTC,Orange,500.0,,67.5,21.0,105.0,,,,
2026-02-14 22:56:00 UTC,Orange,400.0,,45.0,20.0,89.0,,,,
2026-02-14 22:09:00 UTC,Orange,700.0,,45.0,22.0,123.0,,,,
2026-02-14 02:08:00 UTC,Orange,900.0,,22.500000000000004,22.0,102.0,,,,
2026-02-14 00:25:00 UTC,Orange,1500.0,,22.500000000000004,20.0,275.0,,,,
2026-02-13 22:54:00 UTC,Orange,2000.0,,22.500000000000004,25.0,2388.0,,,,
2026-02-13 03:56:00 UTC,Orange,1000.0,,22.500000000000004,20.0,250.0,,,,
2026-02-13 00:42:00 UTC,Orange,1000.0,,22.500000000000004,23.0,133.0,,,,
2026-02-11 22:47:00 UTC,Orange,600.0,,0.0,22.0,117.0,,,,
2026-02-11 17:34:00 UTC,Orange,700.0,,0.0,22.0,89.0,,,,
2026-02-11 17:10:00 UTC,Orange,900.0,,0.0,22.0,101.0,,,,
2026-02-10 22:36:00 UTC,Orange,1000.0,,45.0,22.0,116.0,,,,
2026-02-10 17:52:00 UTC,Orange,400.0,,0.0,22.0,75.0,,,,
2026-02-10 17:28:00 UTC,Orange,600.0,,0.0,22.0,84.0,,,,
2026-02-10 00:32:00 UTC,Orange,1000.0,,0.0,22.0,118.0,,,,
2026-02-09 11:32:00 UTC,Orange,900.0,,0.0,22.0,110.0,,,,
2026-02-09 09:30:00 UTC,Orange,800.0,,45.0,22.0,134.0,,,,
2026-02-08 22:50:00 UTC,Orange,500.0,,45.0,22.0,113.0,,,,
2026-02-05 23:49:00 UTC,Orange,700.0,,45.0,22.0,125.0,,,,
2026-02-05 23:30:00 UTC,Orange,500.0,,45.0,22.0,110.0,,,,
2026-02-05 22:33:00 UTC,Orange,600.0,,180.0,22.0,119.0,,,,
2026-02-05 17:44:00 UTC,Orange,400.0,,180.0,22.0,103.0,,,,
2026-02-05 17:37:00 UTC,Orange,800.0,,180.0,22.0,115.0,,,,
2026-02-05 16:57:00 UTC,Orange,600.0,,180.0,22.0,120.0,,,,
2026-02-05 16:49:00 UTC,Orange,700.0,,180.0,22.0,112.0,,,,
2026-02-05 00:06:00 UTC,Orange,600.0,,45.0,22.0,121.0,,,,
2026-02-04 22:33:00 UTC,Orange,500.0,,90.0,21.0,97.0,,,,
2026-02-04 22:23:00 UTC,Orange,800.0,,90.0,22.0,120.0,,,,
2026-02-04 17:48:00 UTC,Orange,800.0,,0.0,22.0,119.0,,,,
2026-02-04 17:13:00 UTC,Orange,1000.0,,0.0,22.0,126.0,,,,
2026-02-04 00:46:00 UTC,Orange,400.0,,0.0,21.0,99.0,,,,
2026-02-04 00:15:00 UTC,Orange,800.0,,0.0,22.0,117.0,,,,
2026-02-04 00:03:00 UTC,Orange,600.0,,0.0,21.0,109.0,,,,
2026-02-03 23:56:00 UTC,Orange,300.0,,0.0,19.0,55.0,,,,
2026-02-03 23:10:00 UTC,Orange,700.0,,0.0,22.0,124.0,,,,
2026-02-03 21:58:00 UTC,Orange,500.0,,45.0,22.0,138.0,,,,
2026-02-03 00:30:00 UTC,Orange,500.0,,45.0,22.0,112.0,,,,
2026-02-02 21:42:00 UTC,Orange,700.0,,45.0,22.0,155.0,,,,
2026-02-02 13:54:00 UTC,Orange,500.0,,0.0,22.0,115.0,,,,
2026-02-02 13:48:00 UTC,Orange,800.0,,0.0,22.0,119.0,,,,
2026-02-02 12:19:00 UTC,Orange,1000.0,,0.0,22.0,125.0,,,,
2026-02-01 22:23:00 UTC,Orange,300.0,,45.0,22.0,110.0,,,,
2026-02-01 16:44:00 UTC,Orange,500.0,,45.0,22.0,116.0,,,,
2026-01-30 23:26:00 UTC,Orange,500.0,,45.0,22.0,134.0,,,,
2026-01-30 22:55:00 UTC,Orange,700.0,,0.0,22.0,115.0,,,,
2026-01-30 22:22:00 UTC,Orange,800.0,,0.0,22.0,127.0,,,,
2026-01-30 17:21:00 UTC,Orange,700.0,,0.0,22.0,117.0,,,,
2026-01-29 22:16:00 UTC,Orange,900.0,,90.0,23.0,122.0,,,,
2026-01-29 21:44:00 UTC,Orange,800.0,,67.5,22.0,154.0,,,,
2026-01-29 00:20:00 UTC,Orange,700.0,,135.0,22.0,115.0,,,,
2026-01-28 23:06:00 UTC,Orange,500.0,,112.5,22.0,94.0,,,,
2026-01-28 21:47:00 UTC,Orange,500.0,,135.0,22.0,126.0,,,,
2026-01-27 13:57:00 UTC,Orange,800.0,,180.0,22.0,139.0,,,,
2026-01-24 21:33:00 UTC,Orange,800.0,,45.0,22.0,156.0,,,,
2026-01-24 16:45:00 UTC,Orange,600.0,,45.0,12.0,96.0,,,,
2026-01-19 01:36:00 UTC,Orange,500.0,,22.500000000000004,22.0,110.0,,,,
2026-01-18 23:44:00 UTC,Orange,700.0,,22.500000000000004,22.0,136.0,,,,
2026-01-18 22:19:00 UTC,Orange,1000.0,,45.0,22.0,118.0,,,,
2026-01-18 17:50:00 UTC,Orange,300.0,,0.0,22.0,88.0,,,,
2026-01-18 17:36:00 UTC,Orange,700.0,,0.0,22.0,100.0,,,,
2026-01-18 17:22:00 UTC,Orange,400.0,,0.0,22.0,92.0,,,,
2026-01-18 16:49:00 UTC,Orange,500.0,,45.0,22.0,95.0,,,,
2026-01-18 11:31:00 UTC,Orange,600.0,,0.0,22.0,88.0,,,,
2026-01-17 22:07:00 UTC,Orange,600.0,,45.0,22.0,155.0,,,,
2026-01-16 07:38:00 UTC,Orange,500.0,,0.0,22.0,125.0,,,,
2026-01-15 23:26:00 UTC,Orange,500.0,,45.0,22.0,118.0,,,,
2026-01-15 22:38:00 UTC,Orange,800.0,,45.0,22.0,99.0,,,,
2026-01-15 22:16:00 UTC,Orange,500.0,,45.0,22.0,92.0,,,,
2026-01-15 22:08:00 UTC,Orange,500.0,,0.0,22.0,96.0,,,,
2026-01-15 18:38:00 UTC,Orange,800.0,,0.0,22.0,115.0,,,,
2026-01-15 18:09:00 UTC,Orange,700.0,,0.0,22.0,110.0,,,,
2026-01-15 17:29:00 UTC,Orange,600.0,,0.0,22.0,110.0,,,,
2026-01-12 01:09:00 UTC,Orange,400.0,,45.0,22.0,110.0,,,,
2026-01-11 15:26:00 UTC,Orange,2000.0,,112.5,27.0,696.0,,,,
2026-01-11 14:35:00 UTC,Orange,700.0,,112.5,21.0,137.0,,,,
2026-01-10 15:42:00 UTC,Orange,400.0,,45.0,22.0,155.0,,,,
2026-01-10 00:48:00 UTC,Orange,800.0,,22.500000000000004,22.0,100.0,,,,
2026-01-09 22:01:00 UTC,Orange,800.0,,67.5,23.0,126.0,,,,
2026-01-09 14:50:00 UTC,Orange,700.0,,0.0,22.0,151.0,,,,
2026-01-09 10:17:00 UTC,Orange,800.0,,45.0,22.0,93.0,,,,
2026-01-08 23:49:00 UTC,Orange,600.0,,0.0,22.0,152.0,,,,
2026-01-08 22:41:00 UTC,Orange,900.0,,0.0,22.0,124.0,,,,
2026-01-08 22:31:00 UTC,Orange,500.0,,0.0,22.0,119.0,,,,
2026-01-08 17:59:00 UTC,Orange,1000.0,,0.0,22.0,125.0,,,,
2026-01-08 17:45:00 UTC,Orange,500.0,,0.0,22.0,110.0,,,,
2026-01-08 17:28:00 UTC,Orange,1000.0,,0.0,22.0,121.0,,,,
2026-01-08 17:20:00 UTC,Orange,1000.0,,0.0,22.0,122.0,,,,
2026-01-08 17:11:00 UTC,Orange,800.0,,0.0,22.0,119.0,,,,
2026-01-08 14:58:00 UTC,Orange,700.0,,315.0,13.0,129.0,,,,
2026-01-08 09:07:00 UTC,Orange,300.0,,22.500000000000004,20.0,88.0,,,,
2026-01-08 00:14:00 UTC,Orange,700.0,,315.0,14.0,120.0,,,,
2026-01-07 22:25:00 UTC,Orange,700.0,,0.0,22.0,115.0,,,,
2026-01-07 22:19:00 UTC,Orange,600.0,,0.0,22.0,110.0,,,,
2026-01-07 17:33:00 UTC,Orange,700.0,,0.0,22.0,121.0,,,,
2026-01-07 16:57:00 UTC,Orange,900.0,,0.0,22.0,125.0,,,,
2026-01-07 13:54:00 UTC,Orange,1000.0,,0.0,22.0,125.0,,,,
2026-01-07 13:27:00 UTC,Orange,700.0,,0.0,22.0,118.0,,,,
2026-01-07 12:54:00 UTC,Orange,1000.0,,0.0,22.0,124.0,,,,
2026-01-07 12:35:00 UTC,Orange,900.0,,0.0,22.0,120.0,,,,
2026-01-07 12:23:00 UTC,Orange,400.0,,0.0,22.0,110.0,,,,
2026-01-07 11:29:00 UTC,Orange,600.0,,0.0,22.0,116.0,,,,
2026-01-07 11:12:00 UTC,Orange,800.0,,0.0,22.0,120.0,,,,
2026-01-07 11:08:00 UTC,Orange,600.0,,0.0,22.0,114.0,,,,
2026-01-06 22:53:00 UTC,Orange,900.0,,0.0,22.0,119.0,,,,
2026-01-06 22:32:00 UTC,Orange,800.0,,0.0,22.0,107.0,,,,
2026-01-06 17:36:00 UTC,Orange,800.0,,0.0,22.0,115.0,,,,
2026-01-06 17:26:00 UTC,Orange,700.0,,0.0,22.0,110.0,,,,
2026-01-06 13:29:00 UTC,Orange,800.0,,0.0,22.0,128.0,,,,
2026-01-06 13:00:00 UTC,Orange,700.0,,0.0,22.0,118.0,,,,
2026-01-06 11:54:00 UTC,Orange,800.0,,0.0,22.0,122.0,,,,
2026-01-06 11:28:00 UTC,Orange,700.0,,0.0,22.0,121.0,,,,
2026-01-06 11:23:00 UTC,Orange,600.0,,0.0,22.0,116.0,,,,
2026-01-06 09:10:00 UTC,Orange,800.0,,45.0,13.0,121.0,,,,
2026-01-06 01:21:00 UTC,Orange,600.0,,45.0,22.0,110.0,,,,
2026-01-06 01:07:00 UTC,Orange,400.0,,45.0,22.0,101.0,,,,
2026-01-03 23:22:00 UTC,Orange,800.0,,202.49999999999997,23.0,125.0,,,,
2026-01-03 22:55:00 UTC,Orange,700.0,,180.0,22.0,109.0,,,,
2026-01-03 22:22:00 UTC,Orange,1000.0,,180.0,22.0,122.0,,,,
2026-01-03 16:48:00 UTC,Orange,700.0,,180.0,22.0,110.0,,,,
2026-01-03 16:29:00 UTC,Orange,600.0,,0.0,22.0,99.0,,,,
2026-01-02 22:28:00 UTC,Orange,600.0,,0.0,22.0,95.0,,,,
2026-01-02 22:11:00 UTC,Orange,800.0,,45.0,22.0,116.0,,,,
2026-01-02 17:51:00 UTC,Orange,1000.0,,0.0,22.0,118.0,,,,
2026-01-02 13:14:00 UTC,Orange,1000.0,,0.0,22.0,119.0,,,,
2026-01-02 12:40:00 UTC,Orange,800.0,,0.0,22.0,101.0,,,,
2026-01-02 11:54:00 UTC,Orange,900.0,,0.0,22.0,110.0,,,,
2026-01-02 11:51:00 UTC,Orange,600.0,,0.0,22.0,87.0,,,,
2026-01-02 11:33:00 UTC,Orange,700.0,,0.0,22.0,89.0,,,,
2026-01-02 11:18:00 UTC,Orange,800.0,,0.0,22.0,97.0,,,,
2026-01-02 10:50:00 UTC,Orange,900.0,,45.0,22.0,138.0,,,,
2026-01-01 23:10:00 UTC,Orange,700.0,,45.0,23.0,123.0,,,,
2025-12-31 21:00:00 UTC,Orange,900.0,,67.5,22.0,129.0,,,,
2025-12-31 18:26:00 UTC,Orange,1000.0,,112.5,23.0,122.0,,,,
2025-12-31 00:09:00 UTC,Orange,600.0,,0.0,22.0,133.0,,,,
2025-12-30 23:29:00 UTC,Orange,900.0,,112.5,22.0,125.0,,,,
2025-12-30 22:34:00 UTC,Orange,700.0,,225.0,22.0,130.0,,,,
2025-12-30 00:37:00 UTC,Orange,800.0,,45.0,22.0,120.0,,,,
2025-12-29 23:50:00 UTC,Orange,700.0,,45.0,21.0,97.0,,,,
2025-12-29 19:08:00 UTC,Orange,700.0,,0.0,22.0,165.0,,,,
2025-12-29 11:30:00 UTC,Orange,700.0,,45.0,21.0,105.0,,,,
2025-12-28 16:34:00 UTC,Orange,500.0,,0.0,22.0,122.0,,,,
2025-12-28 00:14:00 UTC,Orange,900.0,,315.0,22.0,90.0,,,,
2025-12-28 00:05:00 UTC,Orange,800.0,,315.0,22.0,128.0,,,,
2025-12-27 21:59:00 UTC,Orange,500.0,,45.0,22.0,129.0,,,,
2025-12-26 08:27:00 UTC,Orange,900.0,,45.0,22.0,108.0,,,,
2025-12-26 00:31:00 UTC,Orange,800.0,,67.5,17.0,98.0,,,,
2025-12-25 17:08:00 UTC,Orange,800.0,,112.5,22.0,140.0,,,,
2025-12-25 00:00:00 UTC,Orange,800.0,,45.0,15.0,103.0,,,,
2025-12-24 21:41:00 UTC,Orange,300.0,,45.0,22.0,176.0,,,,
2025-12-24 14:57:00 UTC,Orange,800.0,,157.5,22.0,140.0,,,,
2025-12-24 02:02:00 UTC,Orange,1000.0,,0.0,22.0,103.0,,,,
2025-12-24 00:37:00 UTC,Orange,500.0,,0.0,22.0,88.0,,,,
2025-12-23 21:23:00 UTC,Orange,900.0,,22.500000000000004,22.0,148.0,,,,
2025-12-23 18:39:00 UTC,Orange,700.0,,45.0,22.0,118.0,,,,
2025-12-23 15:37:00 UTC,Orange,800.0,,45.0,22.0,170.0,,,,
2025-12-23 14:27:00 UTC,Orange,600.0,,0.0,22.0,136.0,,,,
2025-12-23 10:51:00 UTC,Orange,700.0,,22.500000000000004,15.0,85.0,,,,
2025-12-23 00:36:00 UTC,Orange,800.0,,337.5,22.0,96.0,,,,
2025-12-22 22:28:00 UTC,Orange,600.0,,0.0,22.0,103.0,,,,
2025-12-22 22:16:00 UTC,Orange,600.0,,0.0,22.0,105.0,,,,
2025-12-22 18:25:00 UTC,Orange,700.0,,0.0,22.0,105.0,,,,
2025-12-22 17:58:00 UTC,Orange,600.0,,0.0,22.0,103.0,,,,
2025-12-22 17:44:00 UTC,Orange,600.0,,0.0,22.0,110.0,,,,
2025-12-22 17:34:00 UTC,Orange,400.0,,0.0,222.0,99.0,,,,
2025-12-22 14:56:00 UTC,Orange,700.0,,22.500000000000004,20.0,116.0,,,,
2025-12-22 13:37:00 UTC,Orange,700.0,,22.500000000000004,21.0,117.0,,,,
2025-12-22 10:19:00 UTC,Orange,500.0,,0.0,22.0,98.0,,,,
2025-12-21 23:39:00 UTC,Orange,800.0,,22.500000000000004,16.0,103.0,,,,
2025-12-21 22:29:00 UTC,Orange,700.0,,0.0,22.0,124.0,,,,
2025-12-21 22:19:00 UTC,Orange,900.0,,45.0,22.0,126.0,,,,
2025-12-21 18:08:00 UTC,Orange,700.0,,0.0,22.0,125.0,,,,
2025-12-21 17:59:00 UTC,Orange,700.0,,0.0,22.0,132.0,,,,
2025-12-21 17:38:00 UTC,Orange,700.0,,0.0,22.0,134.0,,,,
2025-12-21 17:25:00 UTC,Orange,500.0,,225.0,22.0,120.0,,,,
2025-12-21 00:02:00 UTC,Orange,800.0,,45.0,22.0,112.0,,,,
2025-12-20 22:46:00 UTC,Orange,1200.0,,45.0,22.0,132.0,,,,
2025-12-20 22:30:00 UTC,Orange,1000.0,,0.0,22.0,115.0,,,,
2025-12-20 22:13:00 UTC,Orange,700.0,,45.0,22.0,99.0,,,,
2025-12-20 17:50:00 UTC,Orange,700.0,,225.0,22.0,104.0,,,,
2025-12-20 17:35:00 UTC,Orange,700.0,,225.0,22.0,101.0,,,,
2025-12-20 17:26:00 UTC,Orange,500.0,,225.0,22.0,115.0,,,,
2025-12-20 12:46:00 UTC,Orange,500.0,,180.0,22.0,75.0,,,,
2025-12-20 12:28:00 UTC,Orange,900.0,,225.0,22.0,124.0,,,,
2025-12-20 12:16:00 UTC,Orange,500.0,,180.0,22.0,125.0,,,,
2025-12-20 00:30:00 UTC,Orange,1000.0,,90.0,18.0,130.0,,,,
2025-12-19 23:40:00 UTC,Orange,1000.0,,90.0,18.0,140.0,,,,
2025-12-19 22:53:00 UTC,Orange,800.0,,45.0,22.0,129.0,,,,
2025-12-19 22:35:00 UTC,Orange,1100.0,,45.0,22.0,122.0,,,,
2025-12-19 22:23:00 UTC,Orange,1000.0,,45.0,22.0,118.0,,,,
2025-12-19 22:19:00 UTC,Orange,700.0,,0.0,22.0,99.0,,,,
2025-12-19 18:17:00 UTC,Orange,400.0,,225.0,21.0,67.0,,,,
2025-12-19 18:07:00 UTC,Orange,700.0,,225.0,22.0,86.0,,,,
2025-12-19 17:58:00 UTC,Orange,700.0,,225.0,22.0,79.0,,,,
2025-12-19 17:51:00 UTC,Orange,800.0,,225.0,22.0,88.0,,,,
2025-12-19 17:31:00 UTC,Orange,800.0,,225.0,22.0,89.0,,,,
2025-12-19 17:22:00 UTC,Orange,700.0,,225.0,22.0,99.0,,,,
2025-12-19 15:26:00 UTC,Orange,800.0,,90.0,22.0,140.0,,,,
2025-12-19 00:34:00 UTC,Orange,700.0,,67.5,20.0,96.0,,,,
2025-12-18 22:44:00 UTC,Orange,800.0,,0.0,22.0,118.0,,,,
2025-12-18 22:24:00 UTC,Orange,1000.0,,180.0,22.0,123.0,,,,
2025-12-18 18:27:00 UTC,Orange,800.0,,180.0,22.0,119.0,,,,
2025-12-18 18:13:00 UTC,Orange,1000.0,,180.0,22.0,125.0,,,,
2025-12-18 18:01:00 UTC,Orange,500.0,,180.0,22.0,103.0,,,,
2025-12-18 17:55:00 UTC,Orange,700.0,,180.0,22.0,118.0,,,,
2025-12-18 17:46:00 UTC,Orange,600.0,,180.0,22.0,110.0,,,,
2025-12-18 17:35:00 UTC,Orange,600.0,,180.0,22.0,97.0,,,,
2025-12-18 17:29:00 UTC,Orange,300.0,,180.0,20.0,78.0,,,,
2025-12-18 16:41:00 UTC,Orange,600.0,,180.0,22.0,116.0,,,,
2025-12-17 23:51:00 UTC,Orange,800.0,,135.0,22.0,114.0,,,,
2025-12-17 21:53:00 UTC,Orange,500.0,,157.5,22.0,135.0,,,,
2025-12-17 00:31:00 UTC,Orange,500.0,,22.500000000000004,23.0,132.0,,,,
2025-12-16 22:48:00 UTC,Orange,500.0,,45.0,22.0,115.0,,,,
2025-12-15 21:44:00 UTC,Orange,500.0,,0.0,22.0,110.0,,,,
2025-12-14 22:48:00 UTC,Orange,700.0,,0.0,22.0,122.0,,,,
2025-12-14 22:42:00 UTC,Orange,500.0,,0.0,22.0,118.0,,,,
2025-12-12 23:52:00 UTC,Orange,400.0,,0.0,22.0,75.0,,,,
2025-12-12 23:51:00 UTC,Orange,400.0,,0.0,21.0,67.0,,,,
2025-12-12 23:34:00 UTC,Orange,400.0,,0.0,22.0,62.0,,,,
2025-12-12 23:28:00 UTC,Orange,500.0,,0.0,22.0,72.0,,,,
2025-12-12 11:33:00 UTC,Orange,600.0,,180.0,22.0,129.0,,,,
2025-12-11 22:48:00 UTC,Orange,800.0,,157.5,22.0,155.0,,,,
2025-12-11 22:05:00 UTC,Orange,800.0,,157.5,22.0,115.0,,,,
2025-12-11 21:24:00 UTC,Orange,500.0,,180.0,22.0,127.0,,,,
2025-12-11 21:13:00 UTC,Orange,600.0,,225.0,22.0,118.0,,,,
2025-12-11 14:20:00 UTC,Orange,700.0,,225.0,22.0,152.0,,,,
2025-12-11 13:46:00 UTC,Orange,500.0,,225.0,22.0,135.0,,,,
2025-12-11 09:44:00 UTC,Orange,600.0,,135.0,22.0,92.0,,,,
2025-12-10 23:41:00 UTC,Orange,1100.0,,225.0,22.0,129.0,,,,
2025-12-10 23:33:00 UTC,Orange,700.0,,225.0,22.0,114.0,,,,
2025-12-10 23:19:00 UTC,Orange,800.0,,225.0,22.0,116.0,,,,
2025-12-10 23:11:00 UTC,Orange,1000.0,,225.0,22.0,125.0,,,,
2025-12-10 20:17:00 UTC,Orange,700.0,,225.0,22.0,162.0,,,,
2025-12-10 17:53:00 UTC,Orange,500.0,,225.0,22.0,128.0,,,,
2025-12-10 10:49:00 UTC,Orange,1000.0,,225.0,22.0,130.0,,,,
2025-12-10 10:39:00 UTC,Orange,1000.0,,225.0,22.0,129.0,,,,
2025-12-10 01:14:00 UTC,Orange,500.0,,225.0,22.0,112.0,,,,
2025-12-09 21:52:00 UTC,Orange,500.0,,270.0,22.0,107.0,,,,
2025-12-09 01:18:00 UTC,Orange,600.0,,270.0,22.0,120.0,,,,
2025-12-08 21:50:00 UTC,Orange,1000.0,,270.0,22.0,143.0,,,,
2025-12-08 14:24:00 UTC,Orange,1000.0,,225.0,22.0,182.0,,,,
2025-12-08 07:22:00 UTC,Orange,1000.0,,0.0,22.0,108.0,,,,
2025-12-08 00:22:00 UTC,Orange,900.0,,225.0,22.0,121.0,,,,
2025-12-07 21:30:00 UTC,Orange,500.0,,225.0,22.0,126.0,,,,
2025-12-07 15:41:00 UTC,Orange,1000.0,,180.0,22.0,110.0,,,,
2025-12-07 14:37:00 UTC,Orange,400.0,,180.0,22.0,95.0,,,,
2025-12-07 14:15:00 UTC,Orange,600.0,,225.0,22.0,97.0,,,,
2025-12-07 13:39:00 UTC,Orange,700.0,,225.0,22.0,122.0,,,,
2025-12-07 13:37:00 UTC,Orange,600.0,,225.0,22.0,117.0,,,,
2025-12-07 13:24:00 UTC,Orange,500.0,,225.0,22.0,115.0,,,,
2025-12-07 00:12:00 UTC,Orange,1000.0,,225.0,22.0,156.0,,,,
2025-12-06 22:10:00 UTC,Orange,1000.0,,202.49999999999997,22.0,153.0,,,,
2025-12-06 21:14:00 UTC,Orange,900.0,,202.49999999999997,22.0,124.0,,,,
2025-12-05 20:47:00 UTC,Orange,700.0,,225.0,22.0,155.0,,,,
2025-12-05 15:48:00 UTC,Orange,600.0,,180.0,21.0,101.0,,,,
2025-12-05 15:46:00 UTC,Orange,700.0,,180.0,22.0,110.0,,,,
2025-12-05 15:37:00 UTC,Orange,500.0,,180.0,22.0,97.0,,,,
2025-12-05 14:30:00 UTC,Orange,500.0,,180.0,22.0,125.0,,,,
2025-12-05 12:00:00 UTC,Orange,600.0,,0.0,22.0,95.0,,,,
2025-12-05 11:46:00 UTC,Orange,700.0,,0.0,22.0,118.0,,,,
2025-12-05 11:17:00 UTC,Orange,600.0,,0.0,22.0,115.0,,,,
2025-12-05 11:09:00 UTC,Orange,600.0,,0.0,22.0,116.0,,,,
2025-12-05 10:49:00 UTC,Orange,1000.0,,45.0,22.0,138.0,,,,
2025-12-05 10:22:00 UTC,Orange,1000.0,,67.5,22.0,148.0,,,,
2025-12-05 09:54:00 UTC,Orange,1000.0,,67.5,22.0,122.0,,,,
2025-12-05 09:31:00 UTC,Orange,1000.0,,67.5,22.0,131.0,,,,
2025-12-05 09:13:00 UTC,Orange,1000.0,,90.0,22.0,108.0,,,,
2025-12-05 00:33:00 UTC,Orange,1000.0,,315.0,22.0,160.0,,,,
2025-12-04 22:48:00 UTC,Orange,900.0,,45.0,22.0,107.0,,,,
2025-12-04 22:34:00 UTC,Orange,1000.0,,0.0,22.0,125.0,,,,
2025-12-04 22:15:00 UTC,Orange,700.0,,45.0,22.0,87.0,,,,
2025-12-04 22:13:00 UTC,Orange,1000.0,,45.0,22.0,110.0,,,,
2025-12-04 18:12:00 UTC,Orange,1000.0,,0.0,22.0,113.0,,,,
2025-12-04 18:00:00 UTC,Orange,800.0,,0.0,22.0,94.0,,,,
2025-12-04 17:43:00 UTC,Orange,1000.0,,0.0,22.0,115.0,,,,
2025-12-04 17:38:00 UTC,Orange,700.0,,0.0,22.0,89.0,,,,
2025-12-04 17:36:00 UTC,Orange,600.0,,0.0,22.0,96.0,,,,
2025-12-04 15:15:00 UTC,Orange,600.0,,0.0,22.0,107.0,,,,
2025-12-04 12:21:00 UTC,Orange,600.0,,0.0,22.0,114.0,,,,
2025-12-03 23:38:00 UTC,Orange,1000.0,,315.0,22.0,140.0,,,,
2025-12-03 22:50:00 UTC,Orange,400.0,,225.0,22.0,77.0,,,,
2025-12-03 22:31:00 UTC,Orange,500.0,,225.0,22.0,75.0,,,,
2025-12-03 22:22:00 UTC,Orange,600.0,,225.0,22.0,89.0,,,,
2025-12-03 22:11:00 UTC,Orange,700.0,,225.0,22.0,102.0,,,,
2025-12-02 22:55:00 UTC,Orange,1100.0,,225.0,22.0,99.0,,,,
2025-12-02 22:49:00 UTC,Orange,700.0,,0.0,22.0,101.0,,,,
2025-12-02 22:35:00 UTC,Orange,1000.0,,0.0,22.0,123.0,,,,
2025-12-02 19:20:00 UTC,Orange,800.0,,225.0,22.0,119.0,,,,
2025-12-02 19:03:00 UTC,Orange,500.0,,225.0,22.0,89.0,,,,
2025-12-02 19:01:00 UTC,Orange,400.0,,225.0,22.0,92.0,,,,
2025-12-02 18:52:00 UTC,Orange,600.0,,225.0,22.0,115.0,,,,
2025-12-02 18:40:00 UTC,Orange,700.0,,225.0,22.0,106.0,,,,
2025-12-02 18:28:00 UTC,Orange,400.0,,225.0,21.0,79.0,,,,
2025-12-02 18:13:00 UTC,Orange,600.0,,225.0,22.0,102.0,,,,
2025-12-02 18:07:00 UTC,Orange,500.0,,225.0,22.0,84.0,,,,
2025-12-02 17:49:00 UTC,Orange,400.0,,225.0,22.0,78.0,,,,
2025-12-02 17:45:00 UTC,Orange,400.0,,225.0,22.0,75.0,,,,
2025-12-02 17:31:00 UTC,Orange,500.0,,180.0,22.0,99.0,,,,
2025-12-02 15:40:00 UTC,Orange,700.0,,225.0,21.0,125.0,,,,
2025-12-02 01:26:00 UTC,Orange,500.0,,0.0,22.0,89.0,,,,
2025-12-02 00:11:00 UTC,Orange,300.0,,225.0,21.0,88.0,,,,
2025-12-01 23:52:00 UTC,Orange,300.0,,0.0,21.0,89.0,,,,
2025-12-01 23:41:00 UTC,Orange,400.0,,0.0,22.0,110.0,,,,
2025-12-01 23:33:00 UTC,Orange,400.0,,0.0,21.0,94.0,,,,
2025-12-01 23:25:00 UTC,Orange,400.0,,0.0,21.0,99.0,,,,
2025-12-01 23:08:00 UTC,Orange,700.0,,0.0,22.0,102.0,,,,
2025-12-01 18:48:00 UTC,Orange,1000.0,,225.0,22.0,172.0,,,,
2025-12-01 18:21:00 UTC,Orange,700.0,,225.0,22.0,160.0,,,,
2025-12-01 15:38:00 UTC,Orange,1000.0,,225.0,22.0,135.0,,,,
2025-12-01 15:11:00 UTC,Orange,900.0,,225.0,22.0,128.0,,,,
2025-12-01 13:26:00 UTC,Orange,800.0,,225.0,21.0,114.0,,,,
2025-12-01 13:12:00 UTC,Orange,500.0,,270.0,22.0,120.0,,,,
2025-12-01 12:37:00 UTC,Orange,800.0,,225.0,19.0,103.0,,,,
2025-12-01 00:58:00 UTC,Orange,700.0,,180.0,22.0,117.0,,,,
2025-12-01 00:44:00 UTC,Orange,600.0,,180.0,22.0,115.0,,,,
2025-11-30 23:08:00 UTC,Orange,900.0,,225.0,22.0,116.0,,,,
2025-11-30 22:58:00 UTC,Orange,700.0,,225.0,22.0,130.0,,,,
2025-11-30 22:09:00 UTC,Orange,500.0,,225.0,22.0,135.0,,,,
2025-11-30 16:04:00 UTC,Orange,800.0,,225.0,22.0,120.0,,,,
2025-11-29 23:30:00 UTC,Orange,800.0,,225.0,21.0,109.0,,,,
2025-11-29 22:30:00 UTC,Orange,700.0,,225.0,22.0,125.0,,,,
2025-11-29 22:09:00 UTC,Orange,500.0,,225.0,22.0,118.0,,,,
2025-11-28 22:24:00 UTC,Orange,400.0,,180.0,22.0,99.0,,,,
2025-11-28 22:12:00 UTC,Orange,600.0,,180.0,22.0,104.0,,,,
2025-11-28 21:58:00 UTC,Orange,900.0,,180.0,22.0,110.0,,,,
2025-11-28 19:35:00 UTC,Orange,700.0,,180.0,22.0,101.0,,,,
2025-11-28 19:18:00 UTC,Orange,900.0,,180.0,22.0,122.0,,,,
2025-11-28 19:01:00 UTC,Orange,400.0,,180.0,21.0,72.0,,,,
2025-11-28 14:19:00 UTC,Orange,500.0,,135.0,20.0,136.0,,,,
2025-11-27 22:42:00 UTC,Orange,400.0,,180.0,22.0,97.0,,,,
2025-11-27 22:31:00 UTC,Orange,600.0,,180.0,22.0,102.0,,,,
2025-11-27 22:11:00 UTC,Orange,400.0,,180.0,21.0,67.0,,,,
2025-11-27 22:09:00 UTC,Orange,600.0,,180.0,22.0,98.0,,,,
2025-11-27 19:03:00 UTC,Orange,500.0,,225.0,22.0,84.0,,,,
2025-11-27 18:04:00 UTC,Orange,800.0,,225.0,22.0,115.0,,,,
2025-11-27 17:55:00 UTC,Orange,500.0,,225.0,22.0,88.0,,,,
2025-11-27 17:37:00 UTC,Orange,400.0,,270.0,22.0,89.0,,,,
2025-11-27 12:47:00 UTC,Orange,500.0,,225.0,22.0,152.0,,,,
2025-11-26 00:42:00 UTC,Orange,600.0,,225.0,22.0,125.0,,,,
2025-11-26 00:02:00 UTC,Orange,500.0,,0.0,22.0,115.0,,,,
2025-11-24 22:33:00 UTC,Orange,1000.0,,0.0,22.0,107.0,,,,
2025-11-24 21:45:00 UTC,Orange,800.0,,0.0,22.0,119.0,,,,
2025-11-24 18:37:00 UTC,Orange,500.0,,0.0,22.0,93.0,,,,
2025-11-24 18:34:00 UTC,Orange,800.0,,0.0,22.0,115.0,,,,
2025-11-24 18:18:00 UTC,Orange,400.0,,0.0,21.0,97.0,,,,
2025-11-24 17:53:00 UTC,Orange,800.0,,0.0,22.0,117.0,,,,
2025-11-24 17:41:00 UTC,Orange,600.0,,0.0,22.0,99.0,,,,
2025-11-24 17:20:00 UTC,Orange,700.0,,0.0,22.0,115.0,,,,
2025-11-22 22:49:00 UTC,Orange,700.0,,225.0,22.0,125.0,,,,
2025-11-22 22:38:00 UTC,Orange,500.0,,225.0,22.0,118.0,,,,
2025-11-21 10:30:00 UTC,Orange,400.0,,157.5,22.0,107.0,,,,
2025-11-21 10:18:00 UTC,Orange,500.0,,135.0,22.0,98.0,,,,
2025-11-19 08:49:00 UTC,Orange,2000.0,,337.5,38.0,1000.0,,,,
2025-11-18 23:05:00 UTC,Orange,600.0,,157.5,22.0,143.0,,,,
2025-11-18 22:09:00 UTC,Orange,600.0,,135.0,22.0,150.0,,,,
2025-11-18 21:10:00 UTC,Orange,500.0,,225.0,22.0,142.0,,,,
2025-11-17 23:11:00 UTC,Orange,800.0,,180.0,22.0,112.0,,,,
2025-11-17 14:24:00 UTC,Orange,500.0,,0.0,22.0,122.0,,,,
2025-11-15 22:02:00 UTC,Orange,500.0,,45.0,22.0,148.0,,,,
2025-11-14 00:28:00 UTC,Orange,400.0,,45.0,22.0,112.0,,,,
2025-11-13 22:55:00 UTC,Orange,800.0,,45.0,22.0,98.0,,,,
2025-11-13 22:10:00 UTC,Orange,700.0,,45.0,22.0,119.0,,,,
2025-11-13 16:00:00 UTC,Orange,500.0,,45.0,21.0,96.0,,,,
2025-11-12 23:27:00 UTC,Orange,500.0,,45.0,22.0,125.0,,,,
2025-11-11 12:03:00 UTC,Orange,500.0,,0.0,22.0,119.0,,,,
2025-11-10 21:35:00 UTC,Orange,700.0,,337.5,22.0,143.0,,,,
2025-11-09 23:06:00 UTC,Orange,600.0,,45.0,21.0,108.0,,,,
2025-11-09 21:36:00 UTC,Orange,800.0,,45.0,22.0,131.0,,,,
2025-11-07 21:39:00 UTC,Orange,500.0,,225.0,22.0,155.0,,,,
2025-11-07 21:20:00 UTC,Orange,500.0,,225.0,22.0,122.0,,,,
2025-11-07 13:12:00 UTC,Orange,500.0,,0.0,22.0,115.0,,,,
2025-11-06 00:48:00 UTC,Orange,700.0,,22.500000000000004,22.0,123.0,,,,
2025-11-05 23:07:00 UTC,Orange,1000.0,,22.500000000000004,22.0,157.0,,,,
2025-11-05 21:24:00 UTC,Orange,400.0,,0.0,22.0,143.0,,,,
2025-11-05 14:48:00 UTC,Orange,500.0,,0.0,22.0,150.0,,,,
2025-11-04 23:30:00 UTC,Orange,600.0,,0.0,22.0,137.0,,,,
2025-11-04 21:54:00 UTC,Orange,500.0,,0.0,22.0,160.0,,,,
2025-11-04 21:33:00 UTC,Orange,300.0,,0.0,22.0,130.0,,,,
2025-11-04 14:54:00 UTC,Orange,500.0,,22.500000000000004,22.0,140.0,,,,
2025-11-04 09:53:00 UTC,Orange,800.0,,0.0,22.0,120.0,,,,
2025-11-04 08:52:00 UTC,Orange,500.0,,0.0,22.0,150.0,,,,
2025-11-04 00:14:00 UTC,Orange,800.0,,22.500000000000004,22.0,170.0,,,,
2025-11-03 14:51:00 UTC,Orange,700.0,,0.0,22.0,160.0,,,,
2025-11-03 13:00:00 UTC,Orange,500.0,,0.0,22.0,123.0,,,,
2025-11-03 07:37:00 UTC,Orange,500.0,,0.0,22.0,135.0,,,,
2025-11-02 17:57:00 UTC,Orange,700.0,,0.0,22.0,158.0,,,,
2025-11-02 17:39:00 UTC,Orange,1000.0,,0.0,22.0,183.0,,,,
2025-11-02 17:21:00 UTC,Orange,500.0,,0.0,22.0,157.0,,,,
2025-11-02 16:28:00 UTC,Orange,1000.0,,0.0,22.0,147.0,,,,
2025-11-01 23:49:00 UTC,Orange,800.0,,180.0,22.0,125.0,,,,
2025-11-01 23:33:00 UTC,Orange,600.0,,180.0,22.0,101.0,,,,
2025-11-01 23:27:00 UTC,Orange,700.0,,180.0,22.0,108.0,,,,
2025-11-01 23:13:00 UTC,Orange,600.0,,180.0,22.0,105.0,,,,
2025-11-01 23:05:00 UTC,Orange,500.0,,180.0,22.0,89.0,,,,
2025-11-01 23:02:00 UTC,Orange,700.0,,180.0,22.0,99.0,,,,
2025-11-01 21:31:00 UTC,Orange,700.0,,225.0,22.0,145.0,,,,
2025-11-01 20:32:00 UTC,Orange,500.0,,247.5,21.0,130.0,,,,
2025-11-01 15:09:00 UTC,Orange,500.0,,225.0,22.0,120.0,,,,
2025-10-31 13:25:00 UTC,Orange,700.0,,270.0,22.0,143.0,,,,
2025-10-31 11:22:00 UTC,Orange,600.0,,270.0,19.0,103.0,,,,
2025-10-31 10:19:00 UTC,Orange,700.0,,0.0,22.0,135.0,,,,
2025-10-31 08:57:00 UTC,Orange,400.0,,225.0,22.0,113.0,,,,
2025-10-30 23:53:00 UTC,Orange,700.0,,225.0,22.0,97.0,,,,
2025-10-30 22:33:00 UTC,Orange,500.0,,180.0,21.0,79.0,,,,
2025-10-30 22:10:00 UTC,Orange,600.0,,180.0,22.0,97.0,,,,
2025-10-29 23:02:00 UTC,Orange,700.0,,270.0,22.0,208.0,,,,
2025-10-29 22:41:00 UTC,Orange,800.0,,180.0,22.0,128.0,,,,
2025-10-29 22:06:00 UTC,Orange,700.0,,225.0,22.0,101.0,,,,
2025-10-29 21:56:00 UTC,Orange,400.0,,225.0,21.0,97.0,,,,
2025-10-29 18:05:00 UTC,Orange,700.0,,180.0,22.0,121.0,,,,
2025-10-29 17:57:00 UTC,Orange,600.0,,225.0,22.0,118.0,,,,
2025-10-29 17:14:00 UTC,Orange,400.0,,225.0,22.0,99.0,,,,
2025-10-29 17:09:00 UTC,Orange,600.0,,225.0,22.0,115.0,,,,
2025-10-29 15:42:00 UTC,Orange,700.0,,225.0,22.0,142.0,,,,
2025-10-29 11:59:00 UTC,Orange,500.0,,225.0,22.0,110.0,,,,
2025-10-28 22:52:00 UTC,Orange,400.0,,180.0,22.0,89.0,,,,
2025-10-28 22:25:00 UTC,Orange,400.0,,180.0,22.0,127.0,,,,
2025-10-28 17:25:00 UTC,Orange,500.0,,225.0,22.0,107.0,,,,
2025-10-27 22:18:00 UTC,Orange,700.0,,225.0,22.0,125.0,,,,
2025-10-27 21:35:00 UTC,Orange,500.0,,225.0,22.0,115.0,,,,
2025-10-27 19:23:00 UTC,Orange,500.0,,225.0,22.0,117.0,,,,
2025-10-27 09:12:00 UTC,Orange,700.0,,225.0,22.0,130.0,,,,
2025-10-26 23:41:00 UTC,Orange,700.0,,225.0,22.0,127.0,,,,
2025-10-26 22:20:00 UTC,Orange,700.0,,225.0,22.0,146.0,,,,
2025-10-26 19:45:00 UTC,Orange,700.0,,247.5,22.0,160.0,,,,
2025-10-26 19:01:00 UTC,Orange,500.0,,247.5,22.0,142.0,,,,
2025-10-26 15:38:00 UTC,Orange,900.0,,270.0,22.0,129.0,,,,
2025-10-26 12:26:00 UTC,Orange,900.0,,270.0,22.0,138.0,,,,
2025-10-26 10:22:00 UTC,Orange,1000.0,,0.0,22.0,140.0,,,,
2025-10-25 22:14:00 UTC,Orange,600.0,,225.0,22.0,137.0,,,,
2025-10-25 20:56:00 UTC,Orange,700.0,,225.0,22.0,164.0,,,,
2025-10-25 15:02:00 UTC,Orange,500.0,,225.0,22.0,174.0,,,,
2025-10-24 22:18:00 UTC,Orange,200.0,,225.0,22.0,122.0,,,,
2025-10-23 22:42:00 UTC,Orange,700.0,,270.0,22.0,123.0,,,,
2025-10-23 22:03:00 UTC,Orange,500.0,,247.5,22.0,118.0,,,,
2025-10-22 23:51:00 UTC,Orange,800.0,,270.0,22.0,115.0,,,,
2025-10-22 22:00:00 UTC,Orange,400.0,,225.0,22.0,127.0,,,,
2025-10-22 13:34:00 UTC,Orange,600.0,,225.0,22.0,134.0,,,,
2025-10-22 12:34:00 UTC,Orange,400.0,,225.0,21.0,112.0,,,,
2025-10-21 22:07:00 UTC,Orange,500.0,,0.0,21.0,88.0,,,,
2025-10-21 18:18:00 UTC,Orange,400.0,,180.0,20.0,99.0,,,,
2025-10-21 17:55:00 UTC,Orange,300.0,,180.0,20.0,65.0,,,,
2025-10-21 17:30:00 UTC,Orange,400.0,,180.0,21.0,78.0,,,,
2025-10-21 16:57:00 UTC,Orange,800.0,,270.0,22.0,128.0,,,,
2025-10-21 14:44:00 UTC,Orange,500.0,,270.0,21.0,113.0,,,,
2025-10-20 22:56:00 UTC,Orange,300.0,,225.0,21.0,75.0,,,,
2025-10-20 22:53:00 UTC,Orange,600.0,,180.0,22.0,115.0,,,,
2025-10-20 22:32:00 UTC,Orange,700.0,,180.0,22.0,122.0,,,,
2025-10-20 22:21:00 UTC,Orange,700.0,,180.0,22.0,110.0,,,,
2025-10-20 10:17:00 UTC,Orange,500.0,,225.0,22.0,112.0,,,,
2025-10-20 09:49:00 UTC,Orange,800.0,,225.0,22.0,121.0,,,,
2025-10-20 09:32:00 UTC,Orange,400.0,,225.0,22.0,99.0,,,,
2025-10-19 17:37:00 UTC,Orange,400.0,,225.0,22.0,141.0,,,,
2025-10-19 14:43:00 UTC,Orange,700.0,,225.0,22.0,158.0,,,,
2025-10-17 21:29:00 UTC,Orange,400.0,,225.0,22.0,111.0,,,,
2025-10-17 15:14:00 UTC,Orange,300.0,,225.0,22.0,136.0,,,,
2025-10-17 01:22:00 UTC,Orange,200.0,,180.0,20.0,88.0,,,,
2025-10-17 00:52:00 UTC,Orange,200.0,,270.0,21.0,110.0,,,,
2025-10-15 10:06:00 UTC,Orange,300.0,,225.0,22.0,110.0,,,,
2025-10-14 10:41:00 UTC,Orange,100.0,,270.0,22.0,123.0,,,,
2025-10-13 17:18:00 UTC,Orange,200.0,,225.0,20.0,93.0,,,,
2025-10-13 00:41:00 UTC,Orange,200.0,,225.0,22.0,110.0,,,,
2025-10-09 21:26:00 UTC,Orange,500.0,,270.0,22.0,174.0,,,,
2025-10-09 02:28:00 UTC,Orange,500.0,,225.0,22.0,110.0,,,,
2025-10-08 22:30:00 UTC,Orange,300.0,,225.0,22.0,146.0,,,,
2025-10-08 21:42:00 UTC,Orange,300.0,,225.0,22.0,133.0,,,,
2025-10-08 09:55:00 UTC,Orange,300.0,,225.0,22.0,106.0,,,,
2025-10-08 07:04:00 UTC,Orange,400.0,,225.0,22.0,111.0,,,,
2025-10-08 03:53:00 UTC,Orange,500.0,,225.0,22.0,122.0,,,,
2025-10-08 01:20:00 UTC,Orange,700.0,,225.0,22.0,139.0,,,,
2025-10-08 00:17:00 UTC,Orange,500.0,,225.0,22.0,122.0,,,,
2025-10-07 22:50:00 UTC,Orange,600.0,,180.0,22.0,94.0,,,,
2025-10-07 22:36:00 UTC,Orange,400.0,,180.0,22.0,92.0,,,,
2025-10-07 22:22:00 UTC,Orange,500.0,,180.0,22.0,89.0,,,,
2025-10-07 17:42:00 UTC,Orange,300.0,,225.0,20.0,62.0,,,,
2025-10-07 17:37:00 UTC,Orange,300.0,,225.0,20.0,58.0,,,,
2025-10-07 17:21:00 UTC,Orange,500.0,,225.0,22.0,115.0,,,,
2025-10-07 14:32:00 UTC,Orange,500.0,,225.0,22.0,128.0,,,,
2025-10-07 13:40:00 UTC,Orange,300.0,,225.0,22.0,123.0,,,,
2025-10-07 10:25:00 UTC,Orange,400.0,,180.0,21.0,72.0,,,,
2025-10-07 09:08:00 UTC,Orange,400.0,,180.0,20.0,65.0,,,,
2025-10-07 05:23:00 UTC,Orange,400.0,,225.0,20.0,65.0,,,,
2025-10-07 05:18:00 UTC,Orange,300.0,,225.0,20.0,63.0,,,,
2025-10-07 01:56:00 UTC,Orange,500.0,,225.0,22.0,124.0,,,,
2025-10-06 23:23:00 UTC,Orange,500.0,,225.0,22.0,128.0,,,,
2025-10-06 22:53:00 UTC,Orange,600.0,,180.0,22.0,92.0,,,,
2025-10-06 22:42:00 UTC,Orange,400.0,,180.0,22.0,85.0,,,,
2025-10-06 22:21:00 UTC,Orange,300.0,,225.0,22.0,89.0,,,,
2025-10-06 17:37:00 UTC,Orange,300.0,,270.0,21.0,67.0,,,,
2025-10-05 21:43:00 UTC,Orange,400.0,,225.0,22.0,138.0,,,,
2025-10-05 21:40:00 UTC,Orange,400.0,,270.0,22.0,122.0,,,,
2025-10-05 16:49:00 UTC,Orange,100.0,,270.0,22.0,152.0,,,,
2025-10-05 03:37:00 UTC,Orange,500.0,,225.0,22.0,118.0,,,,
2025-10-05 02:52:00 UTC,Orange,300.0,,225.0,22.0,115.0,,,,
2025-10-05 01:52:00 UTC,Orange,200.0,,225.0,22.0,118.0,,,,
2025-10-05 00:33:00 UTC,Orange,300.0,,225.0,22.0,120.0,,,,
2025-10-04 22:20:00 UTC,Orange,100.0,,270.0,22.0,132.0,,,,
2025-10-04 03:18:00 UTC,Orange,500.0,,225.0,22.0,112.0,,,,
2025-10-04 02:33:00 UTC,Orange,500.0,,225.0,22.0,118.0,,,,
2025-10-04 01:51:00 UTC,Orange,500.0,,225.0,22.0,115.0,,,,
2025-10-04 01:14:00 UTC,Orange,300.0,,225.0,22.0,100.0,,,,
2025-10-03 23:51:00 UTC,Orange,500.0,,225.0,22.0,115.0,,,,
2025-10-03 23:25:00 UTC,Orange,300.0,,225.0,22.0,110.0,,,,
2025-10-03 06:27:00 UTC,Orange,700.0,,225.0,22.0,115.0,,,,
2025-10-03 03:54:00 UTC,Orange,600.0,,225.0,23.0,106.0,,,,
2025-10-03 00:30:00 UTC,Orange,400.0,,225.0,21.0,98.0,,,,
2025-10-02 02:33:00 UTC,Orange,700.0,,225.0,22.0,120.0,,,,
2025-10-02 01:16:00 UTC,Orange,600.0,,225.0,22.0,129.0,,,,
2025-10-02 00:11:00 UTC,Orange,600.0,,225.0,22.0,119.0,,,,
2025-10-01 18:03:00 UTC,Orange,700.0,,247.5,22.0,157.0,,,,
2025-10-01 13:55:00 UTC,Orange,700.0,,270.0,22.0,193.0,,,,
2025-10-01 12:28:00 UTC,Orange,600.0,,225.0,22.0,143.0,,,,
2025-09-30 17:58:00 UTC,Orange,400.0,,225.0,15.0,122.0,,,,
2025-09-30 15:16:00 UTC,Orange,400.0,,225.0,22.0,118.0,,,,
2025-09-29 23:38:00 UTC,Orange,500.0,,247.5,20.0,92.0,,,,
2025-09-28 01:45:00 UTC,Orange,800.0,,202.49999999999997,21.0,100.0,,,,
2025-09-27 23:29:00 UTC,Orange,700.0,,202.49999999999997,20.0,127.0,,,,
2025-09-27 23:16:00 UTC,Orange,600.0,,225.0,20.0,117.0,,,,
2025-09-27 00:36:00 UTC,Orange,800.0,,225.0,21.0,107.0,,,,
2025-09-26 23:43:00 UTC,Orange,600.0,,225.0,21.0,117.0,,,,
2025-09-26 23:00:00 UTC,Orange,500.0,,180.0,22.0,115.0,,,,
2025-09-26 22:36:00 UTC,Orange,700.0,,225.0,22.0,118.0,,,,
2025-09-26 17:17:00 UTC,Orange,500.0,,270.0,22.0,110.0,,,,
2025-09-26 16:28:00 UTC,Orange,700.0,,270.0,22.0,115.0,,,,
2025-09-26 09:59:00 UTC,Orange,700.0,,225.0,21.0,119.0,,,,
2025-09-26 02:09:00 UTC,Orange,700.0,,225.0,22.0,110.0,,,,
2025-09-25 21:24:00 UTC,Orange,400.0,,270.0,22.0,96.0,,,,
2025-09-24 23:56:00 UTC,Orange,700.0,,0.0,22.0,129.0,,,,
2025-09-24 22:50:00 UTC,Orange,500.0,,247.5,20.0,115.0,,,,
2025-09-24 18:25:00 UTC,Orange,600.0,,90.0,21.0,127.0,,,,
2025-09-24 14:40:00 UTC,Orange,900.0,,315.0,22.0,126.0,,,,
2025-09-24 00:41:00 UTC,Orange,400.0,,247.5,22.0,112.0,,,,
2025-09-23 22:50:00 UTC,Orange,400.0,,247.5,21.0,106.0,,,,
2025-09-23 07:29:00 UTC,Orange,600.0,,247.5,21.0,103.0,,,,
2025-09-23 06:41:00 UTC,Orange,700.0,,247.5,22.0,121.0,,,,
2025-09-22 22:25:00 UTC,Orange,300.0,,292.5,22.0,130.0,,,,
2025-09-22 10:15:00 UTC,Orange,500.0,,270.0,21.0,128.0,,,,
2025-09-22 09:18:00 UTC,Orange,500.0,,247.5,21.0,124.0,,,,
2025-09-22 00:59:00 UTC,Orange,500.0,,270.0,22.0,128.0,,,,
2025-09-22 00:44:00 UTC,Orange,500.0,,315.0,22.0,127.0,,,,
2025-09-21 22:28:00 UTC,Orange,700.0,,247.5,22.0,129.0,,,,
2025-09-21 21:44:00 UTC,Orange,500.0,,225.0,21.0,110.0,,,,
2025-09-21 19:43:00 UTC,Orange,700.0,,225.0,22.0,164.0,,,,
2025-09-14 17:22:00 UTC,Orange,400.0,,270.0,22.0,83.0,,,,
2025-09-14 01:00:00 UTC,Orange,500.0,,0.0,22.0,118.0,,,,
2025-09-14 00:33:00 UTC,Orange,700.0,,0.0,22.0,147.0,,,,
2025-09-13 23:41:00 UTC,Orange,500.0,,0.0,22.0,115.0,,,,
2025-09-13 22:52:00 UTC,Orange,800.0,,0.0,22.0,99.0,,,,
2025-09-13 22:13:00 UTC,Orange,700.0,,0.0,22.0,97.0,,,,
2025-09-13 17:51:00 UTC,Orange,300.0,,225.0,21.0,88.0,,,,
2025-09-13 08:14:00 UTC,Orange,500.0,,337.5,22.0,115.0,,,,
2025-09-13 07:14:00 UTC,Orange,300.0,,225.0,22.0,110.0,,,,
2025-09-13 06:45:00 UTC,Orange,300.0,,225.0,22.0,112.0,,,,
2025-09-12 22:09:00 UTC,Orange,400.0,,270.0,21.0,88.0,,,,
2025-09-12 01:12:00 UTC,Orange,300.0,,225.0,22.0,145.0,,,,
2025-09-10 17:32:00 UTC,Orange,600.0,,270.0,22.0,172.0,,,,
2025-09-08 00:20:00 UTC,Orange,600.0,,225.0,21.0,177.0,,,,
2025-09-07 22:59:00 UTC,Orange,800.0,,180.0,22.0,121.0,,,,
2025-09-07 22:43:00 UTC,Orange,700.0,,180.0,22.0,129.0,,,,
2025-09-07 21:52:00 UTC,Orange,400.0,,180.0,22.0,99.0,,,,
2025-09-07 04:11:00 UTC,Orange,700.0,,225.0,22.0,125.0,,,,
2025-09-07 02:49:00 UTC,Orange,700.0,,225.0,22.0,137.0,,,,
2025-09-07 00:21:00 UTC,Orange,500.0,,225.0,22.0,115.0,,,,
2025-09-06 21:51:00 UTC,Orange,500.0,,270.0,22.0,129.0,,,,
2025-09-06 08:49:00 UTC,Orange,700.0,,225.0,22.0,155.0,,,,
2025-09-06 08:10:00 UTC,Orange,500.0,,225.0,22.0,155.0,,,,
2025-09-06 00:46:00 UTC,Orange,500.0,,225.0,22.0,118.0,,,,
2025-09-05 22:41:00 UTC,Orange,500.0,,315.0,22.0,197.0,,,,
2025-09-05 03:42:00 UTC,Orange,700.0,,225.0,22.0,167.0,,,,
2025-09-05 02:56:00 UTC,Orange,500.0,,247.5,22.0,141.0,,,,
2025-09-04 02:28:00 UTC,Orange,500.0,,225.0,22.0,145.0,,,,
2025-09-03 02:48:00 UTC,Orange,200.0,,247.5,22.0,113.0,,,,
2025-09-02 22:54:00 UTC,Orange,600.0,,270.0,22.0,128.0,,,,
2025-09-02 18:46:00 UTC,Orange,600.0,,270.0,22.0,96.0,,,,
2025-09-02 01:30:00 UTC,Orange,300.0,,225.0,22.0,155.0,,,,
2025-09-01 22:26:00 UTC,Orange,500.0,,225.0,22.0,128.0,,,,
2025-09-01 17:42:00 UTC,Orange,200.0,,225.0,19.0,69.0,,,,
2025-09-01 00:59:00 UTC,Orange,500.0,,247.5,22.0,124.0,,,,
2025-08-31 17:21:00 UTC,Orange,500.0,,225.0,21.0,145.0,,,,
2025-08-30 22:53:00 UTC,Orange,900.0,,202.49999999999997,22.0,102.0,,,,
2025-08-30 22:38:00 UTC,Orange,800.0,,225.0,22.0,136.0,,,,
2025-08-26 20:58:00 UTC,Orange,300.0,,225.0,22.0,112.0,,,,
2025-08-26 02:05:00 UTC,Orange,500.0,,225.0,22.0,128.0,,,,
2025-08-25 22:40:00 UTC,Orange,700.0,,225.0,22.0,202.0,,,,
2025-08-25 22:08:00 UTC,Orange,500.0,,225.0,22.0,135.0,,,,
2025-08-25 12:08:00 UTC,Orange,500.0,,270.0,20.0,118.0,,,,
2025-08-25 09:01:00 UTC,Orange,600.0,,0.0,22.0,107.0,,,,
2025-08-25 02:14:00 UTC,Orange,1000.0,,315.0,22.0,166.0,,,,
2025-08-25 00:22:00 UTC,Orange,500.0,,315.0,22.0,135.0,,,,
2025-08-24 23:00:00 UTC,Orange,700.0,,270.0,22.0,116.0,,,,
2025-08-23 22:40:00 UTC,Orange,500.0,,247.5,22.0,135.0,,,,
2025-08-23 21:42:00 UTC,Orange,400.0,,247.5,21.0,160.0,,,,
2025-08-22 21:49:00 UTC,Orange,200.0,,270.0,22.0,189.0,,,,
2025-08-22 00:39:00 UTC,Orange,200.0,,270.0,22.0,124.0,,,,
2025-08-21 21:39:00 UTC,Orange,500.0,,180.0,22.0,145.0,,,,
2025-08-20 23:58:00 UTC,Orange,800.0,,225.0,21.0,150.0,,,,
2025-08-20 22:48:00 UTC,Orange,1000.0,,225.0,22.0,117.0,,,,
2025-08-20 22:31:00 UTC,Orange,800.0,,225.0,22.0,101.0,,,,
2025-08-20 00:21:00 UTC,Orange,800.0,,247.5,18.0,75.0,,,,
2025-08-19 22:38:00 UTC,Orange,700.0,,225.0,22.0,98.0,,,,
2025-08-18 21:49:00 UTC,Orange,500.0,,180.0,22.0,133.0,,,,
2025-08-17 15:27:00 UTC,Orange,500.0,,225.0,22.0,69.0,,,,
2025-08-17 02:15:00 UTC,Orange,800.0,,247.5,21.0,90.0,,,,
2025-08-17 00:59:00 UTC,Orange,800.0,,247.5,21.0,110.0,,,,
2025-08-16 23:19:00 UTC,Orange,700.0,,202.49999999999997,20.0,143.0,,,,
2025-08-15 22:37:00 UTC,Orange,1000.0,,0.0,22.0,119.0,,,,
2025-08-15 03:44:00 UTC,Orange,800.0,,90.0,21.0,106.0,,,,
2025-08-15 03:38:00 UTC,Orange,900.0,,45.0,20.0,99.0,,,,
2025-08-14 22:58:00 UTC,Orange,900.0,,22.500000000000004,22.0,123.0,,,,
2025-08-14 01:23:00 UTC,Orange,500.0,,270.0,22.0,110.0,,,,
2025-08-13 05:52:00 UTC,Orange,1000.0,,225.0,22.0,93.0,,,,
2025-08-13 03:44:00 UTC,Orange,900.0,,112.5,21.0,106.0,,,,
2025-08-13 02:38:00 UTC,Orange,1000.0,,157.5,22.0,138.0,,,,
2025-08-12 21:58:00 UTC,Orange,700.0,,0.0,22.0,125.0,,,,
2025-08-12 00:44:00 UTC,Orange,900.0,,225.0,22.0,86.0,,,,
2025-08-12 00:30:00 UTC,Orange,1000.0,,225.0,22.0,89.0,,,,
2025-08-11 01:38:00 UTC,Orange,700.0,,270.0,22.0,126.0,,,,
2025-08-09 16:51:00 UTC,Orange,600.0,,225.0,22.0,99.0,,,,
2025-08-09 16:13:00 UTC,Orange,600.0,,225.0,23.0,122.0,,,,
2025-08-09 02:33:00 UTC,Orange,500.0,,225.0,22.0,98.0,,,,
2025-08-08 21:26:00 UTC,Orange,500.0,,270.0,22.0,166.0,,,,
2025-08-07 16:44:00 UTC,Orange,800.0,,315.0,22.0,145.0,,,,
2025-08-07 02:12:00 UTC,Orange,500.0,,0.0,22.0,129.0,,,,
2025-08-06 17:58:00 UTC,Orange,700.0,,0.0,22.0,102.0,,,,
2025-08-06 16:34:00 UTC,Orange,400.0,,0.0,22.0,105.0,,,,
2025-08-06 14:19:00 UTC,Orange,500.0,,0.0,22.0,109.0,,,,
2025-08-06 03:08:00 UTC,Orange,700.0,,22.500000000000004,22.0,167.0,,,,
2025-08-05 22:24:00 UTC,Orange,600.0,,0.0,22.0,74.0,,,,
2025-08-05 10:53:00 UTC,Orange,300.0,,225.0,20.0,68.0,,,,
2025-08-05 10:25:00 UTC,Orange,800.0,,180.0,22.0,89.0,,,,
2025-08-05 00:07:00 UTC,Orange,500.0,,225.0,22.0,110.0,,,,
2025-08-04 10:35:00 UTC,Orange,900.0,,247.5,22.0,211.0,,,,
2025-08-04 00:52:00 UTC,Orange,800.0,,225.0,22.0,181.0,,,,
2025-08-03 22:56:00 UTC,Orange,500.0,,225.0,21.0,68.0,,,,
2025-08-03 01:04:00 UTC,Orange,500.0,,202.49999999999997,22.0,128.0,,,,
2025-08-02 23:00:00 UTC,Orange,700.0,,180.0,22.0,98.0,,,,
2025-08-02 22:17:00 UTC,Orange,900.0,,180.0,22.0,117.0,,,,
2025-08-02 17:11:00 UTC,Orange,400.0,,225.0,21.0,74.0,,,,
2025-08-02 17:06:00 UTC,Orange,400.0,,225.0,21.0,66.0,,,,
2025-08-01 23:26:00 UTC,Orange,700.0,,180.0,22.0,96.0,,,,
2025-08-01 17:58:00 UTC,Orange,600.0,,225.0,22.0,110.0,,,,
2025-08-01 16:07:00 UTC,Orange,500.0,,225.0,22.0,125.0,,,,
2025-07-27 00:32:00 UTC,Orange,800.0,,45.0,22.0,192.0,,,,
2025-07-26 22:19:00 UTC,Orange,500.0,,45.0,22.0,124.0,,,,
2025-07-26 17:58:00 UTC,Orange,700.0,,0.0,22.0,149.0,,,,
2025-07-26 13:38:00 UTC,Orange,500.0,,0.0,22.0,146.0,,,,
2025-07-24 00:09:00 UTC,Orange,1000.0,,90.0,22.0,214.0,,,,
2025-07-23 14:01:00 UTC,Orange,300.0,,225.0,21.0,68.0,,,,
2025-07-23 13:52:00 UTC,Orange,900.0,,225.0,22.0,103.0,,,,
2025-07-23 13:30:00 UTC,Orange,700.0,,225.0,22.0,101.0,,,,
2025-07-23 02:14:00 UTC,Orange,700.0,,225.0,22.0,155.0,,,,
2025-07-22 23:11:00 UTC,Orange,600.0,,180.0,22.0,72.0,,,,
2025-07-22 22:39:00 UTC,Orange,1000.0,,135.0,22.0,110.0,,,,
2025-07-22 22:31:00 UTC,Orange,900.0,,180.0,22.0,101.0,,,,
2025-07-22 17:53:00 UTC,Orange,600.0,,225.0,22.0,79.0,,,,
2025-07-22 17:47:00 UTC,Orange,800.0,,0.0,22.0,99.0,,,,
2025-07-20 22:51:00 UTC,Orange,800.0,,180.0,22.0,113.0,,,,
2025-07-20 18:10:00 UTC,Orange,500.0,,225.0,21.0,69.0,,,,
2025-07-20 17:37:00 UTC,Orange,800.0,,270.0,22.0,98.0,,,,
2025-07-20 03:12:00 UTC,Orange,500.0,,225.0,22.0,112.0,,,,
2025-07-19 13:33:00 UTC,Orange,600.0,,180.0,22.0,78.0,,,,
2025-07-19 12:32:00 UTC,Orange,700.0,,225.0,22.0,99.0,,,,
2025-07-19 11:54:00 UTC,Orange,300.0,,225.0,20.0,65.0,,,,
2025-07-19 02:50:00 UTC,Orange,1000.0,,225.0,22.0,135.0,,,,
2025-07-19 02:40:00 UTC,Orange,700.0,,225.0,22.0,129.0,,,,
2025-07-19 00:43:00 UTC,Orange,500.0,,225.0,22.0,115.0,,,,
2025-07-18 10:49:00 UTC,Orange,600.0,,270.0,22.0,88.0,,,,
2025-07-18 00:04:00 UTC,Orange,700.0,,0.0,22.0,130.0,,,,
2025-07-17 23:22:00 UTC,Orange,700.0,,0.0,22.0,128.0,,,,
2025-07-17 00:42:00 UTC,Orange,1000.0,,225.0,22.0,158.0,,,,
2025-07-16 21:30:00 UTC,Orange,800.0,,270.0,22.0,170.0,,,,
2025-07-16 10:19:00 UTC,Orange,800.0,,270.0,22.0,140.0,,,,
2025-07-15 00:15:00 UTC,Orange,1200.0,,180.0,22.0,134.0,,,,
2025-07-14 23:51:00 UTC,Orange,600.0,,0.0,22.0,82.0,,,,
2025-07-14 21:20:00 UTC,Orange,800.0,,202.49999999999997,22.0,152.0,,,,
2025-07-14 12:01:00 UTC,Orange,400.0,,180.0,22.0,88.0,,,,
2025-07-14 07:06:00 UTC,Orange,1000.0,,202.49999999999997,22.0,243.0,,,,
2025-07-12 22:56:00 UTC,Orange,600.0,,270.0,22.0,182.0,,,,
2025-07-11 16:45:00 UTC,Orange,800.0,,202.49999999999997,22.0,112.0,,,,
2025-07-10 23:31:00 UTC,Orange,700.0,,135.0,22.0,126.0,,,,
2025-07-09 01:14:00 UTC,Orange,1000.0,,247.5,22.0,214.0,,,,
2025-07-08 23:26:00 UTC,Orange,800.0,,270.0,22.0,123.0,,,,
2025-07-08 17:31:00 UTC,Orange,400.0,,225.0,21.0,91.0,,,,
2025-07-08 05:47:00 UTC,Orange,600.0,,225.0,21.0,96.0,,,,
2025-07-08 01:41:00 UTC,Orange,400.0,,270.0,22.0,118.0,,,,
2025-07-07 00:11:00 UTC,Orange,600.0,,247.5,22.0,93.0,,,,
2025-07-06 01:52:00 UTC,Orange,400.0,,225.0,22.0,123.0,,,,
2025-07-02 03:37:00 UTC,Orange,1000.0,,22.500000000000004,22.0,234.0,,,,
2025-07-02 00:55:00 UTC,Orange,700.0,,0.0,22.0,158.0,,,,
2025-07-02 00:00:00 UTC,Orange,700.0,,0.0,22.0,139.0,,,,
2025-07-01 15:34:00 UTC,Orange,700.0,,0.0,22.0,172.0,,,,
2025-06-30 17:30:00 UTC,Orange,500.0,,225.0,22.0,68.0,,,,
2025-06-30 17:25:00 UTC,Orange,600.0,,315.0,22.0,72.0,,,,
2025-06-23 01:02:00 UTC,Orange,500.0,,247.5,22.0,101.0,,,,
2025-06-21 02:03:00 UTC,Orange,1000.0,,270.0,21.0,115.0,,,,
2025-06-21 00:46:00 UTC,Orange,500.0,,315.0,22.0,100.0,,,,
2025-06-20 22:50:00 UTC,Orange,1200.0,,0.0,22.0,110.0,,,,
2025-06-20 18:08:00 UTC,Orange,400.0,,247.5,21.0,75.0,,,,
2025-06-20 17:58:00 UTC,Orange,400.0,,225.0,21.0,84.0,,,,
2025-06-20 17:53:00 UTC,Orange,600.0,,225.0,21.0,96.0,,,,
2025-06-20 13:37:00 UTC,Orange,700.0,,225.0,22.0,97.0,,,,
2025-06-20 01:10:00 UTC,Orange,500.0,,270.0,22.0,99.0,,,,
2025-06-20 00:38:00 UTC,Orange,400.0,,270.0,22.0,87.0,,,,
2025-06-19 23:56:00 UTC,Orange,700.0,,225.0,22.0,101.0,,,,
2025-06-19 17:45:00 UTC,Orange,700.0,,225.0,22.0,116.0,,,,
2025-06-19 13:11:00 UTC,Orange,800.0,,0.0,22.0,106.0,,,,
2025-06-19 03:32:00 UTC,Orange,700.0,,225.0,22.0,107.0,,,,
2025-06-19 00:25:00 UTC,Orange,700.0,,180.0,22.0,105.0,,,,
2025-06-18 22:03:00 UTC,Orange,800.0,,247.5,22.0,159.0,,,,
2025-06-18 16:17:00 UTC,Orange,600.0,,22.500000000000004,22.0,102.0,,,,
2025-06-18 14:51:00 UTC,Orange,500.0,,22.500000000000004,21.0,101.0,,,,
2025-06-18 13:20:00 UTC,Orange,800.0,,157.5,22.0,124.0,,,,
2025-06-18 02:48:00 UTC,Orange,500.0,,225.0,22.0,103.0,,,,
2025-06-18 02:27:00 UTC,Orange,600.0,,202.49999999999997,22.0,105.0,,,,
2025-06-17 22:59:00 UTC,Orange,500.0,,225.0,22.0,98.0,,,,
2025-06-17 22:19:00 UTC,Orange,600.0,,225.0,22.0,88.0,,,,
2025-06-17 16:27:00 UTC,Orange,500.0,,22.500000000000004,22.0,166.0,,,,
2025-06-16 17:42:00 UTC,Orange,500.0,,270.0,22.0,97.0,,,,
2025-06-15 16:14:00 UTC,Orange,600.0,,337.5,22.0,109.0,,,,
2025-06-14 23:15:00 UTC,Orange,500.0,,135.0,22.0,118.0,,,,
2025-06-14 21:54:00 UTC,Orange,600.0,,157.5,22.0,223.0,,,,
2025-06-14 14:43:00 UTC,Orange,500.0,,202.49999999999997,21.0,96.0,,,,
2025-06-14 01:25:00 UTC,Orange,600.0,,225.0,22.0,90.0,,,,
2025-06-13 01:48:00 UTC,Orange,700.0,,225.0,22.0,115.0,,,,
2025-06-12 03:20:00 UTC,Orange,700.0,,225.0,22.0,132.0,,,,
2025-06-12 02:25:00 UTC,Orange,1000.0,,225.0,22.0,178.0,,,,
2025-06-11 17:37:00 UTC,Orange,500.0,,0.0,22.0,69.0,,,,
2025-06-11 17:29:00 UTC,Orange,600.0,,0.0,22.0,72.0,,,,
2025-06-11 01:11:00 UTC,Orange,500.0,,225.0,22.0,153.0,,,,
2025-06-10 00:49:00 UTC,Orange,700.0,,225.0,22.0,162.0,,,,
2025-06-09 22:47:00 UTC,Orange,1000.0,,225.0,22.0,191.0,,,,
2025-06-07 01:59:00 UTC,Orange,700.0,,0.0,22.0,91.0,,,,
2025-06-07 01:24:00 UTC,Orange,300.0,,0.0,21.0,57.0,,,,
2025-06-07 01:16:00 UTC,Orange,700.0,,0.0,22.0,92.0,,,,
2025-06-07 00:20:00 UTC,Orange,700.0,,0.0,22.0,94.0,,,,
2025-06-06 23:27:00 UTC,Orange,900.0,,0.0,22.0,97.0,,,,
2025-06-06 19:41:00 UTC,Orange,500.0,,0.0,22.0,154.0,,,,
2025-06-06 15:08:00 UTC,Orange,700.0,,292.5,22.0,130.0,,,,
2025-06-06 10:43:00 UTC,Orange,1000.0,,0.0,22.0,115.0,,,,
2025-06-06 09:30:00 UTC,Orange,400.0,,0.0,22.0,68.0,,,,
2025-06-05 23:46:00 UTC,Orange,500.0,,0.0,22.0,127.0,,,,
2025-06-05 21:50:00 UTC,Orange,400.0,,315.0,22.0,121.0,,,,
2025-06-05 16:45:00 UTC,Orange,800.0,,337.5,22.0,124.0,,,,
2025-06-05 14:55:00 UTC,Orange,600.0,,0.0,22.0,124.0,,,,
2025-06-05 13:17:00 UTC,Orange,700.0,,0.0,22.0,123.0,,,,
2025-06-05 10:43:00 UTC,Orange,800.0,,0.0,22.0,178.0,,,,
2025-06-05 04:34:00 UTC,Orange,700.0,,270.0,22.0,191.0,,,,
2025-06-05 02:40:00 UTC,Orange,300.0,,270.0,20.0,95.0,,,,
2025-06-04 00:01:00 UTC,Orange,800.0,,337.5,22.0,148.0,,,,
2025-06-03 22:48:00 UTC,Orange,700.0,,0.0,22.0,190.0,,,,
2025-06-03 21:10:00 UTC,Orange,500.0,,0.0,22.0,110.0,,,,
2025-06-03 17:33:00 UTC,Orange,500.0,,225.0,22.0,145.0,,,,
2025-06-03 17:01:00 UTC,Orange,800.0,,0.0,22.0,110.0,,,,
2025-06-03 16:17:00 UTC,Orange,800.0,,0.0,22.0,97.0,,,,
2025-06-03 13:38:00 UTC,Orange,400.0,,180.0,22.0,89.0,,,,
2025-06-03 00:41:00 UTC,Orange,500.0,,225.0,22.0,115.0,,,,
2025-06-02 22:55:00 UTC,Orange,1000.0,,0.0,22.0,101.0,,,,
2025-06-02 22:43:00 UTC,Orange,200.0,,0.0,20.0,56.0,,,,
2025-06-02 17:35:00 UTC,Orange,700.0,,225.0,22.0,96.0,,,,
2025-06-01 10:14:00 UTC,Orange,400.0,,225.0,22.0,133.0,,,,
2025-05-30 22:19:00 UTC,Orange,100.0,,270.0,22.0,179.0,,,,
2025-05-30 21:23:00 UTC,Orange,100.0,,270.0,22.0,188.0,,,,
2025-05-29 23:35:00 UTC,Orange,500.0,,225.0,22.0,115.0,,,,
2025-05-29 17:22:00 UTC,Orange,400.0,,225.0,22.0,87.0,,,,
2025-05-29 03:53:00 UTC,Orange,600.0,,0.0,22.0,147.0,,,,
2025-05-29 03:28:00 UTC,Orange,500.0,,0.0,22.0,132.0,,,,
2025-05-28 22:31:00 UTC,Orange,900.0,,0.0,22.0,110.0,,,,
2025-05-28 22:28:00 UTC,Orange,500.0,,0.0,22.0,94.0,,,,
2025-05-28 18:03:00 UTC,Orange,900.0,,225.0,22.0,101.0,,,,
2025-05-28 16:29:00 UTC,Orange,500.0,,225.0,22.0,150.0,,,,
2025-05-27 23:56:00 UTC,Orange,300.0,,90.0,20.0,106.0,,,,
2025-05-27 23:12:00 UTC,Orange,1200.0,,45.0,22.0,122.0,,,,
2025-05-27 19:37:00 UTC,Orange,500.0,,0.0,22.0,96.0,,,,
2025-05-27 17:59:00 UTC,Orange,600.0,,0.0,22.0,87.0,,,,
2025-05-27 16:31:00 UTC,Orange,300.0,,270.0,22.0,127.0,,,,
2025-05-26 17:45:00 UTC,Orange,600.0,,157.5,23.0,123.0,,,,
2025-05-26 00:05:00 UTC,Orange,500.0,,180.0,22.0,100.0,,,,
2025-05-25 22:32:00 UTC,Orange,500.0,,180.0,21.0,57.0,,,,
2025-05-24 23:46:00 UTC,Orange,1200.0,,157.5,22.0,137.0,,,,
2025-05-24 22:17:00 UTC,Orange,700.0,,0.0,22.0,96.0,,,,
2025-05-24 22:10:00 UTC,Orange,900.0,,0.0,22.0,110.0,,,,
2025-05-24 01:50:00 UTC,Orange,600.0,,180.0,22.0,126.0,,,,
2025-05-24 00:29:00 UTC,Orange,400.0,,157.5,22.0,114.0,,,,
2025-05-23 22:53:00 UTC,Orange,800.0,,45.0,22.0,98.0,,,,
2025-05-23 17:38:00 UTC,Orange,700.0,,270.0,22.0,105.0,,,,
2025-05-23 16:14:00 UTC,Orange,600.0,,180.0,22.0,110.0,,,,
2025-05-22 20:02:00 UTC,Orange,600.0,,202.49999999999997,22.0,110.0,,,,
2025-05-22 18:01:00 UTC,Orange,500.0,,270.0,21.0,119.0,,,,
2025-05-22 00:19:00 UTC,Orange,800.0,,202.49999999999997,22.0,107.0,,,,
2025-05-21 23:17:00 UTC,Orange,700.0,,247.5,20.0,140.0,,,,
2025-05-21 22:34:00 UTC,Orange,600.0,,270.0,20.0,154.0,,,,
2025-05-20 00:23:00 UTC,Orange,1000.0,,225.0,22.0,120.0,,,,
2025-05-19 23:45:00 UTC,Orange,1000.0,,225.0,22.0,117.0,,,,
2025-05-18 23:50:00 UTC,Orange,500.0,,180.0,21.0,103.0,,,,
2025-05-18 22:32:00 UTC,Orange,1000.0,,270.0,22.0,271.0,,,,
2025-05-17 22:14:00 UTC,Orange,700.0,,270.0,22.0,154.0,,,,
2025-05-17 21:32:00 UTC,Orange,500.0,,270.0,20.0,154.0,,,,
2025-05-17 20:55:00 UTC,Orange,800.0,,270.0,20.0,189.0,,,,
2025-05-16 22:51:00 UTC,Orange,700.0,,270.0,20.0,128.0,,,,
2025-05-16 22:16:00 UTC,Orange,500.0,,0.0,20.0,199.0,,,,
2025-05-15 23:09:00 UTC,Orange,700.0,,225.0,22.0,93.0,,,,
2025-05-15 18:24:00 UTC,Orange,1000.0,,337.5,22.0,120.0,,,,
2025-05-15 16:43:00 UTC,Orange,300.0,,0.0,21.0,87.0,,,,
2025-05-15 15:43:00 UTC,Orange,300.0,,0.0,21.0,74.0,,,,
2025-05-15 14:50:00 UTC,Orange,400.0,,225.0,21.0,86.0,,,,
2025-05-15 00:29:00 UTC,Orange,900.0,,225.0,22.0,103.0,,,,
2025-05-14 23:44:00 UTC,Orange,500.0,,225.0,21.0,66.0,,,,
2025-05-14 20:04:00 UTC,Orange,900.0,,180.0,22.0,95.0,,,,
2025-05-14 18:01:00 UTC,Orange,1000.0,,157.5,22.0,113.0,,,,
2025-05-14 16:09:00 UTC,Orange,400.0,,225.0,21.0,88.0,,,,
2025-05-14 11:32:00 UTC,Orange,300.0,,225.0,20.0,66.0,,,,
2025-05-14 11:21:00 UTC,Orange,300.0,,225.0,20.0,64.0,,,,
2025-05-14 00:40:00 UTC,Orange,1000.0,,225.0,22.0,121.0,,,,
2025-05-13 23:06:00 UTC,Orange,500.0,,180.0,22.0,75.0,,,,
2025-05-13 17:34:00 UTC,Orange,300.0,,225.0,20.0,54.0,,,,
2025-05-13 16:34:00 UTC,Orange,400.0,,225.0,,,,,,
2025-05-13 14:01:00 UTC,Orange,700.0,,225.0,22.0,124.0,,,,
2025-05-13 12:15:00 UTC,Orange,500.0,,225.0,21.0,83.0,,,,
2025-05-13 11:23:00 UTC,Orange,500.0,,225.0,22.0,101.0,,,,
2025-05-13 10:44:00 UTC,Orange,700.0,,225.0,22.0,92.0,,,,
2025-05-13 08:59:00 UTC,Orange,600.0,,225.0,22.0,94.0,,,,
2025-05-12 21:54:00 UTC,Orange,1000.0,,270.0,22.0,167.0,,,,
2025-05-12 17:23:00 UTC,Orange,600.0,,270.0,22.0,150.0,,,,
2025-05-12 16:04:00 UTC,Orange,800.0,,202.49999999999997,22.0,140.0,,,,
2025-05-12 14:52:00 UTC,Orange,1000.0,,225.0,22.0,116.0,,,,
2025-05-11 23:53:00 UTC,Orange,700.0,,0.0,22.0,98.0,,,,
2025-05-11 18:00:00 UTC,Orange,500.0,,0.0,22.0,112.0,,,,
2025-05-11 00:37:00 UTC,Orange,400.0,,0.0,21.0,72.0,,,,
2025-05-11 00:17:00 UTC,Orange,700.0,,0.0,21.0,88.0,,,,
2025-05-10 23:50:00 UTC,Orange,400.0,,0.0,21.0,66.0,,,,
2025-05-10 22:45:00 UTC,Orange,600.0,,22.500000000000004,22.0,86.0,,,,
2025-05-10 17:26:00 UTC,Orange,800.0,,0.0,22.0,102.0,,,,
2025-05-10 14:32:00 UTC,Orange,500.0,,0.0,22.0,78.0,,,,
2025-05-10 13:47:00 UTC,Orange,700.0,,0.0,22.0,110.0,,,,
2025-05-10 12:46:00 UTC,Orange,500.0,,0.0,22.0,101.0,,,,
2025-05-10 12:44:00 UTC,Orange,400.0,,0.0,22.0,99.0,,,,
2025-05-09 19:28:00 UTC,Orange,400.0,,45.0,22.0,85.0,,,,
2025-05-09 17:14:00 UTC,Orange,800.0,,157.5,22.0,115.0,,,,
2025-05-09 14:25:00 UTC,Orange,600.0,,225.0,22.0,95.0,,,,
2025-05-09 13:12:00 UTC,Orange,700.0,,225.0,22.0,97.0,,,,
2025-05-09 12:44:00 UTC,Orange,600.0,,225.0,22.0,101.0,,,,
2025-05-09 11:35:00 UTC,Orange,300.0,,225.0,22.0,88.0,,,,
2025-05-09 09:45:00 UTC,Orange,700.0,,225.0,22.0,99.0,,,,
2025-05-08 23:57:00 UTC,Orange,800.0,,0.0,22.0,91.0,,,,
2025-05-08 19:51:00 UTC,Orange,1000.0,,270.0,22.0,100.0,,,,
2025-05-08 18:32:00 UTC,Orange,800.0,,292.5,22.0,104.0,,,,
2025-05-08 17:36:00 UTC,Orange,800.0,,247.5,22.0,105.0,,,,
2025-05-08 15:00:00 UTC,Orange,500.0,,0.0,22.0,89.0,,,,
2025-05-08 13:20:00 UTC,Orange,500.0,,0.0,22.0,92.0,,,,
2025-05-08 11:37:00 UTC,Orange,400.0,,0.0,22.0,96.0,,,,
2025-05-08 11:18:00 UTC,Orange,900.0,,225.0,22.0,117.0,,,,
2025-05-08 10:17:00 UTC,Orange,700.0,,292.5,21.0,101.0,,,,
2025-05-08 09:00:00 UTC,Orange,700.0,,270.0,22.0,103.0,,,,
2025-05-08 02:06:00 UTC,Orange,500.0,,225.0,22.0,101.0,,,,
2025-05-08 02:04:00 UTC,Orange,400.0,,225.0,22.0,99.0,,,,
2025-05-07 23:45:00 UTC,Orange,500.0,,315.0,22.0,112.0,,,,
2025-05-07 23:41:00 UTC,Orange,800.0,,270.0,22.0,141.0,,,,
2025-05-07 22:11:00 UTC,Orange,600.0,,315.0,22.0,97.0,,,,
2025-05-07 21:36:00 UTC,Orange,600.0,,270.0,22.0,121.0,,,,
2025-05-07 18:34:00 UTC,Orange,700.0,,247.5,22.0,108.0,,,,
2025-05-07 17:06:00 UTC,Orange,800.0,,225.0,22.0,101.0,,,,
2025-05-07 15:34:00 UTC,Orange,400.0,,270.0,22.0,145.0,,,,
2025-05-07 15:26:00 UTC,Orange,800.0,,270.0,22.0,147.0,,,,
2025-05-07 12:16:00 UTC,Orange,1000.0,,270.0,22.0,118.0,,,,
2025-05-06 01:12:00 UTC,Orange,700.0,,270.0,22.0,117.0,,,,
2025-05-05 23:24:00 UTC,Orange,600.0,,270.0,22.0,121.0,,,,
2025-05-05 00:11:00 UTC,Orange,500.0,,225.0,22.0,147.0,,,,
2025-05-04 20:37:00 UTC,Orange,800.0,,225.0,22.0,141.0,,,,
2025-05-04 01:42:00 UTC,Orange,600.0,,225.0,22.0,135.0,,,,
2025-05-03 22:14:00 UTC,Orange,500.0,,225.0,22.0,201.0,,,,
2025-05-03 21:57:00 UTC,Orange,900.0,,225.0,22.0,157.0,,,,
2025-05-03 14:24:00 UTC,Orange,500.0,,225.0,22.0,147.0,,,,
2025-05-03 00:02:00 UTC,Orange,700.0,,157.5,22.0,150.0,,,,
2025-05-02 22:27:00 UTC,Orange,900.0,,270.0,22.0,165.0,,,,
2025-05-02 21:59:00 UTC,Orange,700.0,,270.0,22.0,186.0,,,,
2025-05-02 20:59:00 UTC,Orange,800.0,,247.5,22.0,150.0,,,,
2025-05-02 15:22:00 UTC,Orange,700.0,,225.0,22.0,177.0,,,,
2025-05-02 13:46:00 UTC,Orange,500.0,,225.0,22.0,153.0,,,,
2025-05-02 01:54:00 UTC,Orange,700.0,,225.0,22.0,136.0,,,,
2025-05-02 00:30:00 UTC,Orange,1000.0,,225.0,22.0,179.0,,,,
2025-05-01 23:44:00 UTC,Orange,700.0,,225.0,22.0,700.0,,,,
2025-05-01 18:30:00 UTC,Orange,500.0,,225.0,22.0,156.0,,,,
2025-05-01 16:24:00 UTC,Orange,900.0,,225.0,22.0,110.0,,,,
2025-05-01 15:56:00 UTC,Orange,800.0,,225.0,22.0,97.0,,,,
2025-05-01 14:08:00 UTC,Orange,400.0,,225.0,22.0,89.0,,,,
2025-04-30 05:36:00 UTC,Orange,600.0,,225.0,22.0,91.0,,,,
2025-04-30 05:22:00 UTC,Orange,400.0,,225.0,16.0,67.0,,,,
2025-04-30 05:14:00 UTC,Orange,700.0,,225.0,22.0,94.0,,,,
2025-04-30 02:30:00 UTC,Orange,1000.0,,225.0,22.0,168.0,,,,
2025-04-30 01:48:00 UTC,Orange,800.0,,225.0,22.0,166.0,,,,
2025-04-30 00:28:00 UTC,Orange,500.0,,225.0,22.0,128.0,,,,
2025-04-29 10:22:00 UTC,Orange,700.0,,225.0,22.0,168.0,,,,
2025-04-29 06:08:00 UTC,Orange,700.0,,225.0,22.0,148.0,,,,
2025-04-29 04:13:00 UTC,Orange,700.0,,270.0,22.0,85.0,,,,
2025-04-29 02:05:00 UTC,Orange,700.0,,315.0,22.0,134.0,,,,
2025-04-28 22:17:00 UTC,Orange,900.0,,292.5,22.0,125.0,,,,
2025-04-28 13:58:00 UTC,Orange,300.0,,315.0,20.0,152.0,,,,
2025-04-28 10:51:00 UTC,Orange,600.0,,0.0,22.0,116.0,,,,
2025-04-27 20:48:00 UTC,Orange,300.0,,0.0,22.0,135.0,,,,
2025-04-27 14:32:00 UTC,Orange,500.0,,315.0,21.0,116.0,,,,
2025-04-27 10:28:00 UTC,Orange,500.0,,0.0,22.0,115.0,,,,
2025-04-27 00:57:00 UTC,Orange,700.0,,0.0,22.0,158.0,,,,
2025-04-26 23:31:00 UTC,Orange,500.0,,0.0,22.0,156.0,,,,
2025-04-26 22:39:00 UTC,Orange,800.0,,315.0,22.0,163.0,,,,
2025-04-26 17:20:00 UTC,Orange,600.0,,315.0,22.0,156.0,,,,
2025-04-26 16:22:00 UTC,Orange,800.0,,315.0,23.0,120.0,,,,
2025-04-26 09:34:00 UTC,Orange,800.0,,337.5,22.0,127.0,,,,
2025-04-26 03:39:00 UTC,Orange,800.0,,0.0,22.0,165.0,,,,
2025-04-26 00:55:00 UTC,Orange,600.0,,0.0,22.0,138.0,,,,
2025-04-25 21:33:00 UTC,Orange,700.0,,315.0,23.0,125.0,,,,
2025-04-25 18:29:00 UTC,Orange,600.0,,315.0,22.0,131.0,,,,
2025-04-25 17:55:00 UTC,Orange,600.0,,292.5,23.0,135.0,,,,
2025-04-25 16:17:00 UTC,Orange,400.0,,0.0,20.0,68.0,,,,
2025-04-25 13:46:00 UTC,Orange,500.0,,0.0,22.0,102.0,,,,
2025-04-25 12:54:00 UTC,Orange,700.0,,0.0,22.0,115.0,,,,
2025-04-25 11:45:00 UTC,Orange,500.0,,0.0,21.0,98.0,,,,
2025-04-25 11:09:00 UTC,Orange,800.0,,0.0,22.0,106.0,,,,
2025-04-25 10:41:00 UTC,Orange,900.0,,0.0,22.0,152.0,,,,
2025-04-24 21:53:00 UTC,Orange,700.0,,0.0,22.0,165.0,,,,
2025-04-24 18:10:00 UTC,Orange,500.0,,225.0,22.0,177.0,,,,
2025-04-24 16:31:00 UTC,Orange,700.0,,225.0,22.0,116.0,,,,
2025-04-24 15:57:00 UTC,Orange,700.0,,247.5,22.0,144.0,,,,
2025-04-24 01:28:00 UTC,Orange,600.0,,225.0,22.0,116.0,,,,
2025-04-24 00:49:00 UTC,Orange,600.0,,247.5,22.0,121.0,,,,
2025-04-24 00:28:00 UTC,Orange,600.0,,202.49999999999997,22.0,127.0,,,,
2025-04-23 23:03:00 UTC,Orange,700.0,,225.0,22.0,108.0,,,,
2025-04-23 18:32:00 UTC,Orange,600.0,,225.0,22.0,123.0,,,,
2025-04-23 11:21:00 UTC,Orange,700.0,,225.0,22.0,148.0,,,,
2025-04-23 10:06:00 UTC,Orange,800.0,,270.0,22.0,123.0,,,,
2025-04-23 00:25:00 UTC,Orange,800.0,,337.5,21.0,116.0,,,,
2025-04-22 23:28:00 UTC,Orange,900.0,,0.0,22.0,123.0,,,,
2025-04-22 18:31:00 UTC,Orange,600.0,,22.500000000000004,22.0,170.0,,,,
2025-04-22 17:17:00 UTC,Orange,700.0,,22.500000000000004,22.0,147.0,,,,
2025-04-22 14:12:00 UTC,Orange,500.0,,22.500000000000004,21.0,171.0,,,,
2025-04-22 10:45:00 UTC,Orange,700.0,,22.500000000000004,22.0,151.0,,,,
2025-04-22 01:41:00 UTC,Orange,80.0,,22.500000000000004,,,,,,
2025-04-21 23:53:00 UTC,Orange,500.0,,45.0,22.0,78.0,,,,
2025-04-21 23:30:00 UTC,Orange,700.0,,45.0,22.0,120.0,,,,
2025-04-21 22:55:00 UTC,Orange,800.0,,0.0,22.0,115.0,,,,
2025-04-20 22:46:00 UTC,Orange,500.0,,0.0,22.0,111.0,,,,
2025-04-20 14:02:00 UTC,Orange,500.0,,22.500000000000004,22.0,128.0,,,,
2025-04-20 11:49:00 UTC,Orange,800.0,,22.500000000000004,22.0,135.0,,,,
2025-04-19 23:59:00 UTC,Orange,700.0,,45.0,21.0,116.0,,,,
2025-04-19 15:20:00 UTC,Orange,700.0,,45.0,23.0,123.0,,,,
2025-04-19 00:21:00 UTC,Orange,800.0,,45.0,22.0,84.0,,,,
2025-04-18 22:49:00 UTC,Orange,600.0,,45.0,15.0,91.0,,,,
2025-04-18 21:41:00 UTC,Orange,400.0,,22.500000000000004,22.0,104.0,,,,
2025-04-18 21:34:00 UTC,Orange,700.0,,22.500000000000004,22.0,110.0,,,,
2025-04-17 14:25:00 UTC,Orange,700.0,,225.0,22.0,118.0,,,,
2025-04-17 02:17:00 UTC,Orange,1000.0,,112.5,22.0,117.0,,,,
2025-04-16 23:10:00 UTC,Orange,900.0,,45.0,22.0,124.0,,,,
2025-04-16 22:45:00 UTC,Orange,800.0,,0.0,22.0,150.0,,,,
2025-04-16 21:36:00 UTC,Orange,500.0,,0.0,22.0,140.0,,,,
2025-04-16 21:07:00 UTC,Orange,700.0,,202.49999999999997,22.0,161.0,,,,
2025-04-16 18:01:00 UTC,Orange,500.0,,247.5,22.0,125.0,,,,
2025-04-16 16:28:00 UTC,Orange,500.0,,180.0,21.0,100.0,,,,
2025-04-16 15:41:00 UTC,Orange,800.0,,180.0,22.0,120.0,,,,
2025-04-16 15:10:00 UTC,Orange,700.0,,180.0,22.0,123.0,,,,
2025-04-16 09:11:00 UTC,Orange,1300.0,,247.5,22.0,142.0,,,,
2025-04-16 00:28:00 UTC,Orange,1000.0,,22.500000000000004,22.0,123.0,,,,
2025-04-15 22:57:00 UTC,Orange,700.0,,225.0,22.0,165.0,,,,
2025-04-15 22:11:00 UTC,Orange,500.0,,225.0,22.0,154.0,,,,
2025-04-15 18:55:00 UTC,Orange,500.0,,225.0,22.0,136.0,,,,
2025-04-15 16:53:00 UTC,Orange,1200.0,,67.5,21.0,161.0,,,,
2025-04-15 02:18:00 UTC,Orange,1000.0,,225.0,22.0,190.0,,,,
2025-04-15 00:32:00 UTC,Orange,500.0,,225.0,22.0,118.0,,,,
2025-04-14 22:54:00 UTC,Orange,700.0,,45.0,22.0,118.0,,,,
2025-04-11 20:57:00 UTC,Orange,700.0,,225.0,22.0,190.0,,,,
2025-04-11 13:00:00 UTC,Orange,800.0,,225.0,22.0,136.0,,,,
2025-04-10 23:50:00 UTC,Orange,500.0,,225.0,22.0,102.0,,,,
2025-04-10 21:50:00 UTC,Orange,500.0,,180.0,22.0,145.0,,,,
2025-04-10 17:08:00 UTC,Orange,400.0,,225.0,21.0,101.0,,,,
2025-04-10 16:20:00 UTC,Orange,600.0,,225.0,22.0,125.0,,,,
2025-04-10 15:30:00 UTC,Orange,500.0,,225.0,22.0,102.0,,,,
2025-04-10 14:54:00 UTC,Orange,500.0,,225.0,22.0,113.0,,,,
2025-04-10 13:47:00 UTC,Orange,500.0,,225.0,22.0,122.0,,,,
2025-04-10 12:22:00 UTC,Orange,500.0,,225.0,22.0,119.0,,,,
2025-04-10 12:15:00 UTC,Orange,700.0,,225.0,22.0,125.0,,,,
2025-04-09 23:40:00 UTC,Orange,700.0,,247.5,22.0,150.0,,,,
2025-04-09 22:45:00 UTC,Orange,400.0,,225.0,21.0,102.0,,,,
2025-04-09 22:15:00 UTC,Orange,400.0,,225.0,21.0,110.0,,,,
2025-04-09 17:41:00 UTC,Orange,800.0,,225.0,22.0,125.0,,,,
2025-04-09 17:18:00 UTC,Orange,500.0,,225.0,22.0,119.0,,,,
2025-04-09 03:22:00 UTC,Orange,700.0,,225.0,22.0,129.0,,,,
2025-04-09 02:47:00 UTC,Orange,700.0,,225.0,22.0,132.0,,,,
2025-04-09 02:06:00 UTC,Orange,400.0,,225.0,21.0,101.0,,,,
2025-04-08 01:58:00 UTC,Orange,400.0,,225.0,21.0,115.0,,,,
2025-04-08 01:49:00 UTC,Orange,600.0,,225.0,22.0,121.0,,,,
2025-04-08 01:47:00 UTC,Orange,400.0,,225.0,21.0,89.0,,,,
2025-04-07 01:22:00 UTC,Orange,800.0,,337.5,22.0,105.0,,,,
2025-04-06 22:41:00 UTC,Orange,800.0,,0.0,22.0,170.0,,,,
2025-04-06 19:10:00 UTC,Orange,500.0,,0.0,22.0,128.0,,,,
2025-04-06 17:23:00 UTC,Orange,600.0,,0.0,22.0,171.0,,,,
2025-04-06 15:09:00 UTC,Orange,500.0,,0.0,22.0,107.0,,,,
2025-04-06 13:24:00 UTC,Orange,700.0,,22.500000000000004,22.0,111.0,,,,
2025-04-06 00:43:00 UTC,Orange,600.0,,0.0,23.0,114.0,,,,
2025-04-05 19:20:00 UTC,Orange,500.0,,0.0,22.0,175.0,,,,
2025-04-05 17:42:00 UTC,Orange,500.0,,0.0,22.0,181.0,,,,
2025-04-05 02:03:00 UTC,Orange,800.0,,67.5,22.0,132.0,,,,
2025-04-05 00:50:00 UTC,Orange,900.0,,67.5,21.0,115.0,,,,
2025-04-04 20:57:00 UTC,Orange,800.0,,0.0,22.0,110.0,,,,
2025-04-04 19:05:00 UTC,Orange,600.0,,0.0,22.0,107.0,,,,
2025-04-04 17:53:00 UTC,Orange,600.0,,22.500000000000004,22.0,109.0,,,,
2025-04-04 01:23:00 UTC,Orange,800.0,,45.0,21.0,126.0,,,,
2025-04-04 00:15:00 UTC,Orange,500.0,,22.500000000000004,22.0,137.0,,,,
2025-04-03 23:28:00 UTC,Orange,700.0,,45.0,21.0,138.0,,,,
2025-04-03 22:00:00 UTC,Orange,800.0,,45.0,24.0,160.0,,,,
2025-04-03 21:03:00 UTC,Orange,800.0,,0.0,22.0,137.0,,,,
2025-04-03 15:39:00 UTC,Orange,700.0,,67.5,22.0,142.0,,,,
2025-04-03 00:09:00 UTC,Orange,900.0,,112.5,22.0,144.0,,,,
2025-04-01 22:33:00 UTC,Orange,700.0,,180.0,22.0,245.0,,,,
2025-04-01 20:53:00 UTC,Orange,700.0,,180.0,22.0,170.0,,,,
2025-04-01 13:26:00 UTC,Orange,800.0,,0.0,22.0,124.0,,,,
2025-04-01 00:00:00 UTC,Orange,700.0,,90.0,22.0,135.0,,,,
2025-03-31 18:03:00 UTC,Orange,400.0,,0.0,21.0,110.0,,,,
2025-03-31 17:39:00 UTC,Orange,600.0,,0.0,22.0,125.0,,,,
2025-03-31 01:01:00 UTC,Orange,300.0,,90.0,22.0,119.0,,,,
2025-03-30 23:47:00 UTC,Orange,500.0,,45.0,22.0,116.0,,,,
2025-03-30 23:04:00 UTC,Orange,800.0,,67.5,22.0,129.0,,,,
2025-03-30 22:15:00 UTC,Orange,400.0,,67.5,22.0,141.0,,,,
2025-03-30 21:14:00 UTC,Orange,800.0,,45.0,22.0,156.0,,,,
2025-03-30 18:04:00 UTC,Orange,800.0,,67.5,23.0,164.0,,,,
2025-03-30 16:43:00 UTC,Orange,500.0,,0.0,22.0,123.0,,,,
2025-03-30 16:39:00 UTC,Orange,600.0,,0.0,22.0,122.0,,,,
2025-03-30 15:49:00 UTC,Orange,600.0,,0.0,22.0,116.0,,,,
2025-03-30 15:12:00 UTC,Orange,400.0,,0.0,21.0,103.0,,,,
2025-03-30 14:36:00 UTC,Orange,500.0,,0.0,21.0,118.0,,,,
2025-03-29 23:43:00 UTC,Orange,600.0,,22.500000000000004,22.0,125.0,,,,
2025-03-29 22:06:00 UTC,Orange,200.0,,0.0,22.0,102.0,,,,
2025-03-29 20:07:00 UTC,Orange,700.0,,45.0,22.0,167.0,,,,
2025-03-29 01:06:00 UTC,Orange,500.0,,45.0,23.0,148.0,,,,
2025-03-28 23:44:00 UTC,Orange,600.0,,45.0,22.0,143.0,,,,
2025-03-28 21:52:00 UTC,Orange,800.0,,180.0,22.0,138.0,,,,
2025-03-28 21:46:00 UTC,Orange,800.0,,180.0,22.0,174.0,,,,
2025-03-27 23:03:00 UTC,Orange,700.0,,22.500000000000004,22.0,162.0,,,,
2025-03-27 22:48:00 UTC,Orange,400.0,,45.0,22.0,123.0,,,,
2025-03-27 19:31:00 UTC,Orange,400.0,,45.0,22.0,159.0,,,,
2025-03-27 15:31:00 UTC,Orange,400.0,,45.0,22.0,119.0,,,,
2025-03-26 23:43:00 UTC,Orange,500.0,,67.5,20.0,110.0,,,,
2025-03-26 18:31:00 UTC,Orange,400.0,,0.0,21.0,115.0,,,,
2025-03-26 08:38:00 UTC,Orange,500.0,,45.0,20.0,108.0,,,,
2025-03-26 00:33:00 UTC,Orange,500.0,,45.0,22.0,125.0,,,,
2025-03-26 00:02:00 UTC,Orange,600.0,,0.0,22.0,119.0,,,,
2025-03-25 21:20:00 UTC,Orange,300.0,,45.0,22.0,124.0,,,,
2025-03-21 01:10:00 UTC,Orange,300.0,,45.0,21.0,113.0,,,,
2025-03-20 00:27:00 UTC,Orange,300.0,,0.0,22.0,122.0,,,,
2025-03-19 22:31:00 UTC,Orange,400.0,,22.500000000000004,20.0,118.0,,,,
2025-03-18 17:16:00 UTC,Orange,900.0,,0.0,22.0,163.0,,,,
2025-03-17 22:37:00 UTC,Orange,1000.0,,22.500000000000004,22.0,179.0,,,,
2025-03-17 21:50:00 UTC,Orange,500.0,,22.500000000000004,22.0,138.0,,,,
2025-03-17 16:16:00 UTC,Orange,900.0,,45.0,21.0,142.0,,,,
2025-03-17 13:35:00 UTC,Orange,1000.0,,22.500000000000004,22.0,157.0,,,,
2025-03-17 13:03:00 UTC,Orange,800.0,,45.0,21.0,143.0,,,,
2025-03-17 09:30:00 UTC,Orange,800.0,,225.0,22.0,128.0,,,,
2025-03-17 01:11:00 UTC,Orange,1000.0,,225.0,22.0,127.0,,,,
2025-03-17 00:56:00 UTC,Orange,900.0,,135.0,22.0,125.0,,,,
2025-03-16 23:17:00 UTC,Orange,800.0,,157.5,22.0,135.0,,,,
2025-03-16 22:38:00 UTC,Orange,700.0,,157.5,22.0,160.0,,,,
2025-03-16 19:38:00 UTC,Orange,500.0,,180.0,22.0,130.0,,,,
2025-03-16 15:24:00 UTC,Orange,800.0,,225.0,21.0,144.0,,,,
2025-03-16 14:54:00 UTC,Orange,1000.0,,225.0,22.0,111.0,,,,
2025-03-16 14:00:00 UTC,Orange,700.0,,225.0,21.0,132.0,,,,
2025-03-16 12:38:00 UTC,Orange,900.0,,202.49999999999997,22.0,137.0,,,,
2025-03-15 21:31:00 UTC,Orange,500.0,,225.0,22.0,120.0,,,,
2025-03-15 18:57:00 UTC,Orange,500.0,,225.0,22.0,129.0,,,,
2025-03-15 13:19:00 UTC,Orange,900.0,,315.0,23.0,122.0,,,,
2025-03-15 12:27:00 UTC,Orange,900.0,,315.0,23.0,133.0,,,,
2025-03-15 09:02:00 UTC,Orange,1200.0,,22.500000000000004,22.0,125.0,,,,
2025-03-14 23:50:00 UTC,Orange,500.0,,247.5,22.0,114.0,,,,
2025-03-14 23:12:00 UTC,Orange,700.0,,247.5,22.0,134.0,,,,
2025-03-14 20:40:00 UTC,Orange,500.0,,0.0,22.0,140.0,,,,
2025-03-14 19:17:00 UTC,Orange,800.0,,22.500000000000004,22.0,184.0,,,,
2025-03-14 14:22:00 UTC,Orange,500.0,,225.0,22.0,165.0,,,,
2025-03-14 00:43:00 UTC,Orange,700.0,,0.0,22.0,130.0,,,,
2025-03-13 21:45:00 UTC,Orange,600.0,,225.0,22.0,120.0,,,,
2025-03-13 17:50:00 UTC,Orange,700.0,,180.0,22.0,110.0,,,,
2025-03-13 12:35:00 UTC,Orange,500.0,,45.0,22.0,135.0,,,,
2025-03-12 23:56:00 UTC,Orange,600.0,,0.0,22.0,121.0,,,,
2025-03-12 23:42:00 UTC,Orange,700.0,,0.0,22.0,119.0,,,,
2025-03-12 23:37:00 UTC,Orange,500.0,,0.0,21.0,115.0,,,,
2025-03-12 22:40:00 UTC,Orange,900.0,,225.0,22.0,155.0,,,,
2025-03-11 22:49:00 UTC,Orange,1000.0,,67.5,22.0,126.0,,,,
2025-03-11 22:04:00 UTC,Orange,700.0,,45.0,22.0,118.0,,,,
2025-03-11 20:01:00 UTC,Orange,500.0,,157.5,22.0,118.0,,,,
2025-03-11 18:51:00 UTC,Orange,600.0,,135.0,22.0,130.0,,,,
2025-03-11 16:43:00 UTC,Orange,600.0,,225.0,22.0,119.0,,,,
2025-03-11 16:10:00 UTC,Orange,700.0,,180.0,22.0,125.0,,,,
2025-03-11 15:47:00 UTC,Orange,500.0,,225.0,22.0,122.0,,,,
2025-03-11 01:34:00 UTC,Orange,500.0,,0.0,21.0,115.0,,,,
2025-03-11 01:13:00 UTC,Orange,500.0,,45.0,21.0,118.0,,,,
2025-03-11 00:47:00 UTC,Orange,500.0,,45.0,21.0,102.0,,,,
2025-03-10 23:39:00 UTC,Orange,200.0,,45.0,22.0,109.0,,,,
2025-03-10 18:19:00 UTC,Orange,700.0,,135.0,22.0,144.0,,,,
2025-03-10 16:54:00 UTC,Orange,200.0,,135.0,22.0,121.0,,,,
2025-03-10 16:37:00 UTC,Orange,400.0,,135.0,20.0,90.0,,,,
2025-03-10 13:01:00 UTC,Orange,400.0,,180.0,21.0,99.0,,,,
2025-03-09 23:16:00 UTC,Orange,900.0,,202.49999999999997,22.0,113.0,,,,
2025-03-09 22:22:00 UTC,Orange,1000.0,,180.0,22.0,126.0,,,,
2025-03-09 21:30:00 UTC,Orange,1000.0,,180.0,22.0,129.0,,,,
2025-03-09 21:07:00 UTC,Orange,1000.0,,180.0,22.0,128.0,,,,
2025-03-09 20:15:00 UTC,Orange,1100.0,,180.0,22.0,127.0,,,,
2025-03-09 19:43:00 UTC,Orange,1000.0,,180.0,22.0,125.0,,,,
2025-03-09 19:33:00 UTC,Orange,700.0,,180.0,22.0,122.0,,,,
2025-03-09 19:04:00 UTC,Orange,1000.0,,180.0,22.0,125.0,,,,
2025-03-09 18:04:00 UTC,Orange,400.0,,180.0,20.0,99.0,,,,
2025-03-09 17:54:00 UTC,Orange,600.0,,180.0,21.0,115.0,,,,
2025-03-09 09:46:00 UTC,Orange,400.0,,225.0,22.0,106.0,,,,
2025-03-09 08:53:00 UTC,Orange,700.0,,202.49999999999997,22.0,102.0,,,,
2025-03-09 01:27:00 UTC,Orange,500.0,,180.0,21.0,116.0,,,,
2025-03-09 00:26:00 UTC,Orange,1300.0,,180.0,22.0,126.0,,,,
2025-03-08 23:24:00 UTC,Orange,900.0,,180.0,22.0,121.0,,,,
2025-03-08 21:13:00 UTC,Orange,400.0,,180.0,22.0,177.0,,,,
2025-03-08 18:39:00 UTC,Orange,300.0,,180.0,22.0,166.0,,,,
2025-03-08 15:28:00 UTC,Orange,600.0,,225.0,22.0,105.0,,,,
2025-03-08 13:25:00 UTC,Orange,500.0,,225.0,22.0,135.0,,,,
2025-03-08 10:58:00 UTC,Orange,400.0,,180.0,21.0,101.0,,,,
2025-03-08 10:32:00 UTC,Orange,700.0,,180.0,22.0,121.0,,,,
2025-03-08 01:22:00 UTC,Orange,700.0,,202.49999999999997,22.0,176.0,,,,
2025-03-08 01:06:00 UTC,Orange,600.0,,225.0,22.0,178.0,,,,
2025-03-07 22:51:00 UTC,Orange,600.0,,225.0,22.0,122.0,,,,
2025-03-07 21:56:00 UTC,Orange,500.0,,180.0,22.0,100.0,,,,
2025-03-07 19:29:00 UTC,Orange,700.0,,225.0,22.0,106.0,,,,
2025-03-07 18:26:00 UTC,Orange,500.0,,225.0,22.0,119.0,,,,
2025-03-07 18:04:00 UTC,Orange,400.0,,225.0,22.0,102.0,,,,
2025-03-07 16:45:00 UTC,Orange,400.0,,225.0,22.0,103.0,,,,
2025-03-07 15:15:00 UTC,Orange,500.0,,225.0,22.0,139.0,,,,
2025-03-06 23:33:00 UTC,Orange,600.0,,270.0,22.0,114.0,,,,
2025-03-06 22:19:00 UTC,Orange,800.0,,0.0,21.0,114.0,,,,
2025-03-06 21:34:00 UTC,Orange,1200.0,,0.0,22.0,128.0,,,,
2025-03-06 19:57:00 UTC,Orange,700.0,,0.0,21.0,99.0,,,,
2025-03-06 19:33:00 UTC,Orange,600.0,,0.0,21.0,101.0,,,,
2025-03-06 19:25:00 UTC,Orange,500.0,,0.0,21.0,105.0,,,,
2025-03-06 18:35:00 UTC,Orange,300.0,,0.0,20.0,63.0,,,,
2025-03-06 18:23:00 UTC,Orange,300.0,,0.0,20.0,62.0,,,,
2025-03-06 18:04:00 UTC,Orange,500.0,,225.0,21.0,101.0,,,,
2025-03-06 17:38:00 UTC,Orange,1100.0,,225.0,22.0,127.0,,,,
2025-03-06 16:39:00 UTC,Orange,1000.0,,225.0,22.0,291.0,,,,
2025-03-06 00:20:00 UTC,Orange,200.0,,225.0,20.0,61.0,,,,
2025-03-05 23:57:00 UTC,Orange,1100.0,,225.0,22.0,122.0,,,,
2025-03-05 17:56:00 UTC,Orange,500.0,,225.0,22.0,122.0,,,,
2025-03-05 10:15:00 UTC,Orange,400.0,,225.0,22.0,123.0,,,,
2025-03-05 01:50:00 UTC,Orange,500.0,,225.0,22.0,115.0,,,,
2025-03-04 18:53:00 UTC,Orange,200.0,,270.0,22.0,110.0,,,,
2025-03-04 09:43:00 UTC,Orange,400.0,,225.0,22.0,121.0,,,,
2025-03-03 00:23:00 UTC,Orange,500.0,,315.0,22.0,120.0,,,,
2025-03-02 23:30:00 UTC,Orange,500.0,,0.0,22.0,126.0,,,,
2025-03-02 23:13:00 UTC,Orange,700.0,,225.0,22.0,139.0,,,,
2025-03-02 19:43:00 UTC,Orange,700.0,,0.0,22.0,172.0,,,,
2025-03-01 17:31:00 UTC,Orange,300.0,,270.0,20.0,67.0,,,,
2025-03-01 15:46:00 UTC,Orange,500.0,,315.0,22.0,120.0,,,,
2025-03-01 13:17:00 UTC,Orange,800.0,,337.5,23.0,134.0,,,,
2025-03-01 12:53:00 UTC,Orange,800.0,,292.5,22.0,124.0,,,,
2025-03-01 01:12:00 UTC,Orange,700.0,,270.0,22.0,126.0,,,,
2025-02-28 18:17:00 UTC,Orange,1000.0,,225.0,22.0,123.0,,,,
2025-02-28 16:43:00 UTC,Orange,800.0,,247.5,22.0,121.0,,,,
2025-02-28 15:48:00 UTC,Orange,600.0,,225.0,21.0,135.0,,,,
2025-02-28 15:15:00 UTC,Orange,700.0,,225.0,22.0,143.0,,,,
2025-02-28 14:20:00 UTC,Orange,900.0,,225.0,23.0,147.0,,,,
2025-02-28 08:45:00 UTC,Orange,1300.0,,0.0,22.0,137.0,,,,
2025-02-27 18:06:00 UTC,Orange,500.0,,247.5,22.0,124.0,,,,
2025-02-27 16:09:00 UTC,Orange,800.0,,315.0,22.0,140.0,,,,
2025-02-27 15:18:00 UTC,Orange,700.0,,270.0,21.0,110.0,,,,
2025-02-27 14:22:00 UTC,Orange,700.0,,315.0,22.0,152.0,,,,
2025-02-27 11:26:00 UTC,Orange,900.0,,315.0,22.0,172.0,,,,
2025-02-27 10:00:00 UTC,Orange,700.0,,225.0,22.0,100.0,,,,
2025-02-26 23:15:00 UTC,Orange,1200.0,,225.0,22.0,139.0,,,,
2025-02-26 21:19:00 UTC,Orange,600.0,,270.0,22.0,118.0,,,,
2025-02-26 20:43:00 UTC,Orange,600.0,,202.49999999999997,22.0,126.0,,,,
2025-02-26 18:44:00 UTC,Orange,700.0,,225.0,23.0,147.0,,,,
2025-02-26 16:05:00 UTC,Orange,700.0,,225.0,20.0,159.0,,,,
2025-02-26 15:19:00 UTC,Orange,1000.0,,247.5,22.0,161.0,,,,
2025-02-26 14:16:00 UTC,Orange,600.0,,225.0,21.0,117.0,,,,
2025-02-26 13:40:00 UTC,Orange,700.0,,270.0,22.0,146.0,,,,
2025-02-26 10:30:00 UTC,Orange,1100.0,,0.0,22.0,136.0,,,,
2025-02-25 22:30:00 UTC,Orange,800.0,,337.5,22.0,140.0,,,,
2025-02-25 21:39:00 UTC,Orange,700.0,,337.5,23.0,133.0,,,,
2025-02-25 17:23:00 UTC,Orange,700.0,,225.0,21.0,141.0,,,,
2025-02-25 16:33:00 UTC,Orange,900.0,,225.0,22.0,133.0,,,,
2025-02-25 16:16:00 UTC,Orange,800.0,,225.0,22.0,126.0,,,,
2025-02-24 16:01:00 UTC,Orange,500.0,,225.0,22.0,128.0,,,,
2025-02-23 22:43:00 UTC,Orange,900.0,,0.0,22.0,133.0,,,,
2025-02-23 18:21:00 UTC,Orange,600.0,,0.0,22.0,123.0,,,,
2025-02-23 00:27:00 UTC,Orange,900.0,,225.0,22.0,114.0,,,,
2025-02-22 14:48:00 UTC,Orange,700.0,,225.0,22.0,124.0,,,,
2025-02-22 14:13:00 UTC,Orange,300.0,,225.0,20.0,88.0,,,,
2025-02-22 13:45:00 UTC,Orange,500.0,,225.0,21.0,110.0,,,,
2025-02-22 13:30:00 UTC,Orange,600.0,,225.0,22.0,125.0,,,,
2025-02-22 12:18:00 UTC,Orange,600.0,,225.0,21.0,118.0,,,,
2025-02-22 10:48:00 UTC,Orange,500.0,,90.0,18.0,78.0,,,,
2025-02-21 22:35:00 UTC,Orange,700.0,,135.0,22.0,145.0,,,,
2025-02-21 22:24:00 UTC,Orange,800.0,,157.5,22.0,133.0,,,,
2025-02-21 19:12:00 UTC,Orange,800.0,,67.5,22.0,134.0,,,,
2025-02-21 17:59:00 UTC,Orange,900.0,,67.5,22.0,195.0,,,,
2025-02-21 16:34:00 UTC,Orange,600.0,,45.0,22.0,100.0,,,,
2025-02-21 09:21:00 UTC,Orange,700.0,,90.0,22.0,132.0,,,,
2025-02-21 01:01:00 UTC,Orange,1000.0,,112.5,23.0,126.0,,,,
2025-02-20 23:58:00 UTC,Orange,900.0,,112.5,22.0,135.0,,,,
2025-02-20 23:16:00 UTC,Orange,800.0,,135.0,22.0,118.0,,,,
2025-02-20 19:45:00 UTC,Orange,1000.0,,22.500000000000004,22.0,154.0,,,,
2025-02-20 17:59:00 UTC,Orange,300.0,,22.500000000000004,22.0,113.0,,,,
2025-02-20 17:49:00 UTC,Orange,700.0,,0.0,22.0,103.0,,,,
2025-02-20 17:29:00 UTC,Orange,500.0,,0.0,22.0,137.0,,,,
2025-02-20 16:48:00 UTC,Orange,700.0,,0.0,22.0,184.0,,,,
2025-02-20 03:32:00 UTC,Orange,800.0,,112.5,22.0,113.0,,,,
2025-02-20 00:13:00 UTC,Orange,1000.0,,112.5,23.0,138.0,,,,
2025-02-19 23:26:00 UTC,Orange,800.0,,112.5,22.0,160.0,,,,
2025-02-19 22:44:00 UTC,Orange,1000.0,,157.5,22.0,160.0,,,,
2025-02-19 16:18:00 UTC,Orange,500.0,,157.5,22.0,135.0,,,,
2025-02-19 15:00:00 UTC,Orange,500.0,,157.5,22.0,125.0,,,,
2025-02-19 00:52:00 UTC,Orange,700.0,,157.5,22.0,173.0,,,,
2025-02-18 23:38:00 UTC,Orange,700.0,,157.5,22.0,164.0,,,,
2025-02-18 22:28:00 UTC,Orange,900.0,,180.0,22.0,125.0,,,,
2025-02-18 00:28:00 UTC,Orange,1000.0,,112.5,22.0,112.0,,,,
2025-02-17 23:07:00 UTC,Orange,800.0,,45.0,21.0,119.0,,,,
2025-02-17 22:20:00 UTC,Orange,800.0,,45.0,22.0,126.0,,,,
2025-02-17 17:38:00 UTC,Orange,500.0,,225.0,21.0,116.0,,,,
2025-02-17 16:52:00 UTC,Orange,600.0,,225.0,22.0,125.0,,,,
2025-02-17 13:21:00 UTC,Orange,500.0,,45.0,22.0,122.0,,,,
2025-02-15 22:34:00 UTC,Orange,500.0,,22.500000000000004,22.0,117.0,,,,
2025-02-15 19:40:00 UTC,Orange,500.0,,0.0,22.0,115.0,,,,
2025-02-15 15:41:00 UTC,Orange,700.0,,135.0,22.0,117.0,,,,
2025-02-15 00:42:00 UTC,Orange,500.0,,112.5,21.0,153.0,,,,
2025-02-15 00:02:00 UTC,Orange,600.0,,112.5,22.0,123.0,,,,
2025-02-14 19:34:00 UTC,Orange,700.0,,180.0,22.0,165.0,,,,
2025-02-14 19:07:00 UTC,Orange,500.0,,180.0,22.0,134.0,,,,
2025-02-14 15:14:00 UTC,Orange,800.0,,157.5,20.0,113.0,,,,
2025-02-14 01:03:00 UTC,Orange,500.0,,45.0,22.0,110.0,,,,
2025-02-13 22:57:00 UTC,Orange,600.0,,270.0,22.0,135.0,,,,
2025-02-13 21:52:00 UTC,Orange,1000.0,,270.0,22.0,163.0,,,,
2025-02-13 14:52:00 UTC,Orange,500.0,,22.500000000000004,22.0,161.0,,,,
2025-02-12 19:34:00 UTC,Orange,300.0,,0.0,22.0,128.0,,,,
2025-02-12 18:25:00 UTC,Orange,300.0,,0.0,22.0,118.0,,,,
2025-02-12 17:59:00 UTC,Orange,300.0,,0.0,22.0,202.0,,,,
2025-02-12 17:43:00 UTC,Orange,300.0,,0.0,22.0,147.0,,,,
2025-02-12 11:46:00 UTC,Orange,500.0,,22.500000000000004,22.0,138.0,,,,
2025-02-12 10:44:00 UTC,Orange,500.0,,0.0,22.0,108.0,,,,
2025-02-12 09:13:00 UTC,Orange,300.0,,45.0,22.0,163.0,,,,
2025-02-11 22:38:00 UTC,Orange,1000.0,,0.0,22.0,137.0,,,,
2025-02-11 14:07:00 UTC,Orange,200.0,,45.0,22.0,124.0,,,,
2025-02-11 13:08:00 UTC,Orange,200.0,,45.0,22.0,109.0,,,,
2025-02-11 02:05:00 UTC,Orange,800.0,,0.0,22.0,124.0,,,,
2025-02-11 01:48:00 UTC,Orange,900.0,,0.0,22.0,133.0,,,,
2025-02-11 01:11:00 UTC,Orange,700.0,,0.0,22.0,123.0,,,,
2025-02-11 00:56:00 UTC,Orange,800.0,,0.0,22.0,136.0,,,,
2025-02-11 00:11:00 UTC,Orange,700.0,,0.0,22.0,135.0,,,,
2025-02-09 15:37:00 UTC,Orange,300.0,,0.0,22.0,123.0,,,,
2025-02-08 19:08:00 UTC,Orange,500.0,,0.0,22.0,125.0,,,,
2025-02-08 18:12:00 UTC,Orange,600.0,,0.0,22.0,125.0,,,,
2025-02-08 17:33:00 UTC,Orange,500.0,,0.0,22.0,122.0,,,,
2025-02-08 17:29:00 UTC,Orange,600.0,,0.0,22.0,125.0,,,,
2025-02-08 17:24:00 UTC,Orange,700.0,,0.0,22.0,128.0,,,,
2025-02-08 04:05:00 UTC,Orange,600.0,,0.0,22.0,129.0,,,,
2025-02-07 22:41:00 UTC,Orange,400.0,,0.0,23.0,133.0,,,,
2025-02-07 00:18:00 UTC,Orange,800.0,,337.5,22.0,103.0,,,,
2025-02-06 19:17:00 UTC,Orange,700.0,,0.0,22.0,184.0,,,,
2025-02-06 18:27:00 UTC,Orange,500.0,,0.0,22.0,110.0,,,,
2025-02-06 18:02:00 UTC,Orange,700.0,,0.0,22.0,200.0,,,,
2025-02-06 17:36:00 UTC,Orange,500.0,,0.0,22.0,115.0,,,,
2025-02-06 16:06:00 UTC,Orange,900.0,,45.0,22.0,106.0,,,,
2025-02-06 14:42:00 UTC,Orange,600.0,,225.0,22.0,136.0,,,,
2025-02-06 12:48:00 UTC,Orange,500.0,,225.0,23.0,153.0,,,,
2025-02-06 00:26:00 UTC,Orange,400.0,,270.0,22.0,105.0,,,,
2025-02-03 10:29:00 UTC,Orange,100.0,,112.5,22.0,119.0,,,,
2025-02-01 22:15:00 UTC,Orange,600.0,,45.0,22.0,125.0,,,,
2025-01-31 00:59:00 UTC,Orange,500.0,,90.0,22.0,126.0,,,,
2025-01-30 00:46:00 UTC,Orange,500.0,,0.0,21.0,116.0,,,,
2025-01-30 00:15:00 UTC,Orange,600.0,,45.0,22.0,128.0,,,,
2025-01-29 23:26:00 UTC,Orange,700.0,,225.0,22.0,125.0,,,,
2025-01-29 18:26:00 UTC,Orange,500.0,,67.5,23.0,145.0,,,,
2025-01-28 23:24:00 UTC,Orange,400.0,,135.0,20.0,101.0,,,,
2025-01-28 23:05:00 UTC,Orange,800.0,,135.0,22.0,102.0,,,,
2025-01-28 22:37:00 UTC,Orange,700.0,,22.500000000000004,22.0,119.0,,,,
2025-01-28 21:48:00 UTC,Orange,800.0,,67.5,16.0,108.0,,,,
2025-01-28 19:41:00 UTC,Orange,1000.0,,67.5,23.0,144.0,,,,
2025-01-28 18:52:00 UTC,Orange,1000.0,,67.5,22.0,167.0,,,,
2025-01-28 17:43:00 UTC,Orange,700.0,,45.0,22.0,149.0,,,,
2025-01-28 16:57:00 UTC,Orange,1000.0,,225.0,22.0,128.0,,,,
2025-01-28 12:41:00 UTC,Orange,500.0,,225.0,22.0,115.0,,,,
2025-01-28 12:22:00 UTC,Orange,500.0,,0.0,22.0,118.0,,,,
2025-01-28 01:48:00 UTC,Orange,800.0,,67.5,22.0,110.0,,,,
2025-01-28 00:35:00 UTC,Orange,800.0,,67.5,22.0,119.0,,,,
2025-01-28 00:11:00 UTC,Orange,800.0,,45.0,21.0,124.0,,,,
2025-01-27 23:20:00 UTC,Orange,1000.0,,112.5,21.0,181.0,,,,
2025-01-27 21:53:00 UTC,Orange,800.0,,270.0,22.0,189.0,,,,
2025-01-27 18:09:00 UTC,Orange,600.0,,0.0,22.0,119.0,,,,
2025-01-27 15:29:00 UTC,Orange,500.0,,135.0,22.0,190.0,,,,
2025-01-27 13:40:00 UTC,Orange,1200.0,,157.5,22.0,130.0,,,,
2025-01-27 12:30:00 UTC,Orange,700.0,,22.500000000000004,22.0,128.0,,,,
2025-01-27 12:07:00 UTC,Orange,500.0,,0.0,13.0,80.0,,,,
2025-01-27 09:29:00 UTC,Orange,900.0,,0.0,22.0,177.0,,,,
2025-01-27 08:11:00 UTC,Orange,800.0,,0.0,22.0,121.0,,,,
2025-01-26 22:32:00 UTC,Orange,400.0,,0.0,20.0,110.0,,,,
2025-01-26 22:24:00 UTC,Orange,1000.0,,0.0,22.0,123.0,,,,
2025-01-26 17:59:00 UTC,Orange,400.0,,0.0,19.0,84.0,,,,
2025-01-26 17:24:00 UTC,Orange,500.0,,225.0,22.0,116.0,,,,
2025-01-26 09:00:00 UTC,Orange,400.0,,0.0,22.0,108.0,,,,
2025-01-26 00:33:00 UTC,Orange,700.0,,270.0,22.0,123.0,,,,
2025-01-26 00:30:00 UTC,Orange,700.0,,270.0,21.0,124.0,,,,
2025-01-25 23:39:00 UTC,Orange,500.0,,270.0,20.0,89.0,,,,
2025-01-25 22:37:00 UTC,Orange,900.0,,0.0,22.0,128.0,,,,
2025-01-25 18:40:00 UTC,Orange,600.0,,225.0,21.0,101.0,,,,
2025-01-25 01:23:00 UTC,Orange,1000.0,,225.0,23.0,133.0,,,,
2025-01-24 23:28:00 UTC,Orange,700.0,,225.0,21.0,110.0,,,,
2025-01-24 21:02:00 UTC,Orange,500.0,,225.0,22.0,130.0,,,,
2025-01-24 19:07:00 UTC,Orange,500.0,,225.0,22.0,102.0,,,,
2025-01-24 18:13:00 UTC,Orange,700.0,,225.0,22.0,112.0,,,,
2025-01-24 15:17:00 UTC,Orange,600.0,,247.5,16.0,99.0,,,,
2025-01-24 14:15:00 UTC,Orange,700.0,,225.0,21.0,134.0,,,,
2025-01-24 13:41:00 UTC,Orange,600.0,,202.49999999999997,22.0,134.0,,,,
2025-01-24 12:57:00 UTC,Orange,900.0,,247.5,22.0,156.0,,,,
2025-01-24 11:10:00 UTC,Orange,700.0,,225.0,22.0,140.0,,,,
2025-01-24 10:03:00 UTC,Orange,500.0,,225.0,22.0,102.0,,,,
2025-01-24 01:42:00 UTC,Orange,700.0,,225.0,21.0,136.0,,,,
2025-01-24 01:13:00 UTC,Orange,900.0,,225.0,22.0,134.0,,,,
2025-01-23 23:35:00 UTC,Orange,800.0,,247.5,22.0,126.0,,,,
2025-01-23 22:15:00 UTC,Orange,700.0,,270.0,22.0,154.0,,,,
2025-01-23 21:12:00 UTC,Orange,600.0,,225.0,22.0,148.0,,,,
2025-01-23 16:11:00 UTC,Orange,600.0,,202.49999999999997,22.0,122.0,,,,
2025-01-23 14:26:00 UTC,Orange,600.0,,180.0,22.0,117.0,,,,
2025-01-23 12:59:00 UTC,Orange,800.0,,225.0,21.0,142.0,,,,
2025-01-23 09:12:00 UTC,Orange,800.0,,247.5,22.0,124.0,,,,
2025-01-23 00:20:00 UTC,Orange,600.0,,67.5,21.0,118.0,,,,
2025-01-22 03:42:00 UTC,Orange,700.0,,45.0,22.0,140.0,,,,
2025-01-22 03:20:00 UTC,Orange,800.0,,45.0,22.0,128.0,,,,
2025-01-22 03:02:00 UTC,Orange,500.0,,45.0,22.0,108.0,,,,
2025-01-19 16:33:00 UTC,Orange,600.0,,90.0,23.0,138.0,,,,
2025-01-18 22:15:00 UTC,Orange,300.0,,67.5,23.0,131.0,,,,
2025-01-18 18:20:00 UTC,Orange,700.0,,45.0,22.0,142.0,,,,
2025-01-18 17:42:00 UTC,Orange,500.0,,45.0,21.0,131.0,,,,
2025-01-18 00:44:00 UTC,Orange,800.0,,112.5,22.0,120.0,,,,
2025-01-17 23:52:00 UTC,Orange,500.0,,90.0,22.0,111.0,,,,
2025-01-17 18:00:00 UTC,Orange,500.0,,45.0,22.0,118.0,,,,
2025-01-17 16:46:00 UTC,Orange,700.0,,22.500000000000004,22.0,159.0,,,,
2025-01-17 12:24:00 UTC,Orange,500.0,,22.500000000000004,21.0,116.0,,,,
2025-01-17 12:09:00 UTC,Orange,400.0,,45.0,22.0,137.0,,,,
2025-01-17 10:26:00 UTC,Orange,600.0,,0.0,22.0,124.0,,,,
2025-01-17 01:08:00 UTC,Orange,800.0,,45.0,22.0,109.0,,,,
2025-01-17 00:16:00 UTC,Orange,500.0,,45.0,21.0,99.0,,,,
2025-01-16 19:41:00 UTC,Orange,500.0,,135.0,22.0,145.0,,,,
2025-01-16 17:31:00 UTC,Orange,500.0,,135.0,22.0,115.0,,,,
2025-01-16 16:30:00 UTC,Orange,400.0,,135.0,20.0,117.0,,,,
2025-01-16 13:54:00 UTC,Orange,500.0,,45.0,22.0,117.0,,,,
2025-01-16 02:39:00 UTC,Orange,1000.0,,90.0,22.0,140.0,,,,
2025-01-16 01:40:00 UTC,Orange,700.0,,90.0,21.0,103.0,,,,
2025-01-16 00:06:00 UTC,Orange,900.0,,112.5,22.0,114.0,,,,
2025-01-15 23:08:00 UTC,Orange,600.0,,90.0,20.0,118.0,,,,
2025-01-15 22:58:00 UTC,Orange,500.0,,0.0,21.0,113.0,,,,
2025-01-15 22:31:00 UTC,Orange,500.0,,0.0,20.0,99.0,,,,
2025-01-15 22:23:00 UTC,Orange,900.0,,0.0,22.0,131.0,,,,
2025-01-15 00:48:00 UTC,Orange,900.0,,157.5,22.0,97.0,,,,
2025-01-15 00:06:00 UTC,Orange,900.0,,157.5,22.0,110.0,,,,
2025-01-14 23:43:00 UTC,Orange,700.0,,180.0,20.0,99.0,,,,
2025-01-14 22:24:00 UTC,Orange,700.0,,202.49999999999997,22.0,165.0,,,,
2025-01-14 18:12:00 UTC,Orange,500.0,,225.0,22.0,132.0,,,,
2025-01-14 00:54:00 UTC,Orange,700.0,,225.0,22.0,110.0,,,,
2025-01-13 23:58:00 UTC,Orange,500.0,,202.49999999999997,20.0,98.0,,,,
2025-01-13 13:51:00 UTC,Orange,500.0,,202.49999999999997,21.0,136.0,,,,
2025-01-13 12:46:00 UTC,Orange,400.0,,180.0,22.0,132.0,,,,
2025-01-13 12:26:00 UTC,Orange,600.0,,180.0,22.0,103.0,,,,
2025-01-13 00:43:00 UTC,Orange,700.0,,22.500000000000004,21.0,117.0,,,,
2025-01-12 23:22:00 UTC,Orange,500.0,,112.5,21.0,107.0,,,,
2025-01-12 18:04:00 UTC,Orange,700.0,,157.5,22.0,127.0,,,,
2025-01-12 16:33:00 UTC,Orange,700.0,,90.0,22.0,117.0,,,,
2025-01-12 15:13:00 UTC,Orange,800.0,,67.5,21.0,140.0,,,,
2025-01-11 21:58:00 UTC,Orange,500.0,,22.500000000000004,22.0,144.0,,,,
2025-01-11 16:04:00 UTC,Orange,700.0,,67.5,22.0,126.0,,,,
2025-01-11 14:09:00 UTC,Orange,700.0,,67.5,21.0,121.0,,,,
2025-01-11 13:26:00 UTC,Orange,900.0,,67.5,22.0,162.0,,,,
2025-01-11 01:59:00 UTC,Orange,500.0,,45.0,20.0,123.0,,,,
2025-01-11 01:16:00 UTC,Orange,500.0,,45.0,22.0,111.0,,,,
2025-01-11 01:11:00 UTC,Orange,300.0,,22.500000000000004,22.0,75.0,,,,
2025-01-10 21:31:00 UTC,Orange,700.0,,0.0,22.0,118.0,,,,
2025-01-10 17:11:00 UTC,Orange,800.0,,0.0,22.0,129.0,,,,
2025-01-10 16:47:00 UTC,Orange,400.0,,0.0,21.0,105.0,,,,
2025-01-10 16:40:00 UTC,Orange,900.0,,0.0,22.0,128.0,,,,
2025-01-10 16:01:00 UTC,Orange,400.0,,0.0,20.0,88.0,,,,
2025-01-10 15:56:00 UTC,Orange,700.0,,0.0,21.0,110.0,,,,
2025-01-10 15:10:00 UTC,Orange,400.0,,0.0,20.0,92.0,,,,
2025-01-10 14:10:00 UTC,Orange,500.0,,0.0,21.0,101.0,,,,
2025-01-10 14:02:00 UTC,Orange,400.0,,0.0,20.0,89.0,,,,
2025-01-10 13:47:00 UTC,Orange,500.0,,0.0,21.0,99.0,,,,
2025-01-10 12:38:00 UTC,Orange,600.0,,0.0,21.0,108.0,,,,
2025-01-10 11:18:00 UTC,Orange,500.0,,45.0,22.0,125.0,,,,
2025-01-10 02:53:00 UTC,Orange,500.0,,22.500000000000004,22.0,136.0,,,,
2025-01-10 01:38:00 UTC,Orange,500.0,,22.500000000000004,22.0,102.0,,,,
2025-01-10 01:01:00 UTC,Orange,400.0,,0.0,22.0,100.0,,,,
2025-01-09 22:17:00 UTC,Orange,700.0,,22.500000000000004,22.0,190.0,,,,
2025-01-09 20:06:00 UTC,Orange,500.0,,22.500000000000004,22.0,156.0,,,,
2025-01-09 18:11:00 UTC,Orange,500.0,,22.500000000000004,22.0,141.0,,,,
2025-01-09 16:34:00 UTC,Orange,800.0,,45.0,22.0,125.0,,,,
2025-01-09 15:47:00 UTC,Orange,700.0,,22.500000000000004,22.0,126.0,,,,
2025-01-09 00:28:00 UTC,Orange,500.0,,22.500000000000004,22.0,115.0,,,,
2025-01-07 23:52:00 UTC,Orange,600.0,,45.0,22.0,115.0,,,,
2025-01-07 20:57:00 UTC,Orange,500.0,,225.0,22.0,122.0,,,,
2025-01-07 19:47:00 UTC,Orange,1000.0,,225.0,22.0,165.0,,,,
2025-01-07 15:46:00 UTC,Orange,600.0,,225.0,19.0,85.0,,,,
2025-01-07 15:41:00 UTC,Orange,400.0,,225.0,18.0,62.0,,,,
2025-01-07 14:31:00 UTC,Orange,500.0,,225.0,20.0,76.0,,,,
2025-01-07 14:07:00 UTC,Orange,600.0,,225.0,21.0,117.0,,,,
2025-01-07 13:52:00 UTC,Orange,300.0,,225.0,20.0,65.0,,,,
2025-01-06 19:06:00 UTC,Orange,600.0,,225.0,22.0,130.0,,,,
2025-01-06 13:19:00 UTC,Orange,600.0,,225.0,22.0,189.0,,,,
2025-01-06 11:50:00 UTC,Orange,500.0,,225.0,22.0,150.0,,,,
2025-01-06 10:54:00 UTC,Orange,400.0,,225.0,20.0,97.0,,,,
2025-01-06 09:42:00 UTC,Orange,1200.0,,225.0,22.0,133.0,,,,
2025-01-05 14:08:00 UTC,Orange,500.0,,0.0,22.0,156.0,,,,
2025-01-05 00:35:00 UTC,Orange,400.0,,0.0,22.0,104.0,,,,
2025-01-05 00:15:00 UTC,Orange,500.0,,0.0,22.0,141.0,,,,
2025-01-04 23:10:00 UTC,Orange,800.0,,0.0,22.0,145.0,,,,
2025-01-04 18:49:00 UTC,Orange,500.0,,22.500000000000004,22.0,120.0,,,,
2025-01-04 16:01:00 UTC,Orange,500.0,,0.0,21.0,99.0,,,,
2025-01-04 13:15:00 UTC,Orange,700.0,,0.0,2.0,122.0,,,,
2025-01-04 12:27:00 UTC,Orange,700.0,,0.0,22.0,127.0,,,,
2025-01-03 22:39:00 UTC,Orange,700.0,,0.0,22.0,128.0,,,,
2025-01-03 18:48:00 UTC,Orange,500.0,,0.0,20.0,101.0,,,,
2025-01-03 18:08:00 UTC,Orange,500.0,,0.0,20.0,99.0,,,,
2025-01-03 17:33:00 UTC,Orange,600.0,,0.0,21.0,110.0,,,,
2025-01-03 14:50:00 UTC,Orange,500.0,,22.500000000000004,22.0,160.0,,,,
2025-01-03 05:20:00 UTC,Orange,600.0,,45.0,22.0,124.0,,,,
2025-01-03 01:46:00 UTC,Orange,400.0,,0.0,19.0,67.0,,,,
2025-01-03 01:37:00 UTC,Orange,400.0,,0.0,19.0,57.0,,,,
2025-01-03 00:03:00 UTC,Orange,700.0,,0.0,21.0,115.0,,,,
2025-01-02 23:49:00 UTC,Orange,700.0,,0.0,22.0,124.0,,,,
2025-01-02 23:12:00 UTC,Orange,600.0,,0.0,21.0,117.0,,,,
2025-01-02 23:01:00 UTC,Orange,600.0,,0.0,21.0,123.0,,,,
2025-01-02 22:54:00 UTC,Orange,500.0,,0.0,22.0,142.0,,,,
2025-01-02 17:24:00 UTC,Orange,800.0,,0.0,22.0,166.0,,,,
2025-01-02 14:49:00 UTC,Orange,700.0,,0.0,22.0,172.0,,,,
2025-01-02 13:00:00 UTC,Orange,500.0,,225.0,22.0,120.0,,,,
2025-01-02 10:50:00 UTC,Orange,700.0,,0.0,22.0,124.0,,,,
2025-01-02 01:51:00 UTC,Orange,1200.0,,0.0,22.0,129.0,,,,
2025-01-02 00:57:00 UTC,Orange,500.0,,225.0,21.0,99.0,,,,
2024-12-31 22:20:00 UTC,Orange,500.0,,225.0,22.0,127.0,,,,
2024-12-31 16:47:00 UTC,Orange,600.0,,225.0,17.0,125.0,,,,
2024-12-30 21:34:00 UTC,Orange,800.0,,90.0,21.0,125.0,,,,
2024-12-30 20:02:00 UTC,Orange,900.0,,90.0,22.0,164.0,,,,
2024-12-30 17:58:00 UTC,Orange,900.0,,135.0,22.0,168.0,,,,
2024-12-27 22:21:00 UTC,Orange,700.0,,0.0,21.0,125.0,,,,
2024-12-27 20:06:00 UTC,Orange,400.0,,0.0,19.0,66.0,,,,
2024-12-27 17:40:00 UTC,Orange,700.0,,0.0,21.0,117.0,,,,
2024-12-27 16:04:00 UTC,Orange,500.0,,45.0,22.0,150.0,,,,
2024-12-26 23:04:00 UTC,Orange,800.0,,45.0,21.0,135.0,,,,
2024-12-26 05:21:00 UTC,Orange,800.0,,90.0,21.0,131.0,,,,
2024-12-25 23:19:00 UTC,Orange,1000.0,,45.0,22.0,128.0,,,,
2024-12-25 22:27:00 UTC,Orange,1100.0,,0.0,22.0,128.0,,,,
2024-12-25 21:58:00 UTC,Orange,600.0,,0.0,21.0,101.0,,,,
2024-12-25 16:57:00 UTC,Orange,800.0,,225.0,21.0,99.0,,,,
2024-12-25 16:54:00 UTC,Orange,400.0,,225.0,20.0,78.0,,,,
2024-12-25 15:02:00 UTC,Orange,900.0,,225.0,2.0,126.0,,,,
2024-12-25 13:07:00 UTC,Orange,700.0,,225.0,22.0,121.0,,,,
2024-12-25 13:02:00 UTC,Orange,500.0,,225.0,21.0,88.0,,,,
2024-12-25 10:29:00 UTC,Orange,800.0,,225.0,21.0,113.0,,,,
2024-12-25 09:48:00 UTC,Orange,1500.0,,45.0,22.0,120.0,,,,
2024-12-24 23:37:00 UTC,Orange,800.0,,22.500000000000004,22.0,108.0,,,,
2024-12-24 23:22:00 UTC,Orange,700.0,,45.0,20.0,103.0,,,,
2024-12-24 22:35:00 UTC,Orange,900.0,,90.0,22.0,123.0,,,,
2024-12-24 21:31:00 UTC,Orange,1000.0,,135.0,22.0,265.0,,,,
2024-12-24 19:27:00 UTC,Orange,1000.0,,45.0,22.0,217.0,,,,
2024-12-24 18:00:00 UTC,Orange,800.0,,45.0,22.0,133.0,,,,
2024-12-24 16:55:00 UTC,Orange,1000.0,,0.0,23.0,119.0,,,,
2024-12-24 12:55:00 UTC,Orange,900.0,,135.0,23.0,139.0,,,,
2024-12-24 10:41:00 UTC,Orange,800.0,,225.0,21.0,101.0,,,,
2024-12-24 10:09:00 UTC,Orange,700.0,,247.5,21.0,127.0,,,,
2024-12-24 06:44:00 UTC,Orange,700.0,,247.5,21.0,113.0,,,,
2024-12-23 21:44:00 UTC,Orange,900.0,,337.5,22.0,145.0,,,,
2024-12-23 18:19:00 UTC,Orange,700.0,,337.5,21.0,141.0,,,,
2024-12-23 17:09:00 UTC,Orange,900.0,,315.0,22.0,150.0,,,,
2024-12-23 15:53:00 UTC,Orange,1000.0,,225.0,22.0,123.0,,,,
2024-12-23 15:27:00 UTC,Orange,600.0,,270.0,22.0,125.0,,,,
2024-12-23 12:28:00 UTC,Orange,500.0,,315.0,21.0,127.0,,,,
2024-12-23 11:04:00 UTC,Orange,500.0,,292.5,21.0,124.0,,,,
2024-12-23 00:58:00 UTC,Orange,500.0,,337.5,22.0,124.0,,,,
2024-12-22 21:58:00 UTC,Orange,1000.0,,22.500000000000004,22.0,115.0,,,,
2024-12-22 20:19:00 UTC,Orange,800.0,,292.5,22.0,129.0,,,,
2024-12-22 19:47:00 UTC,Orange,700.0,,292.5,22.0,134.0,,,,
2024-12-22 18:32:00 UTC,Orange,600.0,,270.0,22.0,129.0,,,,
2024-12-22 16:01:00 UTC,Orange,600.0,,315.0,21.0,146.0,,,,
2024-12-22 15:16:00 UTC,Orange,700.0,,315.0,21.0,127.0,,,,
2024-12-22 14:24:00 UTC,Orange,500.0,,315.0,21.0,118.0,,,,
2024-12-21 00:23:00 UTC,Orange,700.0,,157.5,21.0,113.0,,,,
2024-12-20 23:48:00 UTC,Orange,700.0,,45.0,21.0,105.0,,,,
2024-12-19 14:21:00 UTC,Orange,500.0,,45.0,22.0,110.0,,,,
2024-12-18 22:17:00 UTC,Orange,900.0,,45.0,22.0,135.0,,,,
2024-12-18 20:48:00 UTC,Orange,800.0,,22.500000000000004,22.0,146.0,,,,
2024-12-18 20:39:00 UTC,Orange,700.0,,45.0,21.0,131.0,,,,
2024-12-18 10:27:00 UTC,Orange,600.0,,45.0,20.0,113.0,,,,
2024-12-18 09:30:00 UTC,Orange,800.0,,67.5,22.0,131.0,,,,
2024-12-17 21:02:00 UTC,Orange,400.0,,45.0,20.0,149.0,,,,
2024-12-16 23:09:00 UTC,Orange,1000.0,,45.0,22.0,135.0,,,,
2024-12-16 22:11:00 UTC,Orange,700.0,,45.0,21.0,122.0,,,,
2024-12-16 21:21:00 UTC,Orange,400.0,,45.0,20.0,127.0,,,,
2024-12-14 23:10:00 UTC,Orange,1000.0,,45.0,22.0,162.0,,,,
2024-12-14 22:18:00 UTC,Orange,900.0,,45.0,22.0,133.0,,,,
2024-12-14 22:01:00 UTC,Orange,400.0,,45.0,15.0,89.0,,,,
2024-12-14 20:44:00 UTC,Orange,1000.0,,90.0,22.0,130.0,,,,
2024-12-14 20:38:00 UTC,Orange,500.0,,45.0,22.0,154.0,,,,
2024-12-14 20:06:00 UTC,Orange,300.0,,45.0,22.0,148.0,,,,
2024-12-14 16:01:00 UTC,Orange,600.0,,45.0,20.0,117.0,,,,
2024-12-14 15:21:00 UTC,Orange,500.0,,45.0,20.0,131.0,,,,
2024-12-14 12:47:00 UTC,Orange,700.0,,45.0,20.0,122.0,,,,
2024-12-14 12:14:00 UTC,Orange,700.0,,45.0,20.0,122.0,,,,
2024-12-14 11:16:00 UTC,Orange,900.0,,67.5,22.0,152.0,,,,
2024-12-14 09:38:00 UTC,Orange,900.0,,270.0,22.0,154.0,,,,
2024-12-13 23:48:00 UTC,Orange,700.0,,67.5,22.0,140.0,,,,
2024-12-13 21:44:00 UTC,Orange,900.0,,157.5,22.0,113.0,,,,
2024-12-13 20:54:00 UTC,Orange,800.0,,0.0,22.0,125.0,,,,
2024-12-13 20:27:00 UTC,Orange,800.0,,0.0,22.0,92.0,,,,
2024-12-13 19:39:00 UTC,Orange,700.0,,67.5,22.0,125.0,,,,
2024-12-13 16:55:00 UTC,Orange,700.0,,22.500000000000004,22.0,106.0,,,,
2024-12-13 16:13:00 UTC,Orange,700.0,,112.5,21.0,109.0,,,,
2024-12-13 14:47:00 UTC,Orange,800.0,,112.5,20.0,107.0,,,,
2024-12-13 11:18:00 UTC,Orange,500.0,,45.0,21.0,144.0,,,,
2024-12-13 09:19:00 UTC,Orange,500.0,,45.0,22.0,123.0,,,,
2024-12-13 00:41:00 UTC,Orange,500.0,,45.0,20.0,90.0,,,,
2024-12-12 20:41:00 UTC,Orange,600.0,,22.500000000000004,22.0,165.0,,,,
2024-12-12 19:07:00 UTC,Orange,500.0,,22.500000000000004,22.0,117.0,,,,
2024-12-07 01:27:00 UTC,Orange,600.0,,45.0,22.0,116.0,,,,
2024-12-07 01:04:00 UTC,Orange,700.0,,45.0,22.0,121.0,,,,
2024-12-06 23:06:00 UTC,Orange,800.0,,45.0,22.0,118.0,,,,
2024-12-06 21:47:00 UTC,Orange,300.0,,270.0,14.0,134.0,,,,
2024-12-06 16:17:00 UTC,Orange,700.0,,337.5,22.0,129.0,,,,
2024-12-06 13:29:00 UTC,Orange,800.0,,180.0,22.0,116.0,,,,
2024-12-06 12:44:00 UTC,Orange,500.0,,225.0,21.0,109.0,,,,
2024-12-05 22:36:00 UTC,Orange,600.0,,225.0,21.0,102.0,,,,
2024-12-05 22:25:00 UTC,Orange,400.0,,225.0,19.0,75.0,,,,
2024-12-05 22:21:00 UTC,Orange,500.0,,225.0,20.0,84.0,,,,
2024-12-05 22:17:00 UTC,Orange,600.0,,225.0,21.0,110.0,,,,
2024-12-05 20:19:00 UTC,Orange,500.0,,180.0,22.0,150.0,,,,
2024-12-05 18:00:00 UTC,Orange,500.0,,202.49999999999997,22.0,115.0,,,,
2024-12-05 16:57:00 UTC,Orange,600.0,,225.0,22.0,115.0,,,,
2024-12-05 14:09:00 UTC,Orange,300.0,,225.0,21.0,96.0,,,,
2024-12-05 13:59:00 UTC,Orange,400.0,,225.0,21.0,98.0,,,,
2024-12-05 00:05:00 UTC,Orange,500.0,,270.0,22.0,113.0,,,,
2024-12-04 22:07:00 UTC,Orange,700.0,,225.0,22.0,125.0,,,,
2024-12-04 20:16:00 UTC,Orange,500.0,,0.0,22.0,115.0,,,,
2024-12-04 17:45:00 UTC,Orange,500.0,,247.5,22.0,119.0,,,,
2024-12-04 17:19:00 UTC,Orange,500.0,,270.0,22.0,146.0,,,,
2024-12-04 16:37:00 UTC,Orange,900.0,,270.0,22.0,118.0,,,,
2024-12-04 15:25:00 UTC,Orange,800.0,,270.0,22.0,106.0,,,,
2024-12-04 12:40:00 UTC,Orange,600.0,,270.0,22.0,124.0,,,,
2024-12-04 11:41:00 UTC,Orange,500.0,,270.0,22.0,118.0,,,,
2024-12-04 11:24:00 UTC,Orange,500.0,,270.0,22.0,132.0,,,,
2024-12-04 11:11:00 UTC,Orange,700.0,,270.0,22.0,132.0,,,,
2024-12-04 02:51:00 UTC,Orange,500.0,,270.0,22.0,120.0,,,,
2024-12-04 00:14:00 UTC,Orange,400.0,,225.0,22.0,100.0,,,,
2024-12-03 22:46:00 UTC,Orange,900.0,,225.0,22.0,122.0,,,,
