timestamp,tinggi_letusan_m,kec_angin_km_jam,arah_angin_deg,amplitudo,max_time,jarak_km,luas_km2,sudut_deg,radius_km
2026-03-02 14:07:00 UTC,400,,45,22,110,,,,
2026-03-01 01:36:00 UTC,500,,45,22,146,,,,
2026-02-26 01:23:00 UTC,500,,45,22,110,,,,
2026-02-25 00:46:00 UTC,600,,45,21,96,,,,
2026-02-24 23:37:00 UTC,400,,45,21,99,,,,
2026-02-22 00:49:00 UTC,900,,22.5,21,84,,,,
2026-02-22 00:04:00 UTC,900,,22.5,22,118,,,,
2026-02-21 23:01:00 UTC,700,,45,22,135,,,,
2026-02-20 00:15:00 UTC,900,,22.5,22,125,,,,
2026-02-19 22:56:00 UTC,500,,0,22,115,,,,
2026-02-19 22:49:00 UTC,1000,,90,22,118,,,,
2026-02-19 17:24:00 UTC,700,,0,22,112,,,,
2026-02-19 17:14:00 UTC,700,,0,22,117,,,,
2026-02-19 16:50:00 UTC,800,,0,22,115,,,,
2026-02-19 03:30:00 UTC,800,,45,22,115,,,,
2026-02-19 01:00:00 UTC,800,,45,22,101,,,,
2026-02-19 00:24:00 UTC,500,,45,15,92,,,,
2026-02-18 21:32:00 UTC,500,,45,22,106,,,,
2026-02-18 16:58:00 UTC,600,,45,22,101,,,,
2026-02-18 16:28:00 UTC,700,,0,22,119,,,,
2026-02-17 17:41:00 UTC,500,,202.5,22,98,,,,
2026-02-17 17:28:00 UTC,400,,225,22,110,,,,
2026-02-17 16:44:00 UTC,1000,,157.5,23,148,,,,
2026-02-17 14:50:00 UTC,800,,112.5,21,119,,,,
2026-02-17 13:25:00 UTC,800,,112.5,21,107,,,,
2026-02-17 12:45:00 UTC,500,,67.5,21,105,,,,
2026-02-14 22:56:00 UTC,400,,45,20,89,,,,
2026-02-14 22:09:00 UTC,700,,45,22,123,,,,
2026-02-14 02:08:00 UTC,900,,22.5,22,102,,,,
2026-02-14 00:25:00 UTC,1500,,22.5,20,275,,,,
2026-02-13 22:54:00 UTC,2000,,22.5,25,2388,,,,
2026-02-13 03:56:00 UTC,1000,,22.5,20,250,,,,
2026-02-13 00:42:00 UTC,1000,,22.5,23,133,,,,
2026-02-11 22:47:00 UTC,600,,0,22,117,,,,
2026-02-11 17:34:00 UTC,700,,0,22,89,,,,
2026-02-11 17:10:00 UTC,900,,0,22,101,,,,
2026-02-10 22:36:00 UTC,1000,,45,22,116,,,,
2026-02-10 17:52:00 UTC,400,,0,22,75,,,,
2026-02-10 17:28:00 UTC,600,,0,22,84,,,,
2026-02-10 00:32:00 UTC,1000,,0,22,118,,,,
2026-02-09 11:32:00 UTC,900,,0,22,110,,,,
2026-02-09 09:30:00 UTC,800,,45,22,134,,,,
2026-02-08 22:50:00 UTC,500,,45,22,113,,,,
2026-02-05 23:49:00 UTC,700,,45,22,125,,,,
2026-02-05 23:30:00 UTC,500,,45,22,110,,,,
2026-02-05 22:33:00 UTC,600,,180,22,119,,,,
2026-02-05 17:44:00 UTC,400,,180,22,103,,,,
2026-02-05 17:37:00 UTC,800,,180,22,115,,,,
2026-02-05 16:57:00 UTC,600,,180,22,120,,,,
2026-02-05 16:49:00 UTC,700,,180,22,112,,,,
2026-02-05 00:06:00 UTC,600,,45,22,121,,,,
2026-02-04 22:33:00 UTC,500,,90,21,97,,,,
2026-02-04 22:23:00 UTC,800,,90,22,120,,,,
2026-02-04 17:48:00 UTC,800,,0,22,119,,,,
2026-02-04 17:13:00 UTC,1000,,0,22,126,,,,
2026-02-04 00:46:00 UTC,400,,0,21,99,,,,
2026-02-04 00:15:00 UTC,800,,0,22,117,,,,
2026-02-04 00:03:00 UTC,600,,0,21,109,,,,
2026-02-03 23:56:00 UTC,300,,0,19,55,,,,
2026-02-03 23:10:00 UTC,700,,0,22,124,,,,
2026-02-03 21:58:00 UTC,500,,45,22,138,,,,
2026-02-03 00:30:00 UTC,500,,45,22,112,,,,
2026-02-02 21:42:00 UTC,700,,45,22,155,,,,
2026-02-02 13:54:00 UTC,500,,0,22,115,,,,
2026-02-02 13:48:00 UTC,800,,0,22,119,,,,
2026-02-02 12:19:00 UTC,1000,,0,22,125,,,,
2026-02-01 22:23:00 UTC,300,,45,22,110,,,,
2026-02-01 16:44:00 UTC,500,,45,22,116,,,,
2026-01-30 23:26:00 UTC,500,,45,22,134,,,,
2026-01-30 22:55:00 UTC,700,,0,22,115,,,,
2026-01-30 22:22:00 UTC,800,,0,22,127,,,,
2026-01-30 17:21:00 UTC,700,,0,22,117,,,,
2026-01-29 22:16:00 UTC,900,,90,23,122,,,,
2026-01-29 21:44:00 UTC,800,,67.5,22,154,,,,
2026-01-29 00:20:00 UTC,700,,135,22,115,,,,
2026-01-28 23:06:00 UTC,500,,112.5,22,94,,,,
2026-01-28 21:47:00 UTC,500,,135,22,126,,,,
2026-01-27 13:57:00 UTC,800,,180,22,139,,,,
2026-01-24 21:33:00 UTC,800,,45,22,156,,,,
2026-01-24 16:45:00 UTC,600,,45,12,96,,,,
2026-01-19 01:36:00 UTC,500,,22.5,22,110,,,,
2026-01-18 23:44:00 UTC,700,,22.5,22,136,,,,
2026-01-18 22:19:00 UTC,1000,,45,22,118,,,,
2026-01-18 17:50:00 UTC,300,,0,22,88,,,,
2026-01-18 17:36:00 UTC,700,,0,22,100,,,,
2026-01-18 17:22:00 UTC,400,,0,22,92,,,,
2026-01-18 16:49:00 UTC,500,,45,22,95,,,,
2026-01-18 11:31:00 UTC,600,,0,22,88,,,,
2026-01-17 22:07:00 UTC,600,,45,22,155,,,,
2026-01-16 07:38:00 UTC,500,,0,22,125,,,,
2026-01-15 23:26:00 UTC,500,,45,22,118,,,,
2026-01-15 22:38:00 UTC,800,,45,22,99,,,,
2026-01-15 22:16:00 UTC,500,,45,22,92,,,,
2026-01-15 22:08:00 UTC,500,,0,22,96,,,,
2026-01-15 18:38:00 UTC,800,,0,22,115,,,,
2026-01-15 18:09:00 UTC,700,,0,22,110,,,,
2026-01-15 17:29:00 UTC,600,,0,22,110,,,,
2026-01-12 01:09:00 UTC,400,,45,22,110,,,,
2026-01-11 15:26:00 UTC,2000,,112.5,27,696,,,,
2026-01-11 14:35:00 UTC,700,,112.5,21,137,,,,
2026-01-10 15:42:00 UTC,400,,45,22,155,,,,
2026-01-10 00:48:00 UTC,800,,22.5,22,100,,,,
2026-01-09 22:01:00 UTC,800,,67.5,23,126,,,,
2026-01-09 14:50:00 UTC,700,,0,22,151,,,,
2026-01-09 10:17:00 UTC,800,,45,22,93,,,,
2026-01-08 23:49:00 UTC,600,,0,22,152,,,,
2026-01-08 22:41:00 UTC,900,,0,22,124,,,,
2026-01-08 22:31:00 UTC,500,,0,22,119,,,,
2026-01-08 17:59:00 UTC,1000,,0,22,125,,,,
2026-01-08 17:45:00 UTC,500,,0,22,110,,,,
2026-01-08 17:28:00 UTC,1000,,0,22,121,,,,
2026-01-08 17:20:00 UTC,1000,,0,22,122,,,,
2026-01-08 17:11:00 UTC,800,,0,22,119,,,,
2026-01-08 14:58:00 UTC,700,,315,13,129,,,,
2026-01-08 09:07:00 UTC,300,,22.5,20,88,,,,
2026-01-08 00:14:00 UTC,700,,315,14,120,,,,
2026-01-07 22:25:00 UTC,700,,0,22,115,,,,
2026-01-07 22:19:00 UTC,600,,0,22,110,,,,
2026-01-07 17:33:00 UTC,700,,0,22,121,,,,
2026-01-07 16:57:00 UTC,900,,0,22,125,,,,
2026-01-07 13:54:00 UTC,1000,,0,22,125,,,,
2026-01-07 13:27:00 UTC,700,,0,22,118,,,,
2026-01-07 12:54:00 UTC,1000,,0,22,124,,,,
2026-01-07 12:35:00 UTC,900,,0,22,120,,,,
2026-01-07 12:23:00 UTC,400,,0,22,110,,,,
2026-01-07 11:29:00 UTC,600,,0,22,116,,,,
2026-01-07 11:12:00 UTC,800,,0,22,120,,,,
2026-01-07 11:08:00 UTC,600,,0,22,114,,,,
2026-01-06 22:53:00 UTC,900,,0,22,119,,,,
2026-01-06 22:32:00 UTC,800,,0,22,107,,,,
2026-01-06 17:36:00 UTC,800,,0,22,115,,,,
2026-01-06 17:26:00 UTC,700,,0,22,110,,,,
2026-01-06 13:29:00 UTC,800,,0,22,128,,,,
2026-01-06 13:00:00 UTC,700,,0,22,118,,,,
2026-01-06 11:54:00 UTC,800,,0,22,122,,,,
2026-01-06 11:28:00 UTC,700,,0,22,121,,,,
2026-01-06 11:23:00 UTC,600,,0,22,116,,,,
2026-01-06 09:10:00 UTC,800,,45,13,121,,,,
2026-01-06 01:21:00 UTC,600,,45,22,110,,,,
2026-01-06 01:07:00 UTC,400,,45,22,101,,,,
2026-01-03 23:22:00 UTC,800,,202.5,23,125,,,,
2026-01-03 22:55:00 UTC,700,,180,22,109,,,,
2026-01-03 22:22:00 UTC,1000,,180,22,122,,,,
2026-01-03 16:48:00 UTC,700,,180,22,110,,,,
2026-01-03 16:29:00 UTC,600,,0,22,99,,,,
2026-01-02 22:28:00 UTC,600,,0,22,95,,,,
2026-01-02 22:11:00 UTC,800,,45,22,116,,,,
2026-01-02 17:51:00 UTC,1000,,0,22,118,,,,
2026-01-02 13:14:00 UTC,1000,,0,22,119,,,,
2026-01-02 12:40:00 UTC,800,,0,22,101,,,,
2026-01-02 11:54:00 UTC,900,,0,22,110,,,,
2026-01-02 11:51:00 UTC,600,,0,22,87,,,,
2026-01-02 11:33:00 UTC,700,,0,22,89,,,,
2026-01-02 11:18:00 UTC,800,,0,22,97,,,,
2026-01-02 10:50:00 UTC,900,,45,22,138,,,,
2026-01-01 23:10:00 UTC,700,,45,23,123,,,,
2025-12-31 21:00:00 UTC,900,,67.5,22,129,,,,
2025-12-31 18:26:00 UTC,1000,,112.5,23,122,,,,
2025-12-31 00:09:00 UTC,600,,0,22,133,,,,
2025-12-30 23:29:00 UTC,900,,112.5,22,125,,,,
2025-12-30 22:34:00 UTC,700,,225,22,130,,,,
2025-12-30 00:37:00 UTC,800,,45,22,120,,,,
2025-12-29 23:50:00 UTC,700,,45,21,97,,,,
2025-12-29 19:08:00 UTC,700,,0,22,165,,,,
2025-12-29 11:30:00 UTC,700,,45,21,105,,,,
2025-12-28 16:34:00 UTC,500,,0,22,122,,,,
2025-12-28 00:14:00 UTC,900,,315,22,90,,,,
2025-12-28 00:05:00 UTC,800,,315,22,128,,,,
2025-12-27 21:59:00 UTC,500,,45,22,129,,,,
2025-12-26 08:27:00 UTC,900,,45,22,108,,,,
2025-12-26 00:31:00 UTC,800,,67.5,17,98,,,,
2025-12-25 17:08:00 UTC,800,,112.5,22,140,,,,
2025-12-25 00:00:00 UTC,800,,45,15,103,,,,
2025-12-24 21:41:00 UTC,300,,45,22,176,,,,
2025-12-24 14:57:00 UTC,800,,157.5,22,140,,,,
2025-12-24 02:02:00 UTC,1000,,0,22,103,,,,
2025-12-24 00:37:00 UTC,500,,0,22,88,,,,
2025-12-23 21:23:00 UTC,900,,22.5,22,148,,,,
2025-12-23 18:39:00 UTC,700,,45,22,118,,,,
2025-12-23 15:37:00 UTC,800,,45,22,170,,,,
2025-12-23 14:27:00 UTC,600,,0,22,136,,,,
2025-12-23 10:51:00 UTC,700,,22.5,15,85,,,,
2025-12-23 00:36:00 UTC,800,,337.5,22,96,,,,
2025-12-22 22:28:00 UTC,600,,0,22,103,,,,
2025-12-22 22:16:00 UTC,600,,0,22,105,,,,
2025-12-22 18:25:00 UTC,700,,0,22,105,,,,
2025-12-22 17:58:00 UTC,600,,0,22,103,,,,
2025-12-22 17:44:00 UTC,600,,0,22,110,,,,
2025-12-22 17:34:00 UTC,400,,0,222,99,,,,
2025-12-22 14:56:00 UTC,700,,22.5,20,116,,,,
2025-12-22 13:37:00 UTC,700,,22.5,21,117,,,,
2025-12-22 10:19:00 UTC,500,,0,22,98,,,,
2025-12-21 23:39:00 UTC,800,,22.5,16,103,,,,
2025-12-21 22:29:00 UTC,700,,0,22,124,,,,
2025-12-21 22:19:00 UTC,900,,45,22,126,,,,
2025-12-21 18:08:00 UTC,700,,0,22,125,,,,
2025-12-21 17:59:00 UTC,700,,0,22,132,,,,
2025-12-21 17:38:00 UTC,700,,0,22,134,,,,
2025-12-21 17:25:00 UTC,500,,225,22,120,,,,
2025-12-21 00:02:00 UTC,800,,45,22,112,,,,
2025-12-20 22:46:00 UTC,1200,,45,22,132,,,,
2025-12-20 22:30:00 UTC,1000,,0,22,115,,,,
2025-12-20 22:13:00 UTC,700,,45,22,99,,,,
2025-12-20 17:50:00 UTC,700,,225,22,104,,,,
2025-12-20 17:35:00 UTC,700,,225,22,101,,,,
2025-12-20 17:26:00 UTC,500,,225,22,115,,,,
2025-12-20 12:46:00 UTC,500,,180,22,75,,,,
2025-12-20 12:28:00 UTC,900,,225,22,124,,,,
2025-12-20 12:16:00 UTC,500,,180,22,125,,,,
2025-12-20 00:30:00 UTC,1000,,90,18,130,,,,
2025-12-19 23:40:00 UTC,1000,,90,18,140,,,,
2025-12-19 22:53:00 UTC,800,,45,22,129,,,,
2025-12-19 22:35:00 UTC,1100,,45,22,122,,,,
2025-12-19 22:23:00 UTC,1000,,45,22,118,,,,
2025-12-19 22:19:00 UTC,700,,0,22,99,,,,
2025-12-19 18:17:00 UTC,400,,225,21,67,,,,
2025-12-19 18:07:00 UTC,700,,225,22,86,,,,
2025-12-19 17:58:00 UTC,700,,225,22,79,,,,
2025-12-19 17:51:00 UTC,800,,225,22,88,,,,
2025-12-19 17:31:00 UTC,800,,225,22,89,,,,
2025-12-19 17:22:00 UTC,700,,225,22,99,,,,
2025-12-19 15:26:00 UTC,800,,90,22,140,,,,
2025-12-19 00:34:00 UTC,700,,67.5,20,96,,,,
2025-12-18 22:44:00 UTC,800,,0,22,118,,,,
2025-12-18 22:24:00 UTC,1000,,180,22,123,,,,
2025-12-18 18:27:00 UTC,800,,180,22,119,,,,
2025-12-18 18:13:00 UTC,1000,,180,22,125,,,,
2025-12-18 18:01:00 UTC,500,,180,22,103,,,,
2025-12-18 17:55:00 UTC,700,,180,22,118,,,,
2025-12-18 17:46:00 UTC,600,,180,22,110,,,,
2025-12-18 17:35:00 UTC,600,,180,22,97,,,,
2025-12-18 17:29:00 UTC,300,,180,20,78,,,,
2025-12-18 16:41:00 UTC,600,,180,22,116,,,,
2025-12-17 23:51:00 UTC,800,,135,22,114,,,,
2025-12-17 21:53:00 UTC,500,,157.5,22,135,,,,
2025-12-17 00:31:00 UTC,500,,22.5,23,132,,,,
2025-12-16 22:48:00 UTC,500,,45,22,115,,,,
2025-12-15 21:44:00 UTC,500,,0,22,110,,,,
2025-12-14 22:48:00 UTC,700,,0,22,122,,,,
2025-12-14 22:42:00 UTC,500,,0,22,118,,,,
2025-12-12 23:52:00 UTC,400,,0,22,75,,,,
2025-12-12 23:51:00 UTC,400,,0,21,67,,,,
2025-12-12 23:34:00 UTC,400,,0,22,62,,,,
2025-12-12 23:28:00 UTC,500,,0,22,72,,,,
2025-12-12 11:33:00 UTC,600,,180,22,129,,,,
2025-12-11 22:48:00 UTC,800,,157.5,22,155,,,,
2025-12-11 22:05:00 UTC,800,,157.5,22,115,,,,
2025-12-11 21:24:00 UTC,500,,180,22,127,,,,
2025-12-11 21:13:00 UTC,600,,225,22,118,,,,
2025-12-11 14:20:00 UTC,700,,225,22,152,,,,
2025-12-11 13:46:00 UTC,500,,225,22,135,,,,
2025-12-11 09:44:00 UTC,600,,135,22,92,,,,
2025-12-10 23:41:00 UTC,1100,,225,22,129,,,,
2025-12-10 23:33:00 UTC,700,,225,22,114,,,,
2025-12-10 23:19:00 UTC,800,,225,22,116,,,,
2025-12-10 23:11:00 UTC,1000,,225,22,125,,,,
2025-12-10 20:17:00 UTC,700,,225,22,162,,,,
2025-12-10 17:53:00 UTC,500,,225,22,128,,,,
2025-12-10 10:49:00 UTC,1000,,225,22,130,,,,
2025-12-10 10:39:00 UTC,1000,,225,22,129,,,,
2025-12-10 01:14:00 UTC,500,,225,22,112,,,,
2025-12-09 21:52:00 UTC,500,,270,22,107,,,,
2025-12-09 01:18:00 UTC,600,,270,22,120,,,,
2025-12-08 21:50:00 UTC,1000,,270,22,143,,,,
2025-12-08 14:24:00 UTC,1000,,225,22,182,,,,
2025-12-08 07:22:00 UTC,1000,,0,22,108,,,,
2025-12-08 00:22:00 UTC,900,,225,22,121,,,,
2025-12-07 21:30:00 UTC,500,,225,22,126,,,,
2025-12-07 15:41:00 UTC,1000,,180,22,110,,,,
2025-12-07 14:37:00 UTC,400,,180,22,95,,,,
2025-12-07 14:15:00 UTC,600,,225,22,97,,,,
2025-12-07 13:39:00 UTC,700,,225,22,122,,,,
2025-12-07 13:37:00 UTC,600,,225,22,117,,,,
2025-12-07 13:24:00 UTC,500,,225,22,115,,,,
2025-12-07 00:12:00 UTC,1000,,225,22,156,,,,
2025-12-06 22:10:00 UTC,1000,,202.5,22,153,,,,
2025-12-06 21:14:00 UTC,900,,202.5,22,124,,,,
2025-12-05 20:47:00 UTC,700,,225,22,155,,,,
2025-12-05 15:48:00 UTC,600,,180,21,101,,,,
2025-12-05 15:46:00 UTC,700,,180,22,110,,,,
2025-12-05 15:37:00 UTC,500,,180,22,97,,,,
2025-12-05 14:30:00 UTC,500,,180,22,125,,,,
2025-12-05 12:00:00 UTC,600,,0,22,95,,,,
2025-12-05 11:46:00 UTC,700,,0,22,118,,,,
2025-12-05 11:17:00 UTC,600,,0,22,115,,,,
2025-12-05 11:09:00 UTC,600,,0,22,116,,,,
2025-12-05 10:49:00 UTC,1000,,45,22,138,,,,
2025-12-05 10:22:00 UTC,1000,,67.5,22,148,,,,
2025-12-05 09:54:00 UTC,1000,,67.5,22,122,,,,
2025-12-05 09:31:00 UTC,1000,,67.5,22,131,,,,
2025-12-05 09:13:00 UTC,1000,,90,22,108,,,,
2025-12-05 00:33:00 UTC,1000,,315,22,160,,,,
2025-12-04 22:48:00 UTC,900,,45,22,107,,,,
2025-12-04 22:34:00 UTC,1000,,0,22,125,,,,
2025-12-04 22:15:00 UTC,700,,45,22,87,,,,
2025-12-04 22:13:00 UTC,1000,,45,22,110,,,,
2025-12-04 18:12:00 UTC,1000,,0,22,113,,,,
2025-12-04 18:00:00 UTC,800,,0,22,94,,,,
2025-12-04 17:43:00 UTC,1000,,0,22,115,,,,
2025-12-04 17:38:00 UTC,700,,0,22,89,,,,
2025-12-04 17:36:00 UTC,600,,0,22,96,,,,
2025-12-04 15:15:00 UTC,600,,0,22,107,,,,
2025-12-04 12:21:00 UTC,600,,0,22,114,,,,
2025-12-03 23:38:00 UTC,1000,,315,22,140,,,,
2025-12-03 22:50:00 UTC,400,,225,22,77,,,,
2025-12-03 22:31:00 UTC,500,,225,22,75,,,,
2025-12-03 22:22:00 UTC,600,,225,22,89,,,,
2025-12-03 22:11:00 UTC,700,,225,22,102,,,,
2025-12-02 22:55:00 UTC,1100,,225,22,99,,,,
2025-12-02 22:49:00 UTC,700,,0,22,101,,,,
2025-12-02 22:35:00 UTC,1000,,0,22,123,,,,
2025-12-02 19:20:00 UTC,800,,225,22,119,,,,
2025-12-02 19:03:00 UTC,500,,225,22,89,,,,
2025-12-02 19:01:00 UTC,400,,225,22,92,,,,
2025-12-02 18:52:00 UTC,600,,225,22,115,,,,
2025-12-02 18:40:00 UTC,700,,225,22,106,,,,
2025-12-02 18:28:00 UTC,400,,225,21,79,,,,
2025-12-02 18:13:00 UTC,600,,225,22,102,,,,
2025-12-02 18:07:00 UTC,500,,225,22,84,,,,
2025-12-02 17:49:00 UTC,400,,225,22,78,,,,
2025-12-02 17:45:00 UTC,400,,225,22,75,,,,
2025-12-02 17:31:00 UTC,500,,180,22,99,,,,
2025-12-02 15:40:00 UTC,700,,225,21,125,,,,
2025-12-02 01:26:00 UTC,500,,0,22,89,,,,
2025-12-02 00:11:00 UTC,300,,225,21,88,,,,
2025-12-01 23:52:00 UTC,300,,0,21,89,,,,
2025-12-01 23:41:00 UTC,400,,0,22,110,,,,
2025-12-01 23:33:00 UTC,400,,0,21,94,,,,
2025-12-01 23:25:00 UTC,400,,0,21,99,,,,
2025-12-01 23:08:00 UTC,700,,0,22,102,,,,
2025-12-01 18:48:00 UTC,1000,,225,22,172,,,,
2025-12-01 18:21:00 UTC,700,,225,22,160,,,,
2025-12-01 15:38:00 UTC,1000,,225,22,135,,,,
2025-12-01 15:11:00 UTC,900,,225,22,128,,,,
2025-12-01 13:26:00 UTC,800,,225,21,114,,,,
2025-12-01 13:12:00 UTC,500,,270,22,120,,,,
2025-12-01 12:37:00 UTC,800,,225,19,103,,,,
2025-12-01 00:58:00 UTC,700,,180,22,117,,,,
2025-12-01 00:44:00 UTC,600,,180,22,115,,,,
2025-11-30 23:08:00 UTC,900,,225,22,116,,,,
2025-11-30 22:58:00 UTC,700,,225,22,130,,,,
2025-11-30 22:09:00 UTC,500,,225,22,135,,,,
2025-11-30 16:04:00 UTC,800,,225,22,120,,,,
2025-11-29 23:30:00 UTC,800,,225,21,109,,,,
2025-11-29 22:30:00 UTC,700,,225,22,125,,,,
2025-11-29 22:09:00 UTC,500,,225,22,118,,,,
2025-11-28 22:24:00 UTC,400,,180,22,99,,,,
2025-11-28 22:12:00 UTC,600,,180,22,104,,,,
2025-11-28 21:58:00 UTC,900,,180,22,110,,,,
2025-11-28 19:35:00 UTC,700,,180,22,101,,,,
2025-11-28 19:18:00 UTC,900,,180,22,122,,,,
2025-11-28 19:01:00 UTC,400,,180,21,72,,,,
2025-11-28 14:19:00 UTC,500,,135,20,136,,,,
2025-11-27 22:42:00 UTC,400,,180,22,97,,,,
2025-11-27 22:31:00 UTC,600,,180,22,102,,,,
2025-11-27 22:11:00 UTC,400,,180,21,67,,,,
2025-11-27 22:09:00 UTC,600,,180,22,98,,,,
2025-11-27 19:03:00 UTC,500,,225,22,84,,,,
2025-11-27 18:04:00 UTC,800,,225,22,115,,,,
2025-11-27 17:55:00 UTC,500,,225,22,88,,,,
2025-11-27 17:37:00 UTC,400,,270,22,89,,,,
2025-11-27 12:47:00 UTC,500,,225,22,152,,,,
2025-11-26 00:42:00 UTC,600,,225,22,125,,,,
2025-11-26 00:02:00 UTC,500,,0,22,115,,,,
2025-11-24 22:33:00 UTC,1000,,0,22,107,,,,
2025-11-24 21:45:00 UTC,800,,0,22,119,,,,
2025-11-24 18:37:00 UTC,500,,0,22,93,,,,
2025-11-24 18:34:00 UTC,800,,0,22,115,,,,
2025-11-24 18:18:00 UTC,400,,0,21,97,,,,
2025-11-24 17:53:00 UTC,800,,0,22,117,,,,
2025-11-24 17:41:00 UTC,600,,0,22,99,,,,
2025-11-24 17:20:00 UTC,700,,0,22,115,,,,
2025-11-22 22:49:00 UTC,700,,225,22,125,,,,
2025-11-22 22:38:00 UTC,500,,225,22,118,,,,
2025-11-21 10:30:00 UTC,400,,157.5,22,107,,,,
2025-11-21 10:18:00 UTC,500,,135,22,98,,,,
2025-11-19 08:49:00 UTC,2000,,337.5,38,1000,,,,
2025-11-18 23:05:00 UTC,600,,157.5,22,143,,,,
2025-11-18 22:09:00 UTC,600,,135,22,150,,,,
2025-11-18 21:10:00 UTC,500,,225,22,142,,,,
2025-11-17 23:11:00 UTC,800,,180,22,112,,,,
2025-11-17 14:24:00 UTC,500,,0,22,122,,,,
2025-11-15 22:02:00 UTC,500,,45,22,148,,,,
2025-11-14 00:28:00 UTC,400,,45,22,112,,,,
2025-11-13 22:55:00 UTC,800,,45,22,98,,,,
2025-11-13 22:10:00 UTC,700,,45,22,119,,,,
2025-11-13 16:00:00 UTC,500,,45,21,96,,,,
2025-11-12 23:27:00 UTC,500,,45,22,125,,,,
2025-11-11 12:03:00 UTC,500,,0,22,119,,,,
2025-11-10 21:35:00 UTC,700,,337.5,22,143,,,,
2025-11-09 23:06:00 UTC,600,,45,21,108,,,,
2025-11-09 21:36:00 UTC,800,,45,22,131,,,,
2025-11-07 21:39:00 UTC,500,,225,22,155,,,,
2025-11-07 21:20:00 UTC,500,,225,22,122,,,,
2025-11-07 13:12:00 UTC,500,,0,22,115,,,,
2025-11-06 00:48:00 UTC,700,,22.5,22,123,,,,
2025-11-05 23:07:00 UTC,1000,,22.5,22,157,,,,
2025-11-05 21:24:00 UTC,400,,0,22,143,,,,
2025-11-05 14:48:00 UTC,500,,0,22,150,,,,
2025-11-04 23:30:00 UTC,600,,0,22,137,,,,
2025-11-04 21:54:00 UTC,500,,0,22,160,,,,
2025-11-04 21:33:00 UTC,300,,0,22,130,,,,
2025-11-04 14:54:00 UTC,500,,22.5,22,140,,,,
2025-11-04 09:53:00 UTC,800,,0,22,120,,,,
2025-11-04 08:52:00 UTC,500,,0,22,150,,,,
2025-11-04 00:14:00 UTC,800,,22.5,22,170,,,,
2025-11-03 14:51:00 UTC,700,,0,22,160,,,,
2025-11-03 13:00:00 UTC,500,,0,22,123,,,,
2025-11-03 07:37:00 UTC,500,,0,22,135,,,,
2025-11-02 17:57:00 UTC,700,,0,22,158,,,,
2025-11-02 17:39:00 UTC,1000,,0,22,183,,,,
2025-11-02 17:21:00 UTC,500,,0,22,157,,,,
2025-11-02 16:28:00 UTC,1000,,0,22,147,,,,
2025-11-01 23:49:00 UTC,800,,180,22,125,,,,
2025-11-01 23:33:00 UTC,600,,180,22,101,,,,
2025-11-01 23:27:00 UTC,700,,180,22,108,,,,
2025-11-01 23:13:00 UTC,600,,180,22,105,,,,
2025-11-01 23:05:00 UTC,500,,180,22,89,,,,
2025-11-01 23:02:00 UTC,700,,180,22,99,,,,
2025-11-01 21:31:00 UTC,700,,225,22,145,,,,
2025-11-01 20:32:00 UTC,500,,247.5,21,130,,,,
2025-11-01 15:09:00 UTC,500,,225,22,120,,,,
2025-10-31 13:25:00 UTC,700,,270,22,143,,,,
2025-10-31 11:22:00 UTC,600,,270,19,103,,,,
2025-10-31 10:19:00 UTC,700,,0,22,135,,,,
2025-10-31 08:57:00 UTC,400,,225,22,113,,,,
2025-10-30 23:53:00 UTC,700,,225,22,97,,,,
2025-10-30 22:33:00 UTC,500,,180,21,79,,,,
2025-10-30 22:10:00 UTC,600,,180,22,97,,,,
2025-10-29 23:02:00 UTC,700,,270,22,208,,,,
2025-10-29 22:41:00 UTC,800,,180,22,128,,,,
2025-10-29 22:06:00 UTC,700,,225,22,101,,,,
2025-10-29 21:56:00 UTC,400,,225,21,97,,,,
2025-10-29 18:05:00 UTC,700,,180,22,121,,,,
2025-10-29 17:57:00 UTC,600,,225,22,118,,,,
2025-10-29 17:14:00 UTC,400,,225,22,99,,,,
2025-10-29 17:09:00 UTC,600,,225,22,115,,,,
2025-10-29 15:42:00 UTC,700,,225,22,142,,,,
2025-10-29 11:59:00 UTC,500,,225,22,110,,,,
2025-10-28 22:52:00 UTC,400,,180,22,89,,,,
2025-10-28 22:25:00 UTC,400,,180,22,127,,,,
2025-10-28 17:25:00 UTC,500,,225,22,107,,,,
2025-10-27 22:18:00 UTC,700,,225,22,125,,,,
2025-10-27 21:35:00 UTC,500,,225,22,115,,,,
2025-10-27 19:23:00 UTC,500,,225,22,117,,,,
2025-10-27 09:12:00 UTC,700,,225,22,130,,,,
2025-10-26 23:41:00 UTC,700,,225,22,127,,,,
2025-10-26 22:20:00 UTC,700,,225,22,146,,,,
2025-10-26 19:45:00 UTC,700,,247.5,22,160,,,,
2025-10-26 19:01:00 UTC,500,,247.5,22,142,,,,
2025-10-26 15:38:00 UTC,900,,270,22,129,,,,
2025-10-26 12:26:00 UTC,900,,270,22,138,,,,
2025-10-26 10:22:00 UTC,1000,,0,22,140,,,,
2025-10-25 22:14:00 UTC,600,,225,22,137,,,,
2025-10-25 20:56:00 UTC,700,,225,22,164,,,,
2025-10-25 15:02:00 UTC,500,,225,22,174,,,,
2025-10-24 22:18:00 UTC,200,,225,22,122,,,,
2025-10-23 22:42:00 UTC,700,,270,22,123,,,,
2025-10-23 22:03:00 UTC,500,,247.5,22,118,,,,
2025-10-22 23:51:00 UTC,800,,270,22,115,,,,
2025-10-22 22:00:00 UTC,400,,225,22,127,,,,
2025-10-22 13:34:00 UTC,600,,225,22,134,,,,
2025-10-22 12:34:00 UTC,400,,225,21,112,,,,
2025-10-21 22:07:00 UTC,500,,0,21,88,,,,
2025-10-21 18:18:00 UTC,400,,180,20,99,,,,
2025-10-21 17:55:00 UTC,300,,180,20,65,,,,
2025-10-21 17:30:00 UTC,400,,180,21,78,,,,
2025-10-21 16:57:00 UTC,800,,270,22,128,,,,
2025-10-21 14:44:00 UTC,500,,270,21,113,,,,
2025-10-20 22:56:00 UTC,300,,225,21,75,,,,
2025-10-20 22:53:00 UTC,600,,180,22,115,,,,
2025-10-20 22:32:00 UTC,700,,180,22,122,,,,
2025-10-20 22:21:00 UTC,700,,180,22,110,,,,
2025-10-20 10:17:00 UTC,500,,225,22,112,,,,
2025-10-20 09:49:00 UTC,800,,225,22,121,,,,
2025-10-20 09:32:00 UTC,400,,225,22,99,,,,
2025-10-19 17:37:00 UTC,400,,225,22,141,,,,
2025-10-19 14:43:00 UTC,700,,225,22,158,,,,
2025-10-17 21:29:00 UTC,400,,225,22,111,,,,
2025-10-17 15:14:00 UTC,300,,225,22,136,,,,
2025-10-17 01:22:00 UTC,200,,180,20,88,,,,
2025-10-17 00:52:00 UTC,200,,270,21,110,,,,
2025-10-15 10:06:00 UTC,300,,225,22,110,,,,
2025-10-14 10:41:00 UTC,100,,270,22,123,,,,
2025-10-13 17:18:00 UTC,200,,225,20,93,,,,
2025-10-13 00:41:00 UTC,200,,225,22,110,,,,
2025-10-09 21:26:00 UTC,500,,270,22,174,,,,
2025-10-09 02:28:00 UTC,500,,225,22,110,,,,
2025-10-08 22:30:00 UTC,300,,225,22,146,,,,
2025-10-08 21:42:00 UTC,300,,225,22,133,,,,
2025-10-08 09:55:00 UTC,300,,225,22,106,,,,
2025-10-08 07:04:00 UTC,400,,225,22,111,,,,
2025-10-08 03:53:00 UTC,500,,225,22,122,,,,
2025-10-08 01:20:00 UTC,700,,225,22,139,,,,
2025-10-08 00:17:00 UTC,500,,225,22,122,,,,
2025-10-07 22:50:00 UTC,600,,180,22,94,,,,
2025-10-07 22:36:00 UTC,400,,180,22,92,,,,
2025-10-07 22:22:00 UTC,500,,180,22,89,,,,
2025-10-07 17:42:00 UTC,300,,225,20,62,,,,
2025-10-07 17:37:00 UTC,300,,225,20,58,,,,
2025-10-07 17:21:00 UTC,500,,225,22,115,,,,
2025-10-07 14:32:00 UTC,500,,225,22,128,,,,
2025-10-07 13:40:00 UTC,300,,225,22,123,,,,
2025-10-07 10:25:00 UTC,400,,180,21,72,,,,
2025-10-07 09:08:00 UTC,400,,180,20,65,,,,
2025-10-07 05:23:00 UTC,400,,225,20,65,,,,
2025-10-07 05:18:00 UTC,300,,225,20,63,,,,
2025-10-07 01:56:00 UTC,500,,225,22,124,,,,
2025-10-06 23:23:00 UTC,500,,225,22,128,,,,
2025-10-06 22:53:00 UTC,600,,180,22,92,,,,
2025-10-06 22:42:00 UTC,400,,180,22,85,,,,
2025-10-06 22:21:00 UTC,300,,225,22,89,,,,
2025-10-06 17:37:00 UTC,300,,270,21,67,,,,
2025-10-05 21:43:00 UTC,400,,225,22,138,,,,
2025-10-05 21:40:00 UTC,400,,270,22,122,,,,
2025-10-05 16:49:00 UTC,100,,270,22,152,,,,
2025-10-05 03:37:00 UTC,500,,225,22,118,,,,
2025-10-05 02:52:00 UTC,300,,225,22,115,,,,
2025-10-05 01:52:00 UTC,200,,225,22,118,,,,
2025-10-05 00:33:00 UTC,300,,225,22,120,,,,
2025-10-04 22:20:00 UTC,100,,270,22,132,,,,
2025-10-04 03:18:00 UTC,500,,225,22,112,,,,
2025-10-04 02:33:00 UTC,500,,225,22,118,,,,
2025-10-04 01:51:00 UTC,500,,225,22,115,,,,
2025-10-04 01:14:00 UTC,300,,225,22,100,,,,
2025-10-03 23:51:00 UTC,500,,225,22,115,,,,
2025-10-03 23:25:00 UTC,300,,225,22,110,,,,
2025-10-03 06:27:00 UTC,700,,225,22,115,,,,
2025-10-03 03:54:00 UTC,600,,225,23,106,,,,
2025-10-03 00:30:00 UTC,400,,225,21,98,,,,
2025-10-02 02:33:00 UTC,700,,225,22,120,,,,
2025-10-02 01:16:00 UTC,600,,225,22,129,,,,
2025-10-02 00:11:00 UTC,600,,225,22,119,,,,
2025-10-01 18:03:00 UTC,700,,247.5,22,157,,,,
2025-10-01 13:55:00 UTC,700,,270,22,193,,,,
2025-10-01 12:28:00 UTC,600,,225,22,143,,,,
2025-09-30 17:58:00 UTC,400,,225,15,122,,,,
2025-09-30 15:16:00 UTC,400,,225,22,118,,,,
2025-09-29 23:38:00 UTC,500,,247.5,20,92,,,,
2025-09-28 01:45:00 UTC,800,,202.5,21,100,,,,
2025-09-27 23:29:00 UTC,700,,202.5,20,127,,,,
2025-09-27 23:16:00 UTC,600,,225,20,117,,,,
2025-09-27 00:36:00 UTC,800,,225,21,107,,,,
2025-09-26 23:43:00 UTC,600,,225,21,117,,,,
2025-09-26 23:00:00 UTC,500,,180,22,115,,,,
2025-09-26 22:36:00 UTC,700,,225,22,118,,,,
2025-09-26 17:17:00 UTC,500,,270,22,110,,,,
2025-09-26 16:28:00 UTC,700,,270,22,115,,,,
2025-09-26 09:59:00 UTC,700,,225,21,119,,,,
2025-09-26 02:09:00 UTC,700,,225,22,110,,,,
2025-09-25 21:24:00 UTC,400,,270,22,96,,,,
2025-09-24 23:56:00 UTC,700,,0,22,129,,,,
2025-09-24 22:50:00 UTC,500,,247.5,20,115,,,,
2025-09-24 18:25:00 UTC,600,,90,21,127,,,,
2025-09-24 14:40:00 UTC,900,,315,22,126,,,,
2025-09-24 00:41:00 UTC,400,,247.5,22,112,,,,
2025-09-23 22:50:00 UTC,400,,247.5,21,106,,,,
2025-09-23 07:29:00 UTC,600,,247.5,21,103,,,,
2025-09-23 06:41:00 UTC,700,,247.5,22,121,,,,
2025-09-22 22:25:00 UTC,300,,292.5,22,130,,,,
2025-09-22 10:15:00 UTC,500,,270,21,128,,,,
2025-09-22 09:18:00 UTC,500,,247.5,21,124,,,,
2025-09-22 00:59:00 UTC,500,,270,22,128,,,,
2025-09-22 00:44:00 UTC,500,,315,22,127,,,,
2025-09-21 22:28:00 UTC,700,,247.5,22,129,,,,
2025-09-21 21:44:00 UTC,500,,225,21,110,,,,
2025-09-21 19:43:00 UTC,700,,225,22,164,,,,
2025-09-14 17:22:00 UTC,400,,270,22,83,,,,
2025-09-14 01:00:00 UTC,500,,0,22,118,,,,
2025-09-14 00:33:00 UTC,700,,0,22,147,,,,
2025-09-13 23:41:00 UTC,500,,0,22,115,,,,
2025-09-13 22:52:00 UTC,800,,0,22,99,,,,
2025-09-13 22:13:00 UTC,700,,0,22,97,,,,
2025-09-13 17:51:00 UTC,300,,225,21,88,,,,
2025-09-13 08:14:00 UTC,500,,337.5,22,115,,,,
2025-09-13 07:14:00 UTC,300,,225,22,110,,,,
2025-09-13 06:45:00 UTC,300,,225,22,112,,,,
2025-09-12 22:09:00 UTC,400,,270,21,88,,,,
2025-09-12 01:12:00 UTC,300,,225,22,145,,,,
2025-09-10 17:32:00 UTC,600,,270,22,172,,,,
2025-09-08 00:20:00 UTC,600,,225,21,177,,,,
2025-09-07 22:59:00 UTC,800,,180,22,121,,,,
2025-09-07 22:43:00 UTC,700,,180,22,129,,,,
2025-09-07 21:52:00 UTC,400,,180,22,99,,,,
2025-09-07 04:11:00 UTC,700,,225,22,125,,,,
2025-09-07 02:49:00 UTC,700,,225,22,137,,,,
2025-09-07 00:21:00 UTC,500,,225,22,115,,,,
2025-09-06 21:51:00 UTC,500,,270,22,129,,,,
2025-09-06 08:49:00 UTC,700,,225,22,155,,,,
2025-09-06 08:10:00 UTC,500,,225,22,155,,,,
2025-09-06 00:46:00 UTC,500,,225,22,118,,,,
2025-09-05 22:41:00 UTC,500,,315,22,197,,,,
2025-09-05 03:42:00 UTC,700,,225,22,167,,,,
2025-09-05 02:56:00 UTC,500,,247.5,22,141,,,,
2025-09-04 02:28:00 UTC,500,,225,22,145,,,,
2025-09-03 02:48:00 UTC,200,,247.5,22,113,,,,
2025-09-02 22:54:00 UTC,600,,270,22,128,,,,
2025-09-02 18:46:00 UTC,600,,270,22,96,,,,
2025-09-02 01:30:00 UTC,300,,225,22,155,,,,
2025-09-01 22:26:00 UTC,500,,225,22,128,,,,
2025-09-01 17:42:00 UTC,200,,225,19,69,,,,
2025-09-01 00:59:00 UTC,500,,247.5,22,124,,,,
2025-08-31 17:21:00 UTC,500,,225,21,145,,,,
2025-08-30 22:53:00 UTC,900,,202.5,22,102,,,,
2025-08-30 22:38:00 UTC,800,,225,22,136,,,,
2025-08-26 20:58:00 UTC,300,,225,22,112,,,,
2025-08-26 02:05:00 UTC,500,,225,22,128,,,,
2025-08-25 22:40:00 UTC,700,,225,22,202,,,,
2025-08-25 22:08:00 UTC,500,,225,22,135,,,,
2025-08-25 12:08:00 UTC,500,,270,20,118,,,,
2025-08-25 09:01:00 UTC,600,,0,22,107,,,,
2025-08-25 02:14:00 UTC,1000,,315,22,166,,,,
2025-08-25 00:22:00 UTC,500,,315,22,135,,,,
2025-08-24 23:00:00 UTC,700,,270,22,116,,,,
2025-08-23 22:40:00 UTC,500,,247.5,22,135,,,,
2025-08-23 21:42:00 UTC,400,,247.5,21,160,,,,
2025-08-22 21:49:00 UTC,200,,270,22,189,,,,
2025-08-22 00:39:00 UTC,200,,270,22,124,,,,
2025-08-21 21:39:00 UTC,500,,180,22,145,,,,
2025-08-20 23:58:00 UTC,800,,225,21,150,,,,
2025-08-20 22:48:00 UTC,1000,,225,22,117,,,,
2025-08-20 22:31:00 UTC,800,,225,22,101,,,,
2025-08-20 00:21:00 UTC,800,,247.5,18,75,,,,
2025-08-19 22:38:00 UTC,700,,225,22,98,,,,
2025-08-18 21:49:00 UTC,500,,180,22,133,,,,
2025-08-17 15:27:00 UTC,500,,225,22,69,,,,
2025-08-17 02:15:00 UTC,800,,247.5,21,90,,,,
2025-08-17 00:59:00 UTC,800,,247.5,21,110,,,,
2025-08-16 23:19:00 UTC,700,,202.5,20,143,,,,
2025-08-15 22:37:00 UTC,1000,,0,22,119,,,,
2025-08-15 03:44:00 UTC,800,,90,21,106,,,,
2025-08-15 03:38:00 UTC,900,,45,20,99,,,,
2025-08-14 22:58:00 UTC,900,,22.5,22,123,,,,
2025-08-14 01:23:00 UTC,500,,270,22,110,,,,
2025-08-13 05:52:00 UTC,1000,,225,22,93,,,,
2025-08-13 03:44:00 UTC,900,,112.5,21,106,,,,
2025-08-13 02:38:00 UTC,1000,,157.5,22,138,,,,
2025-08-12 21:58:00 UTC,700,,0,22,125,,,,
2025-08-12 00:44:00 UTC,900,,225,22,86,,,,
2025-08-12 00:30:00 UTC,1000,,225,22,89,,,,
2025-08-11 01:38:00 UTC,700,,270,22,126,,,,
2025-08-09 16:51:00 UTC,600,,225,22,99,,,,
2025-08-09 16:13:00 UTC,600,,225,23,122,,,,
2025-08-09 02:33:00 UTC,500,,225,22,98,,,,
2025-08-08 21:26:00 UTC,500,,270,22,166,,,,
2025-08-07 16:44:00 UTC,800,,315,22,145,,,,
2025-08-07 02:12:00 UTC,500,,0,22,129,,,,
2025-08-06 17:58:00 UTC,700,,0,22,102,,,,
2025-08-06 16:34:00 UTC,400,,0,22,105,,,,
2025-08-06 14:19:00 UTC,500,,0,22,109,,,,
2025-08-06 03:08:00 UTC,700,,22.5,22,167,,,,
2025-08-05 22:24:00 UTC,600,,0,22,74,,,,
2025-08-05 10:53:00 UTC,300,,225,20,68,,,,
2025-08-05 10:25:00 UTC,800,,180,22,89,,,,
2025-08-05 00:07:00 UTC,500,,225,22,110,,,,
2025-08-04 10:35:00 UTC,900,,247.5,22,211,,,,
2025-08-04 00:52:00 UTC,800,,225,22,181,,,,
2025-08-03 22:56:00 UTC,500,,225,21,68,,,,
2025-08-03 01:04:00 UTC,500,,202.5,22,128,,,,
2025-08-02 23:00:00 UTC,700,,180,22,98,,,,
2025-08-02 22:17:00 UTC,900,,180,22,117,,,,
2025-08-02 17:11:00 UTC,400,,225,21,74,,,,
2025-08-02 17:06:00 UTC,400,,225,21,66,,,,
2025-08-01 23:26:00 UTC,700,,180,22,96,,,,
2025-08-01 17:58:00 UTC,600,,225,22,110,,,,
2025-08-01 16:07:00 UTC,500,,225,22,125,,,,
2025-07-27 00:32:00 UTC,800,,45,22,192,,,,
2025-07-26 22:19:00 UTC,500,,45,22,124,,,,
2025-07-26 17:58:00 UTC,700,,0,22,149,,,,
2025-07-26 13:38:00 UTC,500,,0,22,146,,,,
2025-07-24 00:09:00 UTC,1000,,90,22,214,,,,
2025-07-23 14:01:00 UTC,300,,225,21,68,,,,
2025-07-23 13:52:00 UTC,900,,225,22,103,,,,
2025-07-23 13:30:00 UTC,700,,225,22,101,,,,
2025-07-23 02:14:00 UTC,700,,225,22,155,,,,
2025-07-22 23:11:00 UTC,600,,180,22,72,,,,
2025-07-22 22:39:00 UTC,1000,,135,22,110,,,,
2025-07-22 22:31:00 UTC,900,,180,22,101,,,,
2025-07-22 17:53:00 UTC,600,,225,22,79,,,,
2025-07-22 17:47:00 UTC,800,,0,22,99,,,,
2025-07-20 22:51:00 UTC,800,,180,22,113,,,,
2025-07-20 18:10:00 UTC,500,,225,21,69,,,,
2025-07-20 17:37:00 UTC,800,,270,22,98,,,,
2025-07-20 03:12:00 UTC,500,,225,22,112,,,,
2025-07-19 13:33:00 UTC,600,,180,22,78,,,,
2025-07-19 12:32:00 UTC,700,,225,22,99,,,,
2025-07-19 11:54:00 UTC,300,,225,20,65,,,,
2025-07-19 02:50:00 UTC,1000,,225,22,135,,,,
2025-07-19 02:40:00 UTC,700,,225,22,129,,,,
2025-07-19 00:43:00 UTC,500,,225,22,115,,,,
2025-07-18 10:49:00 UTC,600,,270,22,88,,,,
2025-07-18 00:04:00 UTC,700,,0,22,130,,,,
2025-07-17 23:22:00 UTC,700,,0,22,128,,,,
2025-07-17 00:42:00 UTC,1000,,225,22,158,,,,
2025-07-16 21:30:00 UTC,800,,270,22,170,,,,
2025-07-16 10:19:00 UTC,800,,270,22,140,,,,
2025-07-15 00:15:00 UTC,1200,,180,22,134,,,,
2025-07-14 23:51:00 UTC,600,,0,22,82,,,,
2025-07-14 21:20:00 UTC,800,,202.5,22,152,,,,
2025-07-14 12:01:00 UTC,400,,180,22,88,,,,
2025-07-14 07:06:00 UTC,1000,,202.5,22,243,,,,
2025-07-12 22:56:00 UTC,600,,270,22,182,,,,
2025-07-11 16:45:00 UTC,800,,202.5,22,112,,,,
2025-07-10 23:31:00 UTC,700,,135,22,126,,,,
2025-07-09 01:14:00 UTC,1000,,247.5,22,214,,,,
2025-07-08 23:26:00 UTC,800,,270,22,123,,,,
2025-07-08 17:31:00 UTC,400,,225,21,91,,,,
2025-07-08 05:47:00 UTC,600,,225,21,96,,,,
2025-07-08 01:41:00 UTC,400,,270,22,118,,,,
2025-07-07 00:11:00 UTC,600,,247.5,22,93,,,,
2025-07-06 01:52:00 UTC,400,,225,22,123,,,,
2025-07-02 03:37:00 UTC,1000,,22.5,22,234,,,,
2025-07-02 00:55:00 UTC,700,,0,22,158,,,,
2025-07-02 00:00:00 UTC,700,,0,22,139,,,,
2025-07-01 15:34:00 UTC,700,,0,22,172,,,,
2025-06-30 17:30:00 UTC,500,,225,22,68,,,,
2025-06-30 17:25:00 UTC,600,,315,22,72,,,,
2025-06-23 01:02:00 UTC,500,,247.5,22,101,,,,
2025-06-21 02:03:00 UTC,1000,,270,21,115,,,,
2025-06-21 00:46:00 UTC,500,,315,22,100,,,,
2025-06-20 22:50:00 UTC,1200,,0,22,110,,,,
2025-06-20 18:08:00 UTC,400,,247.5,21,75,,,,
2025-06-20 17:58:00 UTC,400,,225,21,84,,,,
2025-06-20 17:53:00 UTC,600,,225,21,96,,,,
2025-06-20 13:37:00 UTC,700,,225,22,97,,,,
2025-06-20 01:10:00 UTC,500,,270,22,99,,,,
2025-06-20 00:38:00 UTC,400,,270,22,87,,,,
2025-06-19 23:56:00 UTC,700,,225,22,101,,,,
2025-06-19 17:45:00 UTC,700,,225,22,116,,,,
2025-06-19 13:11:00 UTC,800,,0,22,106,,,,
2025-06-19 03:32:00 UTC,700,,225,22,107,,,,
2025-06-19 00:25:00 UTC,700,,180,22,105,,,,
2025-06-18 22:03:00 UTC,800,,247.5,22,159,,,,
2025-06-18 16:17:00 UTC,600,,22.5,22,102,,,,
2025-06-18 14:51:00 UTC,500,,22.5,21,101,,,,
2025-06-18 13:20:00 UTC,800,,157.5,22,124,,,,
2025-06-18 02:48:00 UTC,500,,225,22,103,,,,
2025-06-18 02:27:00 UTC,600,,202.5,22,105,,,,
2025-06-17 22:59:00 UTC,500,,225,22,98,,,,
2025-06-17 22:19:00 UTC,600,,225,22,88,,,,
2025-06-17 16:27:00 UTC,500,,22.5,22,166,,,,
2025-06-16 17:42:00 UTC,500,,270,22,97,,,,
2025-06-15 16:14:00 UTC,600,,337.5,22,109,,,,
2025-06-14 23:15:00 UTC,500,,135,22,118,,,,
2025-06-14 21:54:00 UTC,600,,157.5,22,223,,,,
2025-06-14 14:43:00 UTC,500,,202.5,21,96,,,,
2025-06-14 01:25:00 UTC,600,,225,22,90,,,,
2025-06-13 01:48:00 UTC,700,,225,22,115,,,,
2025-06-12 03:20:00 UTC,700,,225,22,132,,,,
2025-06-12 02:25:00 UTC,1000,,225,22,178,,,,
2025-06-11 17:37:00 UTC,500,,0,22,69,,,,
2025-06-11 17:29:00 UTC,600,,0,22,72,,,,
2025-06-11 01:11:00 UTC,500,,225,22,153,,,,
2025-06-10 00:49:00 UTC,700,,225,22,162,,,,
2025-06-09 22:47:00 UTC,1000,,225,22,191,,,,
2025-06-07 01:59:00 UTC,700,,0,22,91,,,,
2025-06-07 01:24:00 UTC,300,,0,21,57,,,,
2025-06-07 01:16:00 UTC,700,,0,22,92,,,,
2025-06-07 00:20:00 UTC,700,,0,22,94,,,,
2025-06-06 23:27:00 UTC,900,,0,22,97,,,,
2025-06-06 19:41:00 UTC,500,,0,22,154,,,,
2025-06-06 15:08:00 UTC,700,,292.5,22,130,,,,
2025-06-06 10:43:00 UTC,1000,,0,22,115,,,,
2025-06-06 09:30:00 UTC,400,,0,22,68,,,,
2025-06-05 23:46:00 UTC,500,,0,22,127,,,,
2025-06-05 21:50:00 UTC,400,,315,22,121,,,,
2025-06-05 16:45:00 UTC,800,,337.5,22,124,,,,
2025-06-05 14:55:00 UTC,600,,0,22,124,,,,
2025-06-05 13:17:00 UTC,700,,0,22,123,,,,
2025-06-05 10:43:00 UTC,800,,0,22,178,,,,
2025-06-05 04:34:00 UTC,700,,270,22,191,,,,
2025-06-05 02:40:00 UTC,300,,270,20,95,,,,
2025-06-04 00:01:00 UTC,800,,337.5,22,148,,,,
2025-06-03 22:48:00 UTC,700,,0,22,190,,,,
2025-06-03 21:10:00 UTC,500,,0,22,110,,,,
2025-06-03 17:33:00 UTC,500,,225,22,145,,,,
2025-06-03 17:01:00 UTC,800,,0,22,110,,,,
2025-06-03 16:17:00 UTC,800,,0,22,97,,,,
2025-06-03 13:38:00 UTC,400,,180,22,89,,,,
2025-06-03 00:41:00 UTC,500,,225,22,115,,,,
2025-06-02 22:55:00 UTC,1000,,0,22,101,,,,
2025-06-02 22:43:00 UTC,200,,0,20,56,,,,
2025-06-02 17:35:00 UTC,700,,225,22,96,,,,
2025-06-01 10:14:00 UTC,400,,225,22,133,,,,
2025-05-30 22:19:00 UTC,100,,270,22,179,,,,
2025-05-30 21:23:00 UTC,100,,270,22,188,,,,
2025-05-29 23:35:00 UTC,500,,225,22,115,,,,
2025-05-29 17:22:00 UTC,400,,225,22,87,,,,
2025-05-29 03:53:00 UTC,600,,0,22,147,,,,
2025-05-29 03:28:00 UTC,500,,0,22,132,,,,
2025-05-28 22:31:00 UTC,900,,0,22,110,,,,
2025-05-28 22:28:00 UTC,500,,0,22,94,,,,
2025-05-28 18:03:00 UTC,900,,225,22,101,,,,
2025-05-28 16:29:00 UTC,500,,225,22,150,,,,
2025-05-27 23:56:00 UTC,300,,90,20,106,,,,
2025-05-27 23:12:00 UTC,1200,,45,22,122,,,,
2025-05-27 19:37:00 UTC,500,,0,22,96,,,,
2025-05-27 17:59:00 UTC,600,,0,22,87,,,,
2025-05-27 16:31:00 UTC,300,,270,22,127,,,,
2025-05-26 17:45:00 UTC,600,,157.5,23,123,,,,
2025-05-26 00:05:00 UTC,500,,180,22,100,,,,
2025-05-25 22:32:00 UTC,500,,180,21,57,,,,
2025-05-24 23:46:00 UTC,1200,,157.5,22,137,,,,
2025-05-24 22:17:00 UTC,700,,0,22,96,,,,
2025-05-24 22:10:00 UTC,900,,0,22,110,,,,
2025-05-24 01:50:00 UTC,600,,180,22,126,,,,
2025-05-24 00:29:00 UTC,400,,157.5,22,114,,,,
2025-05-23 22:53:00 UTC,800,,45,22,98,,,,
2025-05-23 17:38:00 UTC,700,,270,22,105,,,,
2025-05-23 16:14:00 UTC,600,,180,22,110,,,,
2025-05-22 20:02:00 UTC,600,,202.5,22,110,,,,
2025-05-22 18:01:00 UTC,500,,270,21,119,,,,
2025-05-22 00:19:00 UTC,800,,202.5,22,107,,,,
2025-05-21 23:17:00 UTC,700,,247.5,20,140,,,,
2025-05-21 22:34:00 UTC,600,,270,20,154,,,,
2025-05-20 00:23:00 UTC,1000,,225,22,120,,,,
2025-05-19 23:45:00 UTC,1000,,225,22,117,,,,
2025-05-18 23:50:00 UTC,500,,180,21,103,,,,
2025-05-18 22:32:00 UTC,1000,,270,22,271,,,,
2025-05-17 22:14:00 UTC,700,,270,22,154,,,,
2025-05-17 21:32:00 UTC,500,,270,20,154,,,,
2025-05-17 20:55:00 UTC,800,,270,20,189,,,,
2025-05-16 22:51:00 UTC,700,,270,20,128,,,,
2025-05-16 22:16:00 UTC,500,,0,20,199,,,,
2025-05-15 23:09:00 UTC,700,,225,22,93,,,,
2025-05-15 18:24:00 UTC,1000,,337.5,22,120,,,,
2025-05-15 16:43:00 UTC,300,,0,21,87,,,,
2025-05-15 15:43:00 UTC,300,,0,21,74,,,,
2025-05-15 14:50:00 UTC,400,,225,21,86,,,,
2025-05-15 00:29:00 UTC,900,,225,22,103,,,,
2025-05-14 23:44:00 UTC,500,,225,21,66,,,,
2025-05-14 20:04:00 UTC,900,,180,22,95,,,,
2025-05-14 18:01:00 UTC,1000,,157.5,22,113,,,,
2025-05-14 16:09:00 UTC,400,,225,21,88,,,,
2025-05-14 11:32:00 UTC,300,,225,20,66,,,,
2025-05-14 11:21:00 UTC,300,,225,20,64,,,,
2025-05-14 00:40:00 UTC,1000,,225,22,121,,,,
2025-05-13 23:06:00 UTC,500,,180,22,75,,,,
2025-05-13 17:34:00 UTC,300,,225,20,54,,,,
2025-05-13 16:34:00 UTC,400,,225,,,,,,
2025-05-13 14:01:00 UTC,700,,225,22,124,,,,
2025-05-13 12:15:00 UTC,500,,225,21,83,,,,
2025-05-13 11:23:00 UTC,500,,225,22,101,,,,
2025-05-13 10:44:00 UTC,700,,225,22,92,,,,
2025-05-13 08:59:00 UTC,600,,225,22,94,,,,
2025-05-12 21:54:00 UTC,1000,,270,22,167,,,,
2025-05-12 17:23:00 UTC,600,,270,22,150,,,,
2025-05-12 16:04:00 UTC,800,,202.5,22,140,,,,
2025-05-12 14:52:00 UTC,1000,,225,22,116,,,,
2025-05-11 23:53:00 UTC,700,,0,22,98,,,,
2025-05-11 18:00:00 UTC,500,,0,22,112,,,,
2025-05-11 00:37:00 UTC,400,,0,21,72,,,,
2025-05-11 00:17:00 UTC,700,,0,21,88,,,,
2025-05-10 23:50:00 UTC,400,,0,21,66,,,,
2025-05-10 22:45:00 UTC,600,,22.5,22,86,,,,
2025-05-10 17:26:00 UTC,800,,0,22,102,,,,
2025-05-10 14:32:00 UTC,500,,0,22,78,,,,
2025-05-10 13:47:00 UTC,700,,0,22,110,,,,
2025-05-10 12:46:00 UTC,500,,0,22,101,,,,
2025-05-10 12:44:00 UTC,400,,0,22,99,,,,
2025-05-09 19:28:00 UTC,400,,45,22,85,,,,
2025-05-09 17:14:00 UTC,800,,157.5,22,115,,,,
2025-05-09 14:25:00 UTC,600,,225,22,95,,,,
2025-05-09 13:12:00 UTC,700,,225,22,97,,,,
2025-05-09 12:44:00 UTC,600,,225,22,101,,,,
2025-05-09 11:35:00 UTC,300,,225,22,88,,,,
2025-05-09 09:45:00 UTC,700,,225,22,99,,,,
2025-05-08 23:57:00 UTC,800,,0,22,91,,,,
2025-05-08 19:51:00 UTC,1000,,270,22,100,,,,
2025-05-08 18:32:00 UTC,800,,292.5,22,104,,,,
2025-05-08 17:36:00 UTC,800,,247.5,22,105,,,,
2025-05-08 15:00:00 UTC,500,,0,22,89,,,,
2025-05-08 13:20:00 UTC,500,,0,22,92,,,,
2025-05-08 11:37:00 UTC,400,,0,22,96,,,,
2025-05-08 11:18:00 UTC,900,,225,22,117,,,,
2025-05-08 10:17:00 UTC,700,,292.5,21,101,,,,
2025-05-08 09:00:00 UTC,700,,270,22,103,,,,
2025-05-08 02:06:00 UTC,500,,225,22,101,,,,
2025-05-08 02:04:00 UTC,400,,225,22,99,,,,
2025-05-07 23:45:00 UTC,500,,315,22,112,,,,
2025-05-07 23:41:00 UTC,800,,270,22,141,,,,
2025-05-07 22:11:00 UTC,600,,315,22,97,,,,
2025-05-07 21:36:00 UTC,600,,270,22,121,,,,
2025-05-07 18:34:00 UTC,700,,247.5,22,108,,,,
2025-05-07 17:06:00 UTC,800,,225,22,101,,,,
2025-05-07 15:34:00 UTC,400,,270,22,145,,,,
2025-05-07 15:26:00 UTC,800,,270,22,147,,,,
2025-05-07 12:16:00 UTC,1000,,270,22,118,,,,
2025-05-06 01:12:00 UTC,700,,270,22,117,,,,
2025-05-05 23:24:00 UTC,600,,270,22,121,,,,
2025-05-05 00:11:00 UTC,500,,225,22,147,,,,
2025-05-04 20:37:00 UTC,800,,225,22,141,,,,
2025-05-04 01:42:00 UTC,600,,225,22,135,,,,
2025-05-03 22:14:00 UTC,500,,225,22,201,,,,
2025-05-03 21:57:00 UTC,900,,225,22,157,,,,
2025-05-03 14:24:00 UTC,500,,225,22,147,,,,
2025-05-03 00:02:00 UTC,700,,157.5,22,150,,,,
2025-05-02 22:27:00 UTC,900,,270,22,165,,,,
2025-05-02 21:59:00 UTC,700,,270,22,186,,,,
2025-05-02 20:59:00 UTC,800,,247.5,22,150,,,,
2025-05-02 15:22:00 UTC,700,,225,22,177,,,,
2025-05-02 13:46:00 UTC,500,,225,22,153,,,,
2025-05-02 01:54:00 UTC,700,,225,22,136,,,,
2025-05-02 00:30:00 UTC,1000,,225,22,179,,,,
2025-05-01 23:44:00 UTC,700,,225,22,700,,,,
2025-05-01 18:30:00 UTC,500,,225,22,156,,,,
2025-05-01 16:24:00 UTC,900,,225,22,110,,,,
2025-05-01 15:56:00 UTC,800,,225,22,97,,,,
2025-05-01 14:08:00 UTC,400,,225,22,89,,,,
2025-04-30 05:36:00 UTC,600,,225,22,91,,,,
2025-04-30 05:22:00 UTC,400,,225,16,67,,,,
2025-04-30 05:14:00 UTC,700,,225,22,94,,,,
2025-04-30 02:30:00 UTC,1000,,225,22,168,,,,
2025-04-30 01:48:00 UTC,800,,225,22,166,,,,
2025-04-30 00:28:00 UTC,500,,225,22,128,,,,
2025-04-29 10:22:00 UTC,700,,225,22,168,,,,
2025-04-29 06:08:00 UTC,700,,225,22,148,,,,
2025-04-29 04:13:00 UTC,700,,270,22,85,,,,
2025-04-29 02:05:00 UTC,700,,315,22,134,,,,
2025-04-28 22:17:00 UTC,900,,292.5,22,125,,,,
2025-04-28 13:58:00 UTC,300,,315,20,152,,,,
2025-04-28 10:51:00 UTC,600,,0,22,116,,,,
2025-04-27 20:48:00 UTC,300,,0,22,135,,,,
2025-04-27 14:32:00 UTC,500,,315,21,116,,,,
2025-04-27 10:28:00 UTC,500,,0,22,115,,,,
2025-04-27 00:57:00 UTC,700,,0,22,158,,,,
2025-04-26 23:31:00 UTC,500,,0,22,156,,,,
2025-04-26 22:39:00 UTC,800,,315,22,163,,,,
2025-04-26 17:20:00 UTC,600,,315,22,156,,,,
2025-04-26 16:22:00 UTC,800,,315,23,120,,,,
2025-04-26 09:34:00 UTC,800,,337.5,22,127,,,,
2025-04-26 03:39:00 UTC,800,,0,22,165,,,,
2025-04-26 00:55:00 UTC,600,,0,22,138,,,,
2025-04-25 21:33:00 UTC,700,,315,23,125,,,,
2025-04-25 18:29:00 UTC,600,,315,22,131,,,,
2025-04-25 17:55:00 UTC,600,,292.5,23,135,,,,
2025-04-25 16:17:00 UTC,400,,0,20,68,,,,
2025-04-25 13:46:00 UTC,500,,0,22,102,,,,
2025-04-25 12:54:00 UTC,700,,0,22,115,,,,
2025-04-25 11:45:00 UTC,500,,0,21,98,,,,
2025-04-25 11:09:00 UTC,800,,0,22,106,,,,
2025-04-25 10:41:00 UTC,900,,0,22,152,,,,
2025-04-24 21:53:00 UTC,700,,0,22,165,,,,
2025-04-24 18:10:00 UTC,500,,225,22,177,,,,
2025-04-24 16:31:00 UTC,700,,225,22,116,,,,
2025-04-24 15:57:00 UTC,700,,247.5,22,144,,,,
2025-04-24 01:28:00 UTC,600,,225,22,116,,,,
2025-04-24 00:49:00 UTC,600,,247.5,22,121,,,,
2025-04-24 00:28:00 UTC,600,,202.5,22,127,,,,
2025-04-23 23:03:00 UTC,700,,225,22,108,,,,
2025-04-23 18:32:00 UTC,600,,225,22,123,,,,
2025-04-23 11:21:00 UTC,700,,225,22,148,,,,
2025-04-23 10:06:00 UTC,800,,270,22,123,,,,
2025-04-23 00:25:00 UTC,800,,337.5,21,116,,,,
2025-04-22 23:28:00 UTC,900,,0,22,123,,,,
2025-04-22 18:31:00 UTC,600,,22.5,22,170,,,,
2025-04-22 17:17:00 UTC,700,,22.5,22,147,,,,
2025-04-22 14:12:00 UTC,500,,22.5,21,171,,,,
2025-04-22 10:45:00 UTC,700,,22.5,22,151,,,,
2025-04-22 01:41:00 UTC,80,,22.5,,,,,,
2025-04-21 23:53:00 UTC,500,,45,22,78,,,,
2025-04-21 23:30:00 UTC,700,,45,22,120,,,,
2025-04-21 22:55:00 UTC,800,,0,22,115,,,,
2025-04-20 22:46:00 UTC,500,,0,22,111,,,,
2025-04-20 14:02:00 UTC,500,,22.5,22,128,,,,
2025-04-20 11:49:00 UTC,800,,22.5,22,135,,,,
2025-04-19 23:59:00 UTC,700,,45,21,116,,,,
2025-04-19 15:20:00 UTC,700,,45,23,123,,,,
2025-04-19 00:21:00 UTC,800,,45,22,84,,,,
2025-04-18 22:49:00 UTC,600,,45,15,91,,,,
2025-04-18 21:41:00 UTC,400,,22.5,22,104,,,,
2025-04-18 21:34:00 UTC,700,,22.5,22,110,,,,
2025-04-17 14:25:00 UTC,700,,225,22,118,,,,
2025-04-17 02:17:00 UTC,1000,,112.5,22,117,,,,
2025-04-16 23:10:00 UTC,900,,45,22,124,,,,
2025-04-16 22:45:00 UTC,800,,0,22,150,,,,
2025-04-16 21:36:00 UTC,500,,0,22,140,,,,
2025-04-16 21:07:00 UTC,700,,202.5,22,161,,,,
2025-04-16 18:01:00 UTC,500,,247.5,22,125,,,,
2025-04-16 16:28:00 UTC,500,,180,21,100,,,,
2025-04-16 15:41:00 UTC,800,,180,22,120,,,,
2025-04-16 15:10:00 UTC,700,,180,22,123,,,,
2025-04-16 09:11:00 UTC,1300,,247.5,22,142,,,,
2025-04-16 00:28:00 UTC,1000,,22.5,22,123,,,,
2025-04-15 22:57:00 UTC,700,,225,22,165,,,,
2025-04-15 22:11:00 UTC,500,,225,22,154,,,,
2025-04-15 18:55:00 UTC,500,,225,22,136,,,,
2025-04-15 16:53:00 UTC,1200,,67.5,21,161,,,,
2025-04-15 02:18:00 UTC,1000,,225,22,190,,,,
2025-04-15 00:32:00 UTC,500,,225,22,118,,,,
2025-04-14 22:54:00 UTC,700,,45,22,118,,,,
2025-04-11 20:57:00 UTC,700,,225,22,190,,,,
2025-04-11 13:00:00 UTC,800,,225,22,136,,,,
2025-04-10 23:50:00 UTC,500,,225,22,102,,,,
2025-04-10 21:50:00 UTC,500,,180,22,145,,,,
2025-04-10 17:08:00 UTC,400,,225,21,101,,,,
2025-04-10 16:20:00 UTC,600,,225,22,125,,,,
2025-04-10 15:30:00 UTC,500,,225,22,102,,,,
2025-04-10 14:54:00 UTC,500,,225,22,113,,,,
2025-04-10 13:47:00 UTC,500,,225,22,122,,,,
2025-04-10 12:22:00 UTC,500,,225,22,119,,,,
2025-04-10 12:15:00 UTC,700,,225,22,125,,,,
2025-04-09 23:40:00 UTC,700,,247.5,22,150,,,,
2025-04-09 22:45:00 UTC,400,,225,21,102,,,,
2025-04-09 22:15:00 UTC,400,,225,21,110,,,,
2025-04-09 17:41:00 UTC,800,,225,22,125,,,,
2025-04-09 17:18:00 UTC,500,,225,22,119,,,,
2025-04-09 03:22:00 UTC,700,,225,22,129,,,,
2025-04-09 02:47:00 UTC,700,,225,22,132,,,,
2025-04-09 02:06:00 UTC,400,,225,21,101,,,,
2025-04-08 01:58:00 UTC,400,,225,21,115,,,,
2025-04-08 01:49:00 UTC,600,,225,22,121,,,,
2025-04-08 01:47:00 UTC,400,,225,21,89,,,,
2025-04-07 01:22:00 UTC,800,,337.5,22,105,,,,
2025-04-06 22:41:00 UTC,800,,0,22,170,,,,
2025-04-06 19:10:00 UTC,500,,0,22,128,,,,
2025-04-06 17:23:00 UTC,600,,0,22,171,,,,
2025-04-06 15:09:00 UTC,500,,0,22,107,,,,
2025-04-06 13:24:00 UTC,700,,22.5,22,111,,,,
2025-04-06 00:43:00 UTC,600,,0,23,114,,,,
2025-04-05 19:20:00 UTC,500,,0,22,175,,,,
2025-04-05 17:42:00 UTC,500,,0,22,181,,,,
2025-04-05 02:03:00 UTC,800,,67.5,22,132,,,,
2025-04-05 00:50:00 UTC,900,,67.5,21,115,,,,
2025-04-04 20:57:00 UTC,800,,0,22,110,,,,
2025-04-04 19:05:00 UTC,600,,0,22,107,,,,
2025-04-04 17:53:00 UTC,600,,22.5,22,109,,,,
2025-04-04 01:23:00 UTC,800,,45,21,126,,,,
2025-04-04 00:15:00 UTC,500,,22.5,22,137,,,,
2025-04-03 23:28:00 UTC,700,,45,21,138,,,,
2025-04-03 22:00:00 UTC,800,,45,24,160,,,,
2025-04-03 21:03:00 UTC,800,,0,22,137,,,,
2025-04-03 15:39:00 UTC,700,,67.5,22,142,,,,
2025-04-03 00:09:00 UTC,900,,112.5,22,144,,,,
2025-04-01 22:33:00 UTC,700,,180,22,245,,,,
2025-04-01 20:53:00 UTC,700,,180,22,170,,,,
2025-04-01 13:26:00 UTC,800,,0,22,124,,,,
2025-04-01 00:00:00 UTC,700,,90,22,135,,,,
2025-03-31 18:03:00 UTC,400,,0,21,110,,,,
2025-03-31 17:39:00 UTC,600,,0,22,125,,,,
2025-03-31 01:01:00 UTC,300,,90,22,119,,,,
2025-03-30 23:47:00 UTC,500,,45,22,116,,,,
2025-03-30 23:04:00 UTC,800,,67.5,22,129,,,,
2025-03-30 22:15:00 UTC,400,,67.5,22,141,,,,
2025-03-30 21:14:00 UTC,800,,45,22,156,,,,
2025-03-30 18:04:00 UTC,800,,67.5,23,164,,,,
2025-03-30 16:43:00 UTC,500,,0,22,123,,,,
2025-03-30 16:39:00 UTC,600,,0,22,122,,,,
2025-03-30 15:49:00 UTC,600,,0,22,116,,,,
2025-03-30 15:12:00 UTC,400,,0,21,103,,,,
2025-03-30 14:36:00 UTC,500,,0,21,118,,,,
2025-03-29 23:43:00 UTC,600,,22.5,22,125,,,,
2025-03-29 22:06:00 UTC,200,,0,22,102,,,,
2025-03-29 20:07:00 UTC,700,,45,22,167,,,,
2025-03-29 01:06:00 UTC,500,,45,23,148,,,,
2025-03-28 23:44:00 UTC,600,,45,22,143,,,,
2025-03-28 21:52:00 UTC,800,,180,22,138,,,,
2025-03-28 21:46:00 UTC,800,,180,22,174,,,,
2025-03-27 23:03:00 UTC,700,,22.5,22,162,,,,
2025-03-27 22:48:00 UTC,400,,45,22,123,,,,
2025-03-27 19:31:00 UTC,400,,45,22,159,,,,
2025-03-27 15:31:00 UTC,400,,45,22,119,,,,
2025-03-26 23:43:00 UTC,500,,67.5,20,110,,,,
2025-03-26 18:31:00 UTC,400,,0,21,115,,,,
2025-03-26 08:38:00 UTC,500,,45,20,108,,,,
2025-03-26 00:33:00 UTC,500,,45,22,125,,,,
2025-03-26 00:02:00 UTC,600,,0,22,119,,,,
2025-03-25 21:20:00 UTC,300,,45,22,124,,,,
2025-03-21 01:10:00 UTC,300,,45,21,113,,,,
2025-03-20 00:27:00 UTC,300,,0,22,122,,,,
2025-03-19 22:31:00 UTC,400,,22.5,20,118,,,,
2025-03-18 17:16:00 UTC,900,,0,22,163,,,,
2025-03-17 22:37:00 UTC,1000,,22.5,22,179,,,,
2025-03-17 21:50:00 UTC,500,,22.5,22,138,,,,
2025-03-17 16:16:00 UTC,900,,45,21,142,,,,
2025-03-17 13:35:00 UTC,1000,,22.5,22,157,,,,
2025-03-17 13:03:00 UTC,800,,45,21,143,,,,
2025-03-17 09:30:00 UTC,800,,225,22,128,,,,
2025-03-17 01:11:00 UTC,1000,,225,22,127,,,,
2025-03-17 00:56:00 UTC,900,,135,22,125,,,,
2025-03-16 23:17:00 UTC,800,,157.5,22,135,,,,
2025-03-16 22:38:00 UTC,700,,157.5,22,160,,,,
2025-03-16 19:38:00 UTC,500,,180,22,130,,,,
2025-03-16 15:24:00 UTC,800,,225,21,144,,,,
2025-03-16 14:54:00 UTC,1000,,225,22,111,,,,
2025-03-16 14:00:00 UTC,700,,225,21,132,,,,
2025-03-16 12:38:00 UTC,900,,202.5,22,137,,,,
2025-03-15 21:31:00 UTC,500,,225,22,120,,,,
2025-03-15 18:57:00 UTC,500,,225,22,129,,,,
2025-03-15 13:19:00 UTC,900,,315,23,122,,,,
2025-03-15 12:27:00 UTC,900,,315,23,133,,,,
2025-03-15 09:02:00 UTC,1200,,22.5,22,125,,,,
2025-03-14 23:50:00 UTC,500,,247.5,22,114,,,,
2025-03-14 23:12:00 UTC,700,,247.5,22,134,,,,
2025-03-14 20:40:00 UTC,500,,0,22,140,,,,
2025-03-14 19:17:00 UTC,800,,22.5,22,184,,,,
2025-03-14 14:22:00 UTC,500,,225,22,165,,,,
2025-03-14 00:43:00 UTC,700,,0,22,130,,,,
2025-03-13 21:45:00 UTC,600,,225,22,120,,,,
2025-03-13 17:50:00 UTC,700,,180,22,110,,,,
2025-03-13 12:35:00 UTC,500,,45,22,135,,,,
2025-03-12 23:56:00 UTC,600,,0,22,121,,,,
2025-03-12 23:42:00 UTC,700,,0,22,119,,,,
2025-03-12 23:37:00 UTC,500,,0,21,115,,,,
2025-03-12 22:40:00 UTC,900,,225,22,155,,,,
2025-03-11 22:49:00 UTC,1000,,67.5,22,126,,,,
2025-03-11 22:04:00 UTC,700,,45,22,118,,,,
2025-03-11 20:01:00 UTC,500,,157.5,22,118,,,,
2025-03-11 18:51:00 UTC,600,,135,22,130,,,,
2025-03-11 16:43:00 UTC,600,,225,22,119,,,,
2025-03-11 16:10:00 UTC,700,,180,22,125,,,,
2025-03-11 15:47:00 UTC,500,,225,22,122,,,,
2025-03-11 01:34:00 UTC,500,,0,21,115,,,,
2025-03-11 01:13:00 UTC,500,,45,21,118,,,,
2025-03-11 00:47:00 UTC,500,,45,21,102,,,,
2025-03-10 23:39:00 UTC,200,,45,22,109,,,,
2025-03-10 18:19:00 UTC,700,,135,22,144,,,,
2025-03-10 16:54:00 UTC,200,,135,22,121,,,,
2025-03-10 16:37:00 UTC,400,,135,20,90,,,,
2025-03-10 13:01:00 UTC,400,,180,21,99,,,,
2025-03-09 23:16:00 UTC,900,,202.5,22,113,,,,
2025-03-09 22:22:00 UTC,1000,,180,22,126,,,,
2025-03-09 21:30:00 UTC,1000,,180,22,129,,,,
2025-03-09 21:07:00 UTC,1000,,180,22,128,,,,
2025-03-09 20:15:00 UTC,1100,,180,22,127,,,,
2025-03-09 19:43:00 UTC,1000,,180,22,125,,,,
2025-03-09 19:33:00 UTC,700,,180,22,122,,,,
2025-03-09 19:04:00 UTC,1000,,180,22,125,,,,
2025-03-09 18:04:00 UTC,400,,180,20,99,,,,
2025-03-09 17:54:00 UTC,600,,180,21,115,,,,
2025-03-09 09:46:00 UTC,400,,225,22,106,,,,
2025-03-09 08:53:00 UTC,700,,202.5,22,102,,,,
2025-03-09 01:27:00 UTC,500,,180,21,116,,,,
2025-03-09 00:26:00 UTC,1300,,180,22,126,,,,
2025-03-08 23:24:00 UTC,900,,180,22,121,,,,
2025-03-08 21:13:00 UTC,400,,180,22,177,,,,
2025-03-08 18:39:00 UTC,300,,180,22,166,,,,
2025-03-08 15:28:00 UTC,600,,225,22,105,,,,
2025-03-08 13:25:00 UTC,500,,225,22,135,,,,
2025-03-08 10:58:00 UTC,400,,180,21,101,,,,
2025-03-08 10:32:00 UTC,700,,180,22,121,,,,
2025-03-08 01:22:00 UTC,700,,202.5,22,176,,,,
2025-03-08 01:06:00 UTC,600,,225,22,178,,,,
2025-03-07 22:51:00 UTC,600,,225,22,122,,,,
2025-03-07 21:56:00 UTC,500,,180,22,100,,,,
2025-03-07 19:29:00 UTC,700,,225,22,106,,,,
2025-03-07 18:26:00 UTC,500,,225,22,119,,,,
2025-03-07 18:04:00 UTC,400,,225,22,102,,,,
2025-03-07 16:45:00 UTC,400,,225,22,103,,,,
2025-03-07 15:15:00 UTC,500,,225,22,139,,,,
2025-03-06 23:33:00 UTC,600,,270,22,114,,,,
2025-03-06 22:19:00 UTC,800,,0,21,114,,,,
2025-03-06 21:34:00 UTC,1200,,0,22,128,,,,
2025-03-06 19:57:00 UTC,700,,0,21,99,,,,
2025-03-06 19:33:00 UTC,600,,0,21,101,,,,
2025-03-06 19:25:00 UTC,500,,0,21,105,,,,
2025-03-06 18:35:00 UTC,300,,0,20,63,,,,
2025-03-06 18:23:00 UTC,300,,0,20,62,,,,
2025-03-06 18:04:00 UTC,500,,225,21,101,,,,
2025-03-06 17:38:00 UTC,1100,,225,22,127,,,,
2025-03-06 16:39:00 UTC,1000,,225,22,291,,,,
2025-03-06 00:20:00 UTC,200,,225,20,61,,,,
2025-03-05 23:57:00 UTC,1100,,225,22,122,,,,
2025-03-05 17:56:00 UTC,500,,225,22,122,,,,
2025-03-05 10:15:00 UTC,400,,225,22,123,,,,
2025-03-05 01:50:00 UTC,500,,225,22,115,,,,
2025-03-04 18:53:00 UTC,200,,270,22,110,,,,
2025-03-04 09:43:00 UTC,400,,225,22,121,,,,
2025-03-03 00:23:00 UTC,500,,315,22,120,,,,
2025-03-02 23:30:00 UTC,500,,0,22,126,,,,
2025-03-02 23:13:00 UTC,700,,225,22,139,,,,
2025-03-02 19:43:00 UTC,700,,0,22,172,,,,
2025-03-01 17:31:00 UTC,300,,270,20,67,,,,
2025-03-01 15:46:00 UTC,500,,315,22,120,,,,
2025-03-01 13:17:00 UTC,800,,337.5,23,134,,,,
2025-03-01 12:53:00 UTC,800,,292.5,22,124,,,,
2025-03-01 01:12:00 UTC,700,,270,22,126,,,,
2025-02-28 18:17:00 UTC,1000,,225,22,123,,,,
2025-02-28 16:43:00 UTC,800,,247.5,22,121,,,,
2025-02-28 15:48:00 UTC,600,,225,21,135,,,,
2025-02-28 15:15:00 UTC,700,,225,22,143,,,,
2025-02-28 14:20:00 UTC,900,,225,23,147,,,,
2025-02-28 08:45:00 UTC,1300,,0,22,137,,,,
2025-02-27 18:06:00 UTC,500,,247.5,22,124,,,,
2025-02-27 16:09:00 UTC,800,,315,22,140,,,,
2025-02-27 15:18:00 UTC,700,,270,21,110,,,,
2025-02-27 14:22:00 UTC,700,,315,22,152,,,,
2025-02-27 11:26:00 UTC,900,,315,22,172,,,,
2025-02-27 10:00:00 UTC,700,,225,22,100,,,,
2025-02-26 23:15:00 UTC,1200,,225,22,139,,,,
2025-02-26 21:19:00 UTC,600,,270,22,118,,,,
2025-02-26 20:43:00 UTC,600,,202.5,22,126,,,,
2025-02-26 18:44:00 UTC,700,,225,23,147,,,,
2025-02-26 16:05:00 UTC,700,,225,20,159,,,,
2025-02-26 15:19:00 UTC,1000,,247.5,22,161,,,,
2025-02-26 14:16:00 UTC,600,,225,21,117,,,,
2025-02-26 13:40:00 UTC,700,,270,22,146,,,,
2025-02-26 10:30:00 UTC,1100,,0,22,136,,,,
2025-02-25 22:30:00 UTC,800,,337.5,22,140,,,,
2025-02-25 21:39:00 UTC,700,,337.5,23,133,,,,
2025-02-25 17:23:00 UTC,700,,225,21,141,,,,
2025-02-25 16:33:00 UTC,900,,225,22,133,,,,
2025-02-25 16:16:00 UTC,800,,225,22,126,,,,
2025-02-24 16:01:00 UTC,500,,225,22,128,,,,
2025-02-23 22:43:00 UTC,900,,0,22,133,,,,
2025-02-23 18:21:00 UTC,600,,0,22,123,,,,
2025-02-23 00:27:00 UTC,900,,225,22,114,,,,
2025-02-22 14:48:00 UTC,700,,225,22,124,,,,
2025-02-22 14:13:00 UTC,300,,225,20,88,,,,
2025-02-22 13:45:00 UTC,500,,225,21,110,,,,
2025-02-22 13:30:00 UTC,600,,225,22,125,,,,
2025-02-22 12:18:00 UTC,600,,225,21,118,,,,
2025-02-22 10:48:00 UTC,500,,90,18,78,,,,
2025-02-21 22:35:00 UTC,700,,135,22,145,,,,
2025-02-21 22:24:00 UTC,800,,157.5,22,133,,,,
2025-02-21 19:12:00 UTC,800,,67.5,22,134,,,,
2025-02-21 17:59:00 UTC,900,,67.5,22,195,,,,
2025-02-21 16:34:00 UTC,600,,45,22,100,,,,
2025-02-21 09:21:00 UTC,700,,90,22,132,,,,
2025-02-21 01:01:00 UTC,1000,,112.5,23,126,,,,
2025-02-20 23:58:00 UTC,900,,112.5,22,135,,,,
2025-02-20 23:16:00 UTC,800,,135,22,118,,,,
2025-02-20 19:45:00 UTC,1000,,22.5,22,154,,,,
2025-02-20 17:59:00 UTC,300,,22.5,22,113,,,,
2025-02-20 17:49:00 UTC,700,,0,22,103,,,,
2025-02-20 17:29:00 UTC,500,,0,22,137,,,,
2025-02-20 16:48:00 UTC,700,,0,22,184,,,,
2025-02-20 03:32:00 UTC,800,,112.5,22,113,,,,
2025-02-20 00:13:00 UTC,1000,,112.5,23,138,,,,
2025-02-19 23:26:00 UTC,800,,112.5,22,160,,,,
2025-02-19 22:44:00 UTC,1000,,157.5,22,160,,,,
2025-02-19 16:18:00 UTC,500,,157.5,22,135,,,,
2025-02-19 15:00:00 UTC,500,,157.5,22,125,,,,
2025-02-19 00:52:00 UTC,700,,157.5,22,173,,,,
2025-02-18 23:38:00 UTC,700,,157.5,22,164,,,,
2025-02-18 22:28:00 UTC,900,,180,22,125,,,,
2025-02-18 00:28:00 UTC,1000,,112.5,22,112,,,,
2025-02-17 23:07:00 UTC,800,,45,21,119,,,,
2025-02-17 22:20:00 UTC,800,,45,22,126,,,,
2025-02-17 17:38:00 UTC,500,,225,21,116,,,,
2025-02-17 16:52:00 UTC,600,,225,22,125,,,,
2025-02-17 13:21:00 UTC,500,,45,22,122,,,,
2025-02-15 22:34:00 UTC,500,,22.5,22,117,,,,
2025-02-15 19:40:00 UTC,500,,0,22,115,,,,
2025-02-15 15:41:00 UTC,700,,135,22,117,,,,
2025-02-15 00:42:00 UTC,500,,112.5,21,153,,,,
2025-02-15 00:02:00 UTC,600,,112.5,22,123,,,,
2025-02-14 19:34:00 UTC,700,,180,22,165,,,,
2025-02-14 19:07:00 UTC,500,,180,22,134,,,,
2025-02-14 15:14:00 UTC,800,,157.5,20,113,,,,
2025-02-14 01:03:00 UTC,500,,45,22,110,,,,
2025-02-13 22:57:00 UTC,600,,270,22,135,,,,
2025-02-13 21:52:00 UTC,1000,,270,22,163,,,,
2025-02-13 14:52:00 UTC,500,,22.5,22,161,,,,
2025-02-12 19:34:00 UTC,300,,0,22,128,,,,
2025-02-12 18:25:00 UTC,300,,0,22,118,,,,
2025-02-12 17:59:00 UTC,300,,0,22,202,,,,
2025-02-12 17:43:00 UTC,300,,0,22,147,,,,
2025-02-12 11:46:00 UTC,500,,22.5,22,138,,,,
2025-02-12 10:44:00 UTC,500,,0,22,108,,,,
2025-02-12 09:13:00 UTC,300,,45,22,163,,,,
2025-02-11 22:38:00 UTC,1000,,0,22,137,,,,
2025-02-11 14:07:00 UTC,200,,45,22,124,,,,
2025-02-11 13:08:00 UTC,200,,45,22,109,,,,
2025-02-11 02:05:00 UTC,800,,0,22,124,,,,
2025-02-11 01:48:00 UTC,900,,0,22,133,,,,
2025-02-11 01:11:00 UTC,700,,0,22,123,,,,
2025-02-11 00:56:00 UTC,800,,0,22,136,,,,
2025-02-11 00:11:00 UTC,700,,0,22,135,,,,
2025-02-09 15:37:00 UTC,300,,0,22,123,,,,
2025-02-08 19:08:00 UTC,500,,0,22,125,,,,
2025-02-08 18:12:00 UTC,600,,0,22,125,,,,
2025-02-08 17:33:00 UTC,500,,0,22,122,,,,
2025-02-08 17:29:00 UTC,600,,0,22,125,,,,
2025-02-08 17:24:00 UTC,700,,0,22,128,,,,
2025-02-08 04:05:00 UTC,600,,0,22,129,,,,
2025-02-07 22:41:00 UTC,400,,0,23,133,,,,
2025-02-07 00:18:00 UTC,800,,337.5,22,103,,,,
2025-02-06 19:17:00 UTC,700,,0,22,184,,,,
2025-02-06 18:27:00 UTC,500,,0,22,110,,,,
2025-02-06 18:02:00 UTC,700,,0,22,200,,,,
2025-02-06 17:36:00 UTC,500,,0,22,115,,,,
2025-02-06 16:06:00 UTC,900,,45,22,106,,,,
2025-02-06 14:42:00 UTC,600,,225,22,136,,,,
2025-02-06 12:48:00 UTC,500,,225,23,153,,,,
2025-02-06 00:26:00 UTC,400,,270,22,105,,,,
2025-02-03 10:29:00 UTC,100,,112.5,22,119,,,,
2025-02-01 22:15:00 UTC,600,,45,22,125,,,,
2025-01-31 00:59:00 UTC,500,,90,22,126,,,,
2025-01-30 00:46:00 UTC,500,,0,21,116,,,,
2025-01-30 00:15:00 UTC,600,,45,22,128,,,,
2025-01-29 23:26:00 UTC,700,,225,22,125,,,,
2025-01-29 18:26:00 UTC,500,,67.5,23,145,,,,
2025-01-28 23:24:00 UTC,400,,135,20,101,,,,
2025-01-28 23:05:00 UTC,800,,135,22,102,,,,
2025-01-28 22:37:00 UTC,700,,22.5,22,119,,,,
2025-01-28 21:48:00 UTC,800,,67.5,16,108,,,,
2025-01-28 19:41:00 UTC,1000,,67.5,23,144,,,,
2025-01-28 18:52:00 UTC,1000,,67.5,22,167,,,,
2025-01-28 17:43:00 UTC,700,,45,22,149,,,,
2025-01-28 16:57:00 UTC,1000,,225,22,128,,,,
2025-01-28 12:41:00 UTC,500,,225,22,115,,,,
2025-01-28 12:22:00 UTC,500,,0,22,118,,,,
2025-01-28 01:48:00 UTC,800,,67.5,22,110,,,,
2025-01-28 00:35:00 UTC,800,,67.5,22,119,,,,
2025-01-28 00:11:00 UTC,800,,45,21,124,,,,
2025-01-27 23:20:00 UTC,1000,,112.5,21,181,,,,
2025-01-27 21:53:00 UTC,800,,270,22,189,,,,
2025-01-27 18:09:00 UTC,600,,0,22,119,,,,
2025-01-27 15:29:00 UTC,500,,135,22,190,,,,
2025-01-27 13:40:00 UTC,1200,,157.5,22,130,,,,
2025-01-27 12:30:00 UTC,700,,22.5,22,128,,,,
2025-01-27 12:07:00 UTC,500,,0,13,80,,,,
2025-01-27 09:29:00 UTC,900,,0,22,177,,,,
2025-01-27 08:11:00 UTC,800,,0,22,121,,,,
2025-01-26 22:32:00 UTC,400,,0,20,110,,,,
2025-01-26 22:24:00 UTC,1000,,0,22,123,,,,
2025-01-26 17:59:00 UTC,400,,0,19,84,,,,
2025-01-26 17:24:00 UTC,500,,225,22,116,,,,
2025-01-26 09:00:00 UTC,400,,0,22,108,,,,
2025-01-26 00:33:00 UTC,700,,270,22,123,,,,
2025-01-26 00:30:00 UTC,700,,270,21,124,,,,
2025-01-25 23:39:00 UTC,500,,270,20,89,,,,
2025-01-25 22:37:00 UTC,900,,0,22,128,,,,
2025-01-25 18:40:00 UTC,600,,225,21,101,,,,
2025-01-25 01:23:00 UTC,1000,,225,23,133,,,,
2025-01-24 23:28:00 UTC,700,,225,21,110,,,,
2025-01-24 21:02:00 UTC,500,,225,22,130,,,,
2025-01-24 19:07:00 UTC,500,,225,22,102,,,,
2025-01-24 18:13:00 UTC,700,,225,22,112,,,,
2025-01-24 15:17:00 UTC,600,,247.5,16,99,,,,
2025-01-24 14:15:00 UTC,700,,225,21,134,,,,
2025-01-24 13:41:00 UTC,600,,202.5,22,134,,,,
2025-01-24 12:57:00 UTC,900,,247.5,22,156,,,,
2025-01-24 11:10:00 UTC,700,,225,22,140,,,,
2025-01-24 10:03:00 UTC,500,,225,22,102,,,,
2025-01-24 01:42:00 UTC,700,,225,21,136,,,,
2025-01-24 01:13:00 UTC,900,,225,22,134,,,,
2025-01-23 23:35:00 UTC,800,,247.5,22,126,,,,
2025-01-23 22:15:00 UTC,700,,270,22,154,,,,
2025-01-23 21:12:00 UTC,600,,225,22,148,,,,
2025-01-23 16:11:00 UTC,600,,202.5,22,122,,,,
2025-01-23 14:26:00 UTC,600,,180,22,117,,,,
2025-01-23 12:59:00 UTC,800,,225,21,142,,,,
2025-01-23 09:12:00 UTC,800,,247.5,22,124,,,,
2025-01-23 00:20:00 UTC,600,,67.5,21,118,,,,
2025-01-22 03:42:00 UTC,700,,45,22,140,,,,
2025-01-22 03:20:00 UTC,800,,45,22,128,,,,
2025-01-22 03:02:00 UTC,500,,45,22,108,,,,
2025-01-19 16:33:00 UTC,600,,90,23,138,,,,
2025-01-18 22:15:00 UTC,300,,67.5,23,131,,,,
2025-01-18 18:20:00 UTC,700,,45,22,142,,,,
2025-01-18 17:42:00 UTC,500,,45,21,131,,,,
2025-01-18 00:44:00 UTC,800,,112.5,22,120,,,,
2025-01-17 23:52:00 UTC,500,,90,22,111,,,,
2025-01-17 18:00:00 UTC,500,,45,22,118,,,,
2025-01-17 16:46:00 UTC,700,,22.5,22,159,,,,
2025-01-17 12:24:00 UTC,500,,22.5,21,116,,,,
2025-01-17 12:09:00 UTC,400,,45,22,137,,,,
2025-01-17 10:26:00 UTC,600,,0,22,124,,,,
2025-01-17 01:08:00 UTC,800,,45,22,109,,,,
2025-01-17 00:16:00 UTC,500,,45,21,99,,,,
2025-01-16 19:41:00 UTC,500,,135,22,145,,,,
2025-01-16 17:31:00 UTC,500,,135,22,115,,,,
2025-01-16 16:30:00 UTC,400,,135,20,117,,,,
2025-01-16 13:54:00 UTC,500,,45,22,117,,,,
2025-01-16 02:39:00 UTC,1000,,90,22,140,,,,
2025-01-16 01:40:00 UTC,700,,90,21,103,,,,
2025-01-16 00:06:00 UTC,900,,112.5,22,114,,,,
2025-01-15 23:08:00 UTC,600,,90,20,118,,,,
2025-01-15 22:58:00 UTC,500,,0,21,113,,,,
2025-01-15 22:31:00 UTC,500,,0,20,99,,,,
2025-01-15 22:23:00 UTC,900,,0,22,131,,,,
2025-01-15 00:48:00 UTC,900,,157.5,22,97,,,,
2025-01-15 00:06:00 UTC,900,,157.5,22,110,,,,
2025-01-14 23:43:00 UTC,700,,180,20,99,,,,
2025-01-14 22:24:00 UTC,700,,202.5,22,165,,,,
2025-01-14 18:12:00 UTC,500,,225,22,132,,,,
2025-01-14 00:54:00 UTC,700,,225,22,110,,,,
2025-01-13 23:58:00 UTC,500,,202.5,20,98,,,,
2025-01-13 13:51:00 UTC,500,,202.5,21,136,,,,
2025-01-13 12:46:00 UTC,400,,180,22,132,,,,
2025-01-13 12:26:00 UTC,600,,180,22,103,,,,
2025-01-13 00:43:00 UTC,700,,22.5,21,117,,,,
2025-01-12 23:22:00 UTC,500,,112.5,21,107,,,,
2025-01-12 18:04:00 UTC,700,,157.5,22,127,,,,
2025-01-12 16:33:00 UTC,700,,90,22,117,,,,
2025-01-12 15:13:00 UTC,800,,67.5,21,140,,,,
2025-01-11 21:58:00 UTC,500,,22.5,22,144,,,,
2025-01-11 16:04:00 UTC,700,,67.5,22,126,,,,
2025-01-11 14:09:00 UTC,700,,67.5,21,121,,,,
2025-01-11 13:26:00 UTC,900,,67.5,22,162,,,,
2025-01-11 01:59:00 UTC,500,,45,20,123,,,,
2025-01-11 01:16:00 UTC,500,,45,22,111,,,,
2025-01-11 01:11:00 UTC,300,,22.5,22,75,,,,
2025-01-10 21:31:00 UTC,700,,0,22,118,,,,
2025-01-10 17:11:00 UTC,800,,0,22,129,,,,
2025-01-10 16:47:00 UTC,400,,0,21,105,,,,
2025-01-10 16:40:00 UTC,900,,0,22,128,,,,
2025-01-10 16:01:00 UTC,400,,0,20,88,,,,
2025-01-10 15:56:00 UTC,700,,0,21,110,,,,
2025-01-10 15:10:00 UTC,400,,0,20,92,,,,
2025-01-10 14:10:00 UTC,500,,0,21,101,,,,
2025-01-10 14:02:00 UTC,400,,0,20,89,,,,
2025-01-10 13:47:00 UTC,500,,0,21,99,,,,
2025-01-10 12:38:00 UTC,600,,0,21,108,,,,
2025-01-10 11:18:00 UTC,500,,45,22,125,,,,
2025-01-10 02:53:00 UTC,500,,22.5,22,136,,,,
2025-01-10 01:38:00 UTC,500,,22.5,22,102,,,,
2025-01-10 01:01:00 UTC,400,,0,22,100,,,,
2025-01-09 22:17:00 UTC,700,,22.5,22,190,,,,
2025-01-09 20:06:00 UTC,500,,22.5,22,156,,,,
2025-01-09 18:11:00 UTC,500,,22.5,22,141,,,,
2025-01-09 16:34:00 UTC,800,,45,22,125,,,,
2025-01-09 15:47:00 UTC,700,,22.5,22,126,,,,
2025-01-09 00:28:00 UTC,500,,22.5,22,115,,,,
2025-01-07 23:52:00 UTC,600,,45,22,115,,,,
2025-01-07 20:57:00 UTC,500,,225,22,122,,,,
2025-01-07 19:47:00 UTC,1000,,225,22,165,,,,
2025-01-07 15:46:00 UTC,600,,225,19,85,,,,
2025-01-07 15:41:00 UTC,400,,225,18,62,,,,
2025-01-07 14:31:00 UTC,500,,225,20,76,,,,
2025-01-07 14:07:00 UTC,600,,225,21,117,,,,
2025-01-07 13:52:00 UTC,300,,225,20,65,,,,
2025-01-06 19:06:00 UTC,600,,225,22,130,,,,
2025-01-06 13:19:00 UTC,600,,225,22,189,,,,
2025-01-06 11:50:00 UTC,500,,225,22,150,,,,
2025-01-06 10:54:00 UTC,400,,225,20,97,,,,
2025-01-06 09:42:00 UTC,1200,,225,22,133,,,,
2025-01-05 14:08:00 UTC,500,,0,22,156,,,,
2025-01-05 00:35:00 UTC,400,,0,22,104,,,,
2025-01-05 00:15:00 UTC,500,,0,22,141,,,,
2025-01-04 23:10:00 UTC,800,,0,22,145,,,,
2025-01-04 18:49:00 UTC,500,,22.5,22,120,,,,
2025-01-04 16:01:00 UTC,500,,0,21,99,,,,
2025-01-04 13:15:00 UTC,700,,0,2,122,,,,
2025-01-04 12:27:00 UTC,700,,0,22,127,,,,
2025-01-03 22:39:00 UTC,700,,0,22,128,,,,
2025-01-03 18:48:00 UTC,500,,0,20,101,,,,
2025-01-03 18:08:00 UTC,500,,0,20,99,,,,
2025-01-03 17:33:00 UTC,600,,0,21,110,,,,
2025-01-03 14:50:00 UTC,500,,22.5,22,160,,,,
2025-01-03 05:20:00 UTC,600,,45,22,124,,,,
2025-01-03 01:46:00 UTC,400,,0,19,67,,,,
2025-01-03 01:37:00 UTC,400,,0,19,57,,,,
2025-01-03 00:03:00 UTC,700,,0,21,115,,,,
2025-01-02 23:49:00 UTC,700,,0,22,124,,,,
2025-01-02 23:12:00 UTC,600,,0,21,117,,,,
2025-01-02 23:01:00 UTC,600,,0,21,123,,,,
2025-01-02 22:54:00 UTC,500,,0,22,142,,,,
2025-01-02 17:24:00 UTC,800,,0,22,166,,,,
2025-01-02 14:49:00 UTC,700,,0,22,172,,,,
2025-01-02 13:00:00 UTC,500,,225,22,120,,,,
2025-01-02 10:50:00 UTC,700,,0,22,124,,,,
2025-01-02 01:51:00 UTC,1200,,0,22,129,,,,
2025-01-02 00:57:00 UTC,500,,225,21,99,,,,
2024-12-31 22:20:00 UTC,500,,225,22,127,,,,
2024-12-31 16:47:00 UTC,600,,225,17,125,,,,
2024-12-30 21:34:00 UTC,800,,90,21,125,,,,
2024-12-30 20:02:00 UTC,900,,90,22,164,,,,
2024-12-30 17:58:00 UTC,900,,135,22,168,,,,
2024-12-27 22:21:00 UTC,700,,0,21,125,,,,
2024-12-27 20:06:00 UTC,400,,0,19,66,,,,
2024-12-27 17:40:00 UTC,700,,0,21,117,,,,
2024-12-27 16:04:00 UTC,500,,45,22,150,,,,
2024-12-26 23:04:00 UTC,800,,45,21,135,,,,
2024-12-26 05:21:00 UTC,800,,90,21,131,,,,
2024-12-25 23:19:00 UTC,1000,,45,22,128,,,,
2024-12-25 22:27:00 UTC,1100,,0,22,128,,,,
2024-12-25 21:58:00 UTC,600,,0,21,101,,,,
2024-12-25 16:57:00 UTC,800,,225,21,99,,,,
2024-12-25 16:54:00 UTC,400,,225,20,78,,,,
2024-12-25 15:02:00 UTC,900,,225,2,126,,,,
2024-12-25 13:07:00 UTC,700,,225,22,121,,,,
2024-12-25 13:02:00 UTC,500,,225,21,88,,,,
2024-12-25 10:29:00 UTC,800,,225,21,113,,,,
2024-12-25 09:48:00 UTC,1500,,45,22,120,,,,
2024-12-24 23:37:00 UTC,800,,22.5,22,108,,,,
2024-12-24 23:22:00 UTC,700,,45,20,103,,,,
2024-12-24 22:35:00 UTC,900,,90,22,123,,,,
2024-12-24 21:31:00 UTC,1000,,135,22,265,,,,
2024-12-24 19:27:00 UTC,1000,,45,22,217,,,,
2024-12-24 18:00:00 UTC,800,,45,22,133,,,,
2024-12-24 16:55:00 UTC,1000,,0,23,119,,,,
2024-12-24 12:55:00 UTC,900,,135,23,139,,,,
2024-12-24 10:41:00 UTC,800,,225,21,101,,,,
2024-12-24 10:09:00 UTC,700,,247.5,21,127,,,,
2024-12-24 06:44:00 UTC,700,,247.5,21,113,,,,
2024-12-23 21:44:00 UTC,900,,337.5,22,145,,,,
2024-12-23 18:19:00 UTC,700,,337.5,21,141,,,,
2024-12-23 17:09:00 UTC,900,,315,22,150,,,,
2024-12-23 15:53:00 UTC,1000,,225,22,123,,,,
2024-12-23 15:27:00 UTC,600,,270,22,125,,,,
2024-12-23 12:28:00 UTC,500,,315,21,127,,,,
2024-12-23 11:04:00 UTC,500,,292.5,21,124,,,,
2024-12-23 00:58:00 UTC,500,,337.5,22,124,,,,
2024-12-22 21:58:00 UTC,1000,,22.5,22,115,,,,
2024-12-22 20:19:00 UTC,800,,292.5,22,129,,,,
2024-12-22 19:47:00 UTC,700,,292.5,22,134,,,,
2024-12-22 18:32:00 UTC,600,,270,22,129,,,,
2024-12-22 16:01:00 UTC,600,,315,21,146,,,,
2024-12-22 15:16:00 UTC,700,,315,21,127,,,,
2024-12-22 14:24:00 UTC,500,,315,21,118,,,,
2024-12-21 00:23:00 UTC,700,,157.5,21,113,,,,
2024-12-20 23:48:00 UTC,700,,45,21,105,,,,
2024-12-19 14:21:00 UTC,500,,45,22,110,,,,
2024-12-18 22:17:00 UTC,900,,45,22,135,,,,
2024-12-18 20:48:00 UTC,800,,22.5,22,146,,,,
2024-12-18 20:39:00 UTC,700,,45,21,131,,,,
2024-12-18 10:27:00 UTC,600,,45,20,113,,,,
2024-12-18 09:30:00 UTC,800,,67.5,22,131,,,,
2024-12-17 21:02:00 UTC,400,,45,20,149,,,,
2024-12-16 23:09:00 UTC,1000,,45,22,135,,,,
2024-12-16 22:11:00 UTC,700,,45,21,122,,,,
2024-12-16 21:21:00 UTC,400,,45,20,127,,,,
2024-12-14 23:10:00 UTC,1000,,45,22,162,,,,
2024-12-14 22:18:00 UTC,900,,45,22,133,,,,
2024-12-14 22:01:00 UTC,400,,45,15,89,,,,
2024-12-14 20:44:00 UTC,1000,,90,22,130,,,,
2024-12-14 20:38:00 UTC,500,,45,22,154,,,,
2024-12-14 20:06:00 UTC,300,,45,22,148,,,,
2024-12-14 16:01:00 UTC,600,,45,20,117,,,,
2024-12-14 15:21:00 UTC,500,,45,20,131,,,,
2024-12-14 12:47:00 UTC,700,,45,20,122,,,,
2024-12-14 12:14:00 UTC,700,,45,20,122,,,,
2024-12-14 11:16:00 UTC,900,,67.5,22,152,,,,
2024-12-14 09:38:00 UTC,900,,270,22,154,,,,
2024-12-13 23:48:00 UTC,700,,67.5,22,140,,,,
2024-12-13 21:44:00 UTC,900,,157.5,22,113,,,,
2024-12-13 20:54:00 UTC,800,,0,22,125,,,,
2024-12-13 20:27:00 UTC,800,,0,22,92,,,,
2024-12-13 19:39:00 UTC,700,,67.5,22,125,,,,
2024-12-13 16:55:00 UTC,700,,22.5,22,106,,,,
2024-12-13 16:13:00 UTC,700,,112.5,21,109,,,,
2024-12-13 14:47:00 UTC,800,,112.5,20,107,,,,
2024-12-13 11:18:00 UTC,500,,45,21,144,,,,
2024-12-13 09:19:00 UTC,500,,45,22,123,,,,
2024-12-13 00:41:00 UTC,500,,45,20,90,,,,
2024-12-12 20:41:00 UTC,600,,22.5,22,165,,,,
2024-12-12 19:07:00 UTC,500,,22.5,22,117,,,,
2024-12-07 01:27:00 UTC,600,,45,22,116,,,,
2024-12-07 01:04:00 UTC,700,,45,22,121,,,,
2024-12-06 23:06:00 UTC,800,,45,22,118,,,,
2024-12-06 21:47:00 UTC,300,,270,14,134,,,,
2024-12-06 16:17:00 UTC,700,,337.5,22,129,,,,
2024-12-06 13:29:00 UTC,800,,180,22,116,,,,
2024-12-06 12:44:00 UTC,500,,225,21,109,,,,
2024-12-05 22:36:00 UTC,600,,225,21,102,,,,
2024-12-05 22:25:00 UTC,400,,225,19,75,,,,
2024-12-05 22:21:00 UTC,500,,225,20,84,,,,
2024-12-05 22:17:00 UTC,600,,225,21,110,,,,
2024-12-05 20:19:00 UTC,500,,180,22,150,,,,
2024-12-05 18:00:00 UTC,500,,202.5,22,115,,,,
2024-12-05 16:57:00 UTC,600,,225,22,115,,,,
2024-12-05 14:09:00 UTC,300,,225,21,96,,,,
2024-12-05 13:59:00 UTC,400,,225,21,98,,,,
2024-12-05 00:05:00 UTC,500,,270,22,113,,,,
2024-12-04 22:07:00 UTC,700,,225,22,125,,,,
2024-12-04 20:16:00 UTC,500,,0,22,115,,,,
2024-12-04 17:45:00 UTC,500,,247.5,22,119,,,,
2024-12-04 17:19:00 UTC,500,,270,22,146,,,,
2024-12-04 16:37:00 UTC,900,,270,22,118,,,,
2024-12-04 15:25:00 UTC,800,,270,22,106,,,,
2024-12-04 12:40:00 UTC,600,,270,22,124,,,,
2024-12-04 11:41:00 UTC,500,,270,22,118,,,,
2024-12-04 11:24:00 UTC,500,,270,22,132,,,,
2024-12-04 11:11:00 UTC,700,,270,22,132,,,,
2024-12-04 02:51:00 UTC,500,,270,22,120,,,,
2024-12-04 00:14:00 UTC,400,,225,22,100,,,,
2024-12-03 22:46:00 UTC,900,,225,22,122,,,,
